state,age_group,disability_type,support_class,participant_count,average_support_budget,utilisation_rate,active_provider_count,payment_amount,participant_to_provider_ratio,utilisation_gap,payment_per_participant,access_gap_score,access_risk,payment_participant_count
ACT,0 to 8,ABI,Capacity Building,10,19000,58.0,8,0,1.25,42.0,0,0.3605,Low Risk,10.0
ACT,0 to 8,ABI,Core,10,83000,76.0,6,0,1.6667,24.0,0,0.3045,Low Risk,10.0
ACT,0 to 8,Autism,Capacity Building,808,23000,67.0,28,11131000,28.8571,33.0,13776,0.6678,High Risk,780.0
ACT,0 to 8,Autism,Capital,29,5000,70.0,15,83000,1.9333,30.0,2862,0.2088,Low Risk,16.0
ACT,0 to 8,Autism,Core,739,5000,88.0,2,4441000,369.5,12.0,6009,0.4718,Medium Risk,441.0
ACT,0 to 8,Cerebral Palsy,Capacity Building,29,27000,61.0,2,590000,14.5,39.0,20345,0.6814,High Risk,29.0
ACT,0 to 8,Cerebral Palsy,Capital,21,22000,38.0,2,303000,10.5,62.0,14429,0.7079,High Risk,20.0
ACT,0 to 8,Cerebral Palsy,Core,29,5000,29.0,2,550000,14.5,71.0,18966,0.6728,High Risk,26.0
ACT,0 to 8,Developmental Delay,Capacity Building,1085,20000,58.0,22,10704000,49.3182,42.0,9865,0.7594,High Risk,1172.0
ACT,0 to 8,Developmental Delay,Capital,40,15000,100.0,12,354000,3.3333,0.0,8850,0.1337,Low Risk,26.0
ACT,0 to 8,Developmental Delay,Core,986,1000,64.0,1,1039000,986.0,36.0,1054,0.652,High Risk,401.0
ACT,0 to 8,Down Syndrome,Capacity Building,29,27000,73.0,2,362000,14.5,27.0,12483,0.5734,High Risk,20.0
ACT,0 to 8,Down Syndrome,Capital,10,19000,81.5,2,0,5.0,18.5,0,0.2591,Low Risk,10.0
ACT,0 to 8,Down Syndrome,Core,21,11000,90.0,1,435000,21.0,10.0,20714,0.4005,Low Risk,18.0
ACT,0 to 8,Global Developmental Delay,Capacity Building,269,22000,70.0,13,3150000,20.6923,30.0,11710,0.6051,High Risk,251.0
ACT,0 to 8,Global Developmental Delay,Capital,23,15000,100.0,13,181000,1.7692,0.0,7870,0.0898,Low Risk,16.0
ACT,0 to 8,Global Developmental Delay,Core,256,7000,58.0,13,650000,19.6923,42.0,2539,0.6341,High Risk,105.0
ACT,0 to 8,Hearing Impairment,Capacity Building,86,17000,49.0,3,592000,28.6667,51.0,6884,0.7503,High Risk,83.0
ACT,0 to 8,Hearing Impairment,Capital,10,9500,39.0,2,0,5.0,61.0,0,0.5017,Medium Risk,
ACT,0 to 8,Hearing Impairment,Core,86,2000,29.0,1,54000,86.0,71.0,628,0.7766,High Risk,35.0
ACT,0 to 8,Intellectual Disability,Capacity Building,66,28000,71.0,10,1159000,6.6,29.0,17561,0.458,Medium Risk,64.0
ACT,0 to 8,Intellectual Disability,Capital,23,11000,54.0,10,98000,2.3,46.0,4261,0.3737,Low Risk,16.0
ACT,0 to 8,Intellectual Disability,Core,59,18000,70.0,10,846000,5.9,30.0,14339,0.3826,Low Risk,45.0
ACT,0 to 8,Other,Capacity Building,20,22000,53.0,8,229000,2.5,47.0,11450,0.4566,Medium Risk,21.0
ACT,0 to 8,Other,Capital,10,12500,57.5,1,0,10.0,42.5,0,0.5654,Medium Risk,10.0
ACT,0 to 8,Other,Core,21,3000,62.0,6,0,3.5,38.0,0,0.3296,Low Risk,10.0
ACT,0 to 8,Other Neurological,Capacity Building,20,22000,47.0,3,132000,6.6667,53.0,6600,0.6046,High Risk,11.0
ACT,0 to 8,Other Neurological,Capital,10,18500,45.5,1,0,10.0,54.5,0,0.6426,High Risk,10.0
ACT,0 to 8,Other Neurological,Core,12,15000,44.0,2,0,6.0,56.0,0,0.5433,Medium Risk,10.0
ACT,0 to 8,Other Physical,Capacity Building,10,19000,58.0,8,0,1.25,42.0,0,0.3605,Low Risk,10.0
ACT,0 to 8,Other Physical,Capital,10,19000,60.0,1,0,10.0,40.0,0,0.5712,High Risk,10.0
ACT,0 to 8,Other Physical,Core,10,83000,76.0,6,0,1.6667,24.0,0,0.3045,Low Risk,10.0
ACT,0 to 8,Other Sensory/Speech,Capacity Building,10,19000,58.0,8,0,1.25,42.0,0,0.3605,Low Risk,10.0
ACT,0 to 8,Other Sensory/Speech,Core,10,83000,76.0,6,0,1.6667,24.0,0,0.3045,Low Risk,
ACT,0 to 8,Stroke,Capacity Building,10,19000,58.0,8,0,1.25,42.0,0,0.3605,Low Risk,10.0
ACT,0 to 8,Stroke,Core,10,83000,76.0,6,0,1.6667,24.0,0,0.3045,Low Risk,
ACT,0 to 8,Visual Impairment,Capacity Building,10,19000,58.0,2,0,5.0,42.0,0,0.4772,Medium Risk,10.0
ACT,0 to 8,Visual Impairment,Capital,10,19000,60.0,2,0,5.0,40.0,0,0.4566,Medium Risk,10.0
ACT,0 to 8,Visual Impairment,Core,10,83000,76.0,2,0,5.0,24.0,0,0.4079,Low Risk,10.0
ACT,15 to 18,ABI,Capacity Building,10,19000,58.0,1,0,10.0,42.0,0,0.5918,High Risk,10.0
ACT,15 to 18,ABI,Capital,10,19000,60.0,1,0,10.0,40.0,0,0.5712,High Risk,10.0
ACT,15 to 18,ABI,Core,10,83000,76.0,1,0,10.0,24.0,0,0.5224,Medium Risk,10.0
ACT,15 to 18,Autism,Capacity Building,891,18000,46.0,41,6717000,21.7317,54.0,7539,0.7419,High Risk,812.0
ACT,15 to 18,Autism,Capital,22,9000,100.0,1,0,22.0,0.0,0,0.3891,Low Risk,10.0
ACT,15 to 18,Autism,Core,632,24000,72.0,5,11779000,126.4,28.0,18638,0.6821,High Risk,428.0
ACT,15 to 18,Cerebral Palsy,Capacity Building,31,22000,62.0,6,426000,5.1667,38.0,13742,0.4802,Medium Risk,28.0
ACT,15 to 18,Cerebral Palsy,Capital,22,22000,72.0,6,263000,3.6667,28.0,11955,0.3339,Low Risk,15.0
ACT,15 to 18,Cerebral Palsy,Core,28,70000,92.0,6,2384000,4.6667,8.0,85143,0.2929,Low Risk,22.0
ACT,15 to 18,Down Syndrome,Capacity Building,16,20000,76.0,2,208000,8.0,24.0,13000,0.3953,Low Risk,16.0
ACT,15 to 18,Down Syndrome,Capital,10,28000,81.5,2,0,5.0,18.5,0,0.3199,Low Risk,10.0
ACT,15 to 18,Down Syndrome,Core,16,36000,87.0,1,579000,16.0,13.0,36188,0.497,Medium Risk,16.0
ACT,15 to 18,Hearing Impairment,Capacity Building,46,7000,30.0,1,102000,46.0,70.0,2217,0.7697,High Risk,28.0
ACT,15 to 18,Hearing Impairment,Capital,10,4500,34.5,1,0,10.0,65.5,0,0.6074,High Risk,10.0
ACT,15 to 18,Hearing Impairment,Core,44,2000,39.0,1,38000,44.0,61.0,864,0.7499,High Risk,16.0
ACT,15 to 18,Intellectual Disability,Capacity Building,190,22000,55.0,33,2071000,5.7576,45.0,10900,0.5536,Medium Risk,180.0
ACT,15 to 18,Intellectual Disability,Capital,16,17000,35.0,18,0,0.8889,65.0,0,0.4071,Low Risk,10.0
ACT,15 to 18,Intellectual Disability,Core,153,33000,65.0,3,3798000,51.0,35.0,24824,0.75,High Risk,121.0
ACT,15 to 18,Other,Capacity Building,10,19000,58.0,8,0,1.25,42.0,0,0.3605,Low Risk,10.0
ACT,15 to 18,Other,Core,10,83000,76.0,6,0,1.6667,24.0,0,0.3045,Low Risk,10.0
ACT,15 to 18,Other Neurological,Capacity Building,17,19000,49.0,3,129000,5.6667,51.0,7588,0.5486,Medium Risk,16.0
ACT,15 to 18,Other Neurological,Capital,10,21000,68.5,3,0,3.3333,31.5,0,0.3411,Low Risk,10.0
ACT,15 to 18,Other Neurological,Core,21,23000,88.0,3,472000,7.0,12.0,22476,0.3208,Low Risk,12.0
ACT,15 to 18,Other Physical,Capacity Building,25,13000,33.0,8,95000,3.125,67.0,3800,0.4576,Medium Risk,24.0
ACT,15 to 18,Other Physical,Capital,10,9000,36.5,1,0,10.0,63.5,0,0.6183,High Risk,10.0
ACT,15 to 18,Other Physical,Core,28,5000,40.0,6,72000,4.6667,60.0,2571,0.4704,Medium Risk,14.0
ACT,15 to 18,Other Sensory/Speech,Capacity Building,10,19000,58.0,1,0,10.0,42.0,0,0.5918,High Risk,10.0
ACT,15 to 18,Other Sensory/Speech,Capital,10,19000,60.0,1,0,10.0,40.0,0,0.5712,High Risk,10.0
ACT,15 to 18,Other Sensory/Speech,Core,10,83000,76.0,1,0,10.0,24.0,0,0.5224,Medium Risk,10.0
ACT,15 to 18,Psychosocial Disability,Capacity Building,10,19000,50.0,3,0,3.3333,50.0,0,0.465,Medium Risk,10.0
ACT,15 to 18,Psychosocial Disability,Core,10,83000,50.0,3,0,3.3333,50.0,0,0.5602,Medium Risk,10.0
ACT,15 to 18,Spinal Cord Injury,Capacity Building,10,19000,58.0,8,0,1.25,42.0,0,0.3605,Low Risk,10.0
ACT,15 to 18,Spinal Cord Injury,Capital,10,19000,60.0,1,0,10.0,40.0,0,0.5712,High Risk,10.0
ACT,15 to 18,Spinal Cord Injury,Core,10,83000,76.0,6,0,1.6667,24.0,0,0.3045,Low Risk,10.0
ACT,15 to 18,Visual Impairment,Capacity Building,10,19000,58.0,8,0,1.25,42.0,0,0.3605,Low Risk,10.0
ACT,15 to 18,Visual Impairment,Capital,10,19000,60.0,1,0,10.0,40.0,0,0.5712,High Risk,10.0
ACT,15 to 18,Visual Impairment,Core,10,83000,76.0,6,0,1.6667,24.0,0,0.3045,Low Risk,10.0
ACT,19 to 24,ABI,Capacity Building,12,27000,47.0,3,150000,4.0,53.0,12500,0.5526,Medium Risk,12.0
ACT,19 to 24,ABI,Capital,10,81000,53.5,1,0,10.0,46.5,0,0.7108,High Risk,10.0
ACT,19 to 24,ABI,Core,11,135000,60.0,1,920000,11.0,40.0,83636,0.7085,High Risk,11.0
ACT,19 to 24,Autism,Capacity Building,747,21000,43.0,54,6956000,13.8333,57.0,9312,0.7306,High Risk,678.0
ACT,19 to 24,Autism,Capital,25,10000,73.0,1,0,25.0,27.0,0,0.5318,Medium Risk,10.0
ACT,19 to 24,Autism,Core,621,48000,76.0,14,21912000,44.3571,24.0,35285,0.6624,High Risk,525.0
ACT,19 to 24,Cerebral Palsy,Capacity Building,52,21000,46.0,9,560000,5.7778,54.0,10769,0.5823,High Risk,50.0
ACT,19 to 24,Cerebral Palsy,Capital,30,19000,73.0,6,124000,5.0,27.0,4133,0.3403,Low Risk,16.0
ACT,19 to 24,Cerebral Palsy,Core,49,91000,91.0,2,3838000,24.5,9.0,78327,0.5563,Medium Risk,39.0
ACT,19 to 24,Down Syndrome,Capacity Building,35,33000,66.0,8,639000,4.375,34.0,18257,0.4443,Medium Risk,29.0
ACT,19 to 24,Down Syndrome,Capital,10,79000,67.0,5,0,2.0,33.0,0,0.3856,Low Risk,10.0
ACT,19 to 24,Down Syndrome,Core,29,125000,68.0,2,2372000,14.5,32.0,81793,0.6664,High Risk,29.0
ACT,19 to 24,Hearing Impairment,Capacity Building,41,8000,39.0,8,90000,5.125,61.0,2195,0.5085,Medium Risk,20.0
ACT,19 to 24,Hearing Impairment,Capital,10,6000,45.5,1,0,10.0,54.5,0,0.5933,High Risk,10.0
ACT,19 to 24,Hearing Impairment,Core,44,4000,52.0,6,70000,7.3333,48.0,1591,0.5126,Medium Risk,16.0
ACT,19 to 24,Intellectual Disability,Capacity Building,227,26000,50.0,33,3035000,6.8788,50.0,13370,0.6236,High Risk,214.0
ACT,19 to 24,Intellectual Disability,Capital,20,11000,28.0,1,0,20.0,72.0,0,0.7265,High Risk,10.0
ACT,19 to 24,Intellectual Disability,Core,194,95000,80.0,9,14507000,21.5556,20.0,74778,0.5971,High Risk,181.0
ACT,19 to 24,Multiple Sclerosis,Capacity Building,10,19000,58.0,8,0,1.25,42.0,0,0.3605,Low Risk,10.0
ACT,19 to 24,Multiple Sclerosis,Core,10,83000,76.0,6,0,1.6667,24.0,0,0.3045,Low Risk,10.0
ACT,19 to 24,Other,Capacity Building,10,19000,58.0,1,0,10.0,42.0,0,0.5918,High Risk,10.0
ACT,19 to 24,Other,Capital,10,19000,60.0,1,0,10.0,40.0,0,0.5712,High Risk,
ACT,19 to 24,Other,Core,10,83000,76.0,1,0,10.0,24.0,0,0.5224,Medium Risk,10.0
ACT,19 to 24,Other Neurological,Capacity Building,26,21000,53.0,3,198000,8.6667,47.0,7615,0.6111,High Risk,17.0
ACT,19 to 24,Other Neurological,Capital,10,53500,45.5,1,0,10.0,54.5,0,0.7327,High Risk,10.0
ACT,19 to 24,Other Neurological,Core,18,86000,38.0,2,0,9.0,62.0,0,0.7351,High Risk,10.0
ACT,19 to 24,Other Physical,Capacity Building,21,11000,35.0,8,76000,2.625,65.0,3619,0.437,Medium Risk,17.0
ACT,19 to 24,Other Physical,Capital,10,12500,37.5,1,0,10.0,62.5,0,0.6282,High Risk,10.0
ACT,19 to 24,Other Physical,Core,21,14000,40.0,6,97000,3.5,60.0,4619,0.467,Medium Risk,14.0
ACT,19 to 24,Other Sensory/Speech,Capacity Building,10,19000,58.0,8,0,1.25,42.0,0,0.3605,Low Risk,10.0
ACT,19 to 24,Other Sensory/Speech,Core,10,83000,76.0,6,0,1.6667,24.0,0,0.3045,Low Risk,10.0
ACT,19 to 24,Psychosocial Disability,Capacity Building,28,22000,40.0,5,229000,5.6,60.0,8179,0.5975,High Risk,23.0
ACT,19 to 24,Psychosocial Disability,Core,22,86000,70.0,2,1522000,11.0,30.0,69182,0.5982,High Risk,19.0
ACT,19 to 24,Spinal Cord Injury,Capacity Building,10,19000,58.0,1,0,10.0,42.0,0,0.5918,High Risk,10.0
ACT,19 to 24,Spinal Cord Injury,Capital,10,19000,60.0,1,0,10.0,40.0,0,0.5712,High Risk,10.0
ACT,19 to 24,Spinal Cord Injury,Core,10,83000,76.0,1,0,10.0,24.0,0,0.5224,Medium Risk,10.0
ACT,19 to 24,Stroke,Capacity Building,10,19000,58.0,8,0,1.25,42.0,0,0.3605,Low Risk,10.0
ACT,19 to 24,Stroke,Capital,10,19000,60.0,1,0,10.0,40.0,0,0.5712,High Risk,10.0
ACT,19 to 24,Stroke,Core,10,83000,76.0,6,0,1.6667,24.0,0,0.3045,Low Risk,10.0
ACT,19 to 24,Visual Impairment,Capacity Building,17,11000,53.0,4,90000,4.25,47.0,5294,0.4392,Medium Risk,12.0
ACT,19 to 24,Visual Impairment,Capital,10,15500,56.5,3,0,3.3333,43.5,0,0.4105,Low Risk,10.0
ACT,19 to 24,Visual Impairment,Core,16,20000,60.0,2,171000,8.0,40.0,10688,0.5393,Medium Risk,16.0
ACT,25 to 34,ABI,Capacity Building,31,48000,78.0,11,843000,2.8182,22.0,27194,0.3066,Low Risk,22.0
ACT,25 to 34,ABI,Capital,15,14000,89.0,8,0,1.875,11.0,0,0.1009,Low Risk,10.0
ACT,25 to 34,ABI,Core,24,132000,79.0,6,2537000,4.0,21.0,105708,0.3633,Low Risk,25.0
ACT,25 to 34,Autism,Capacity Building,574,16000,47.0,50,4237000,11.48,53.0,7382,0.6505,High Risk,506.0
ACT,25 to 34,Autism,Capital,16,8000,16.0,38,0,0.4211,84.0,0,0.3727,Low Risk,10.0
ACT,25 to 34,Autism,Core,512,61000,75.0,25,23641000,20.48,25.0,46174,0.6233,High Risk,449.0
ACT,25 to 34,Cerebral Palsy,Capacity Building,64,20000,57.0,16,767000,4.0,43.0,11984,0.4636,Medium Risk,62.0
ACT,25 to 34,Cerebral Palsy,Capital,43,21000,71.0,4,486000,10.75,29.0,11302,0.5093,Medium Risk,31.0
ACT,25 to 34,Cerebral Palsy,Core,64,168000,91.0,5,9865000,12.8,9.0,154141,0.504,Medium Risk,62.0
ACT,25 to 34,Down Syndrome,Capacity Building,50,17000,64.0,17,450000,2.9412,36.0,9000,0.3317,Low Risk,46.0
ACT,25 to 34,Down Syndrome,Capital,10,79000,71.5,1,0,10.0,28.5,0,0.5569,Medium Risk,10.0
ACT,25 to 34,Down Syndrome,Core,47,141000,79.0,8,5035000,5.875,21.0,107128,0.429,Low Risk,47.0
ACT,25 to 34,Hearing Impairment,Capacity Building,47,4000,25.0,1,45000,47.0,75.0,957,0.7668,High Risk,27.0
ACT,25 to 34,Hearing Impairment,Capital,18,7000,97.0,1,0,18.0,3.0,0,0.3648,Low Risk,10.0
ACT,25 to 34,Hearing Impairment,Core,58,4000,30.0,1,79000,58.0,70.0,1362,0.771,High Risk,29.0
ACT,25 to 34,Intellectual Disability,Capacity Building,231,20000,61.0,40,2781000,5.775,39.0,12039,0.4877,Medium Risk,211.0
ACT,25 to 34,Intellectual Disability,Capital,45,17000,53.0,2,124000,22.5,47.0,2756,0.7137,High Risk,17.0
ACT,25 to 34,Intellectual Disability,Core,222,134000,86.0,28,26221000,7.9286,14.0,118113,0.4201,Low Risk,219.0
ACT,25 to 34,Multiple Sclerosis,Capacity Building,21,13000,49.0,1,70000,21.0,51.0,3333,0.7061,High Risk,12.0
ACT,25 to 34,Multiple Sclerosis,Capital,10,14500,44.0,1,0,10.0,56.0,0,0.6242,High Risk,
ACT,25 to 34,Multiple Sclerosis,Core,21,16000,39.0,1,73000,21.0,61.0,3476,0.7397,High Risk,12.0
ACT,25 to 34,Other,Capacity Building,10,19000,58.0,8,0,1.25,42.0,0,0.3605,Low Risk,10.0
ACT,25 to 34,Other,Capital,10,19000,60.0,1,0,10.0,40.0,0,0.5712,High Risk,10.0
ACT,25 to 34,Other,Core,10,83000,76.0,6,0,1.6667,24.0,0,0.3045,Low Risk,10.0
ACT,25 to 34,Other Neurological,Capacity Building,28,23000,58.0,3,226000,9.3333,42.0,8071,0.6088,High Risk,19.0
ACT,25 to 34,Other Neurological,Capital,10,56500,69.5,1,0,10.0,30.5,0,0.5658,Medium Risk,10.0
ACT,25 to 34,Other Neurological,Core,20,90000,81.0,2,1586000,10.0,19.0,79300,0.4817,Medium Risk,18.0
ACT,25 to 34,Other Physical,Capacity Building,43,12000,48.0,4,266000,10.75,52.0,6186,0.6252,High Risk,34.0
ACT,25 to 34,Other Physical,Capital,18,23000,78.0,3,0,6.0,22.0,0,0.3617,Low Risk,10.0
ACT,25 to 34,Other Physical,Core,39,42000,68.0,4,1002000,9.75,32.0,25692,0.5599,Medium Risk,34.0
ACT,25 to 34,Other Sensory/Speech,Capacity Building,10,19000,58.0,8,0,1.25,42.0,0,0.3605,Low Risk,10.0
ACT,25 to 34,Other Sensory/Speech,Core,10,83000,76.0,6,0,1.6667,24.0,0,0.3045,Low Risk,10.0
ACT,25 to 34,Psychosocial Disability,Capacity Building,142,24000,56.0,39,1838000,3.641,44.0,12944,0.4923,Medium Risk,133.0
ACT,25 to 34,Psychosocial Disability,Capital,10,64000,64.0,26,0,0.3846,36.0,0,0.3619,Low Risk,10.0
ACT,25 to 34,Psychosocial Disability,Core,147,104000,72.0,13,10737000,11.3077,28.0,73041,0.5938,High Risk,129.0
ACT,25 to 34,Spinal Cord Injury,Capacity Building,10,19000,58.0,3,0,3.3333,42.0,0,0.423,Low Risk,10.0
ACT,25 to 34,Spinal Cord Injury,Capital,10,19000,60.0,3,0,3.3333,40.0,0,0.4024,Low Risk,10.0
ACT,25 to 34,Spinal Cord Injury,Core,10,83000,76.0,3,0,3.3333,24.0,0,0.3537,Low Risk,10.0
ACT,25 to 34,Stroke,Capacity Building,10,19000,58.0,8,0,1.25,42.0,0,0.3605,Low Risk,10.0
ACT,25 to 34,Stroke,Capital,10,19000,60.0,1,0,10.0,40.0,0,0.5712,High Risk,10.0
ACT,25 to 34,Stroke,Core,10,83000,76.0,6,0,1.6667,24.0,0,0.3045,Low Risk,10.0
ACT,25 to 34,Visual Impairment,Capacity Building,27,8000,36.0,2,48000,13.5,64.0,1778,0.6687,High Risk,14.0
ACT,25 to 34,Visual Impairment,Capital,10,24000,52.0,2,0,5.0,48.0,0,0.5567,Medium Risk,
ACT,25 to 34,Visual Impairment,Core,19,40000,68.0,2,531000,9.5,32.0,27947,0.5549,Medium Risk,19.0
ACT,35 to 44,ABI,Capacity Building,42,21000,64.0,18,505000,2.3333,36.0,12024,0.348,Low Risk,42.0
ACT,35 to 44,ABI,Capital,14,38000,72.0,3,357000,4.6667,28.0,25500,0.4084,Low Risk,11.0
ACT,35 to 44,ABI,Core,43,169000,92.0,8,6704000,5.375,8.0,155907,0.3621,Low Risk,41.0
ACT,35 to 44,Autism,Capacity Building,209,15000,54.0,27,1630000,7.7407,46.0,7799,0.5423,Medium Risk,188.0
ACT,35 to 44,Autism,Capital,22,7000,7.0,20,0,1.1,93.0,0,0.3859,Low Risk,10.0
ACT,35 to 44,Autism,Core,193,85000,89.0,14,14713000,13.7857,11.0,76233,0.4954,Medium Risk,170.0
ACT,35 to 44,Cerebral Palsy,Capacity Building,33,18000,67.0,14,418000,2.3571,33.0,12667,0.2918,Low Risk,31.0
ACT,35 to 44,Cerebral Palsy,Capital,22,23000,65.0,1,238000,22.0,35.0,10818,0.6615,High Risk,14.0
ACT,35 to 44,Cerebral Palsy,Core,33,187000,91.0,4,5141000,8.25,9.0,155788,0.4244,Low Risk,32.0
ACT,35 to 44,Down Syndrome,Capacity Building,41,19000,54.0,13,391000,3.1538,46.0,9537,0.4398,Medium Risk,33.0
ACT,35 to 44,Down Syndrome,Capital,10,87000,68.0,9,0,1.1111,32.0,0,0.3561,Low Risk,
ACT,35 to 44,Down Syndrome,Core,36,155000,82.0,5,4276000,7.2,18.0,118778,0.4328,Medium Risk,36.0
ACT,35 to 44,Hearing Impairment,Capacity Building,47,4000,43.0,1,86000,47.0,57.0,1830,0.7498,High Risk,33.0
ACT,35 to 44,Hearing Impairment,Capital,22,9000,58.0,2,0,11.0,42.0,0,0.5702,High Risk,10.0
ACT,35 to 44,Hearing Impairment,Core,51,8000,66.0,2,268000,25.5,34.0,5255,0.5822,High Risk,32.0
ACT,35 to 44,Intellectual Disability,Capacity Building,135,20000,64.0,38,1708000,3.5526,36.0,12652,0.3786,Low Risk,130.0
ACT,35 to 44,Intellectual Disability,Capital,35,19000,27.0,4,268000,8.75,73.0,7657,0.6401,High Risk,17.0
ACT,35 to 44,Intellectual Disability,Core,136,161000,91.0,30,20368000,4.5333,9.0,149765,0.3232,Low Risk,135.0
ACT,35 to 44,Multiple Sclerosis,Capacity Building,43,16000,74.0,4,413000,10.75,26.0,9605,0.4446,Medium Risk,34.0
ACT,35 to 44,Multiple Sclerosis,Capital,27,7000,20.0,3,0,9.0,80.0,0,0.5956,High Risk,10.0
ACT,35 to 44,Multiple Sclerosis,Core,35,62000,99.0,2,2560000,17.5,1.0,73143,0.5005,Medium Risk,33.0
ACT,35 to 44,Other,Capacity Building,20,16000,55.0,1,202000,20.0,45.0,10100,0.6851,High Risk,18.0
ACT,35 to 44,Other,Capital,13,45000,26.0,1,0,13.0,74.0,0,0.8001,High Risk,10.0
ACT,35 to 44,Other,Core,19,101000,76.0,1,1338000,19.0,24.0,70421,0.6223,High Risk,16.0
ACT,35 to 44,Other Neurological,Capacity Building,30,22000,84.0,5,475000,6.0,16.0,15833,0.3069,Low Risk,29.0
ACT,35 to 44,Other Neurological,Capital,20,21000,79.0,1,306000,20.0,21.0,15300,0.5163,Medium Risk,14.0
ACT,35 to 44,Other Neurological,Core,29,164000,89.0,3,3840000,9.6667,11.0,132414,0.4486,Medium Risk,29.0
ACT,35 to 44,Other Physical,Capacity Building,44,13000,63.0,6,359000,7.3333,37.0,8159,0.452,Medium Risk,39.0
ACT,35 to 44,Other Physical,Capital,26,32000,39.0,1,282000,26.0,61.0,10846,0.8529,High Risk,16.0
ACT,35 to 44,Other Physical,Core,46,72000,81.0,2,2691000,23.0,19.0,58500,0.5807,High Risk,46.0
ACT,35 to 44,Other Sensory/Speech,Capacity Building,10,19000,58.0,8,0,1.25,42.0,0,0.3605,Low Risk,
ACT,35 to 44,Other Sensory/Speech,Core,10,83000,76.0,6,0,1.6667,24.0,0,0.3045,Low Risk,10.0
ACT,35 to 44,Psychosocial Disability,Capacity Building,239,21000,52.0,53,2696000,4.5094,48.0,11280,0.5135,Medium Risk,237.0
ACT,35 to 44,Psychosocial Disability,Capital,10,59000,63.0,36,0,0.2778,37.0,0,0.3676,Low Risk,10.0
ACT,35 to 44,Psychosocial Disability,Core,238,97000,74.0,19,18560000,12.5263,26.0,77983,0.5929,High Risk,236.0
ACT,35 to 44,Spinal Cord Injury,Capacity Building,13,19000,58.0,3,161000,4.3333,42.0,12385,0.4515,Medium Risk,14.0
ACT,35 to 44,Spinal Cord Injury,Capital,12,24000,73.0,1,0,12.0,27.0,0,0.5346,Medium Risk,10.0
ACT,35 to 44,Spinal Cord Injury,Core,14,89000,84.0,1,1072000,14.0,16.0,76571,0.5197,Medium Risk,15.0
ACT,35 to 44,Stroke,Capacity Building,15,22000,60.0,3,147000,5.0,40.0,9800,0.4862,Medium Risk,13.0
ACT,35 to 44,Stroke,Capital,10,91500,65.5,3,0,3.3333,34.5,0,0.4485,Medium Risk,10.0
ACT,35 to 44,Stroke,Core,15,161000,71.0,3,1242000,5.0,29.0,82800,0.4749,Medium Risk,13.0
ACT,35 to 44,Visual Impairment,Capacity Building,30,11000,58.0,1,107000,30.0,42.0,3567,0.6847,High Risk,17.0
ACT,35 to 44,Visual Impairment,Capital,10,20000,60.0,1,0,10.0,40.0,0,0.5822,High Risk,10.0
ACT,35 to 44,Visual Impairment,Core,23,29000,62.0,1,357000,23.0,38.0,15522,0.7275,High Risk,21.0
ACT,45 to 54,ABI,Capacity Building,56,23000,69.0,20,660000,2.8,31.0,11786,0.3376,Low Risk,52.0
ACT,45 to 54,ABI,Capital,29,27000,81.0,2,295000,14.5,19.0,10172,0.4975,Medium Risk,13.0
ACT,45 to 54,ABI,Core,52,183000,68.0,6,5718000,8.6667,32.0,109962,0.5884,High Risk,53.0
ACT,45 to 54,Autism,Capacity Building,117,17000,61.0,31,1115000,3.7742,39.0,9530,0.3923,Low Risk,109.0
ACT,45 to 54,Autism,Capital,25,9000,37.0,1,0,25.0,63.0,0,0.7369,High Risk,10.0
ACT,45 to 54,Autism,Core,108,91000,86.0,15,8500000,7.2,14.0,78704,0.3961,Low Risk,99.0
ACT,45 to 54,Cerebral Palsy,Capacity Building,35,17000,75.0,12,411000,2.9167,25.0,11743,0.2395,Low Risk,34.0
ACT,45 to 54,Cerebral Palsy,Capital,23,25000,9.0,2,137000,11.5,91.0,5957,0.7531,High Risk,14.0
ACT,45 to 54,Cerebral Palsy,Core,35,177000,88.0,8,5596000,4.375,12.0,159886,0.3314,Low Risk,34.0
ACT,45 to 54,Down Syndrome,Capacity Building,41,20000,61.0,19,349000,2.1579,39.0,8512,0.3684,Low Risk,30.0
ACT,45 to 54,Down Syndrome,Capital,20,9000,2.0,15,0,1.3333,98.0,0,0.4026,Low Risk,10.0
ACT,45 to 54,Down Syndrome,Core,35,244000,85.0,11,7037000,3.1818,15.0,201057,0.3142,Low Risk,34.0
ACT,45 to 54,Hearing Impairment,Capacity Building,25,4000,46.0,1,45000,25.0,54.0,1800,0.7074,High Risk,13.0
ACT,45 to 54,Hearing Impairment,Capital,20,10000,58.5,1,0,20.0,41.5,0,0.638,High Risk,10.0
ACT,45 to 54,Hearing Impairment,Core,24,9000,71.0,1,197000,24.0,29.0,8208,0.5392,Medium Risk,16.0
ACT,45 to 54,Intellectual Disability,Capacity Building,137,20000,66.0,55,1813000,2.4909,34.0,13234,0.3233,Low Risk,134.0
ACT,45 to 54,Intellectual Disability,Capital,53,21000,29.0,6,191000,8.8333,71.0,3604,0.662,High Risk,20.0
ACT,45 to 54,Intellectual Disability,Core,138,194000,90.0,32,24709000,4.3125,10.0,179051,0.3252,Low Risk,137.0
ACT,45 to 54,Multiple Sclerosis,Capacity Building,71,15000,64.0,9,688000,7.8889,36.0,9690,0.4573,Medium Risk,70.0
ACT,45 to 54,Multiple Sclerosis,Capital,40,22000,100.0,6,259000,6.6667,0.0,6475,0.2888,Low Risk,21.0
ACT,45 to 54,Multiple Sclerosis,Core,72,65000,72.0,2,3080000,36.0,28.0,42778,0.6927,High Risk,70.0
ACT,45 to 54,Other,Capacity Building,32,21000,71.0,6,408000,5.3333,29.0,12750,0.3926,Low Risk,33.0
ACT,45 to 54,Other,Capital,23,21000,31.0,1,208000,23.0,69.0,9043,0.8005,High Risk,14.0
ACT,45 to 54,Other,Core,32,103000,66.0,2,2040000,16.0,34.0,63750,0.6879,High Risk,34.0
ACT,45 to 54,Other Neurological,Capacity Building,61,20000,57.0,9,788000,6.7778,43.0,12918,0.5461,Medium Risk,60.0
ACT,45 to 54,Other Neurological,Capital,33,19000,70.0,1,510000,33.0,30.0,15455,0.6145,High Risk,23.0
ACT,45 to 54,Other Neurological,Core,61,155000,76.0,8,7391000,7.625,24.0,121164,0.4978,Medium Risk,62.0
ACT,45 to 54,Other Physical,Capacity Building,96,14000,59.0,7,798000,13.7143,41.0,8312,0.6046,High Risk,91.0
ACT,45 to 54,Other Physical,Capital,57,27000,58.0,2,492000,28.5,42.0,8632,0.7775,High Risk,32.0
ACT,45 to 54,Other Physical,Core,95,50000,68.0,2,3445000,47.5,32.0,36263,0.7326,High Risk,94.0
ACT,45 to 54,Other Sensory/Speech,Capacity Building,10,19000,58.0,8,0,1.25,42.0,0,0.3605,Low Risk,10.0
ACT,45 to 54,Other Sensory/Speech,Capital,10,19000,60.0,1,0,10.0,40.0,0,0.5712,High Risk,10.0
ACT,45 to 54,Other Sensory/Speech,Core,10,83000,76.0,6,0,1.6667,24.0,0,0.3045,Low Risk,10.0
ACT,45 to 54,Psychosocial Disability,Capacity Building,326,18000,58.0,60,3389000,5.4333,42.0,10396,0.488,Medium Risk,313.0
ACT,45 to 54,Psychosocial Disability,Capital,10,54500,32.0,43,0,0.2326,68.0,0,0.4931,Medium Risk,10.0
ACT,45 to 54,Psychosocial Disability,Core,331,91000,82.0,26,24207000,12.7308,18.0,73133,0.5189,Medium Risk,313.0
ACT,45 to 54,Spinal Cord Injury,Capacity Building,20,15000,46.0,3,121000,6.6667,54.0,6050,0.552,Medium Risk,14.0
ACT,45 to 54,Spinal Cord Injury,Capital,21,14000,75.0,2,0,10.5,25.0,0,0.4249,Low Risk,10.0
ACT,45 to 54,Spinal Cord Injury,Core,16,204000,80.0,2,2578000,8.0,20.0,161125,0.4763,Medium Risk,15.0
ACT,45 to 54,Stroke,Capacity Building,21,25000,70.0,9,287000,2.3333,30.0,13667,0.3238,Low Risk,22.0
ACT,45 to 54,Stroke,Capital,15,46000,100.0,4,512000,3.75,0.0,34133,0.2551,Low Risk,11.0
ACT,45 to 54,Stroke,Core,21,240000,73.0,8,3179000,2.625,27.0,151381,0.3992,Low Risk,22.0
ACT,45 to 54,Visual Impairment,Capacity Building,37,11000,52.0,8,180000,4.625,48.0,4865,0.4552,Medium Risk,30.0
ACT,45 to 54,Visual Impairment,Capital,10,31000,65.0,4,0,2.5,35.0,0,0.3925,Low Risk,10.0
ACT,45 to 54,Visual Impairment,Core,33,51000,78.0,1,1225000,33.0,22.0,37121,0.6299,High Risk,32.0
ACT,55 to 64,ABI,Capacity Building,58,26000,64.0,19,1066000,3.0526,36.0,18379,0.4036,Low Risk,67.0
ACT,55 to 64,ABI,Capital,27,21000,51.0,1,269000,27.0,49.0,9963,0.7764,High Risk,19.0
ACT,55 to 64,ABI,Core,59,238000,80.0,19,12879000,3.1053,20.0,218288,0.3449,Low Risk,69.0
ACT,55 to 64,Autism,Capacity Building,47,17000,64.0,24,463000,1.9583,36.0,9851,0.3027,Low Risk,35.0
ACT,55 to 64,Autism,Capital,10,61000,74.5,1,0,10.0,25.5,0,0.5289,Medium Risk,10.0
ACT,55 to 64,Autism,Core,42,105000,85.0,9,3363000,4.6667,15.0,80071,0.3307,Low Risk,33.0
ACT,55 to 64,Cerebral Palsy,Capacity Building,26,21000,63.0,16,277000,1.625,37.0,10654,0.3383,Low Risk,21.0
ACT,55 to 64,Cerebral Palsy,Capital,20,39000,33.0,2,199000,10.0,67.0,9950,0.7451,High Risk,12.0
ACT,55 to 64,Cerebral Palsy,Core,27,283000,88.0,13,5238000,2.0769,12.0,194000,0.2735,Low Risk,21.0
ACT,55 to 64,Down Syndrome,Capacity Building,19,22000,57.0,20,220000,0.95,43.0,11579,0.3927,Low Risk,18.0
ACT,55 to 64,Down Syndrome,Capital,11,14000,29.0,1,0,11.0,71.0,0,0.6628,High Risk,10.0
ACT,55 to 64,Down Syndrome,Core,19,259000,91.0,22,4377000,0.8636,9.0,230368,0.2281,Low Risk,19.0
ACT,55 to 64,Hearing Impairment,Capacity Building,56,6000,37.0,3,115000,18.6667,63.0,2054,0.6963,High Risk,34.0
ACT,55 to 64,Hearing Impairment,Capital,21,8000,65.0,3,0,7.0,35.0,0,0.4082,Low Risk,10.0
ACT,55 to 64,Hearing Impairment,Core,60,12000,46.0,3,324000,20.0,54.0,5400,0.7072,High Risk,42.0
ACT,55 to 64,Intellectual Disability,Capacity Building,107,17000,63.0,54,1146000,1.9815,37.0,10710,0.3147,Low Risk,109.0
ACT,55 to 64,Intellectual Disability,Capital,47,20000,60.0,2,334000,23.5,40.0,7106,0.6963,High Risk,21.0
ACT,55 to 64,Intellectual Disability,Core,109,192000,92.0,37,19283000,2.9459,8.0,176908,0.282,Low Risk,109.0
ACT,55 to 64,Multiple Sclerosis,Capacity Building,80,21000,67.0,9,975000,8.8889,33.0,12188,0.4955,Medium Risk,71.0
ACT,55 to 64,Multiple Sclerosis,Capital,51,26000,66.0,3,838000,17.0,34.0,16431,0.6422,High Risk,39.0
ACT,55 to 64,Multiple Sclerosis,Core,74,152000,85.0,6,7979000,12.3333,15.0,107824,0.5134,Medium Risk,69.0
ACT,55 to 64,Other,Capacity Building,62,24000,52.0,16,761000,3.875,48.0,12274,0.5195,Medium Risk,61.0
ACT,55 to 64,Other,Capital,45,30000,59.0,2,667000,22.5,41.0,14822,0.7552,High Risk,32.0
ACT,55 to 64,Other,Core,60,183000,71.0,7,7848000,8.5714,29.0,130800,0.5616,Medium Risk,59.0
ACT,55 to 64,Other Neurological,Capacity Building,124,22000,51.0,24,1350000,5.1667,49.0,10887,0.5591,Medium Risk,125.0
ACT,55 to 64,Other Neurological,Capital,56,22000,54.0,2,852000,28.0,46.0,15214,0.772,High Risk,42.0
ACT,55 to 64,Other Neurological,Core,122,165000,67.0,9,14749000,13.5556,33.0,120893,0.6772,High Risk,121.0
ACT,55 to 64,Other Physical,Capacity Building,109,14000,62.0,19,1010000,5.7368,38.0,9266,0.4353,Medium Risk,107.0
ACT,55 to 64,Other Physical,Capital,87,22000,65.0,4,943000,21.75,35.0,10839,0.6522,High Risk,55.0
ACT,55 to 64,Other Physical,Core,114,77000,75.0,6,7222000,19.0,25.0,63351,0.6187,High Risk,107.0
ACT,55 to 64,Other Sensory/Speech,Capacity Building,10,19000,58.0,8,0,1.25,42.0,0,0.3605,Low Risk,10.0
ACT,55 to 64,Other Sensory/Speech,Core,10,83000,76.0,6,0,1.6667,24.0,0,0.3045,Low Risk,10.0
ACT,55 to 64,Psychosocial Disability,Capacity Building,260,15000,63.0,38,2384000,6.8421,37.0,9169,0.4499,Medium Risk,249.0
ACT,55 to 64,Psychosocial Disability,Capital,10,48000,8.0,28,0,0.3571,92.0,0,0.5028,Medium Risk,10.0
ACT,55 to 64,Psychosocial Disability,Core,253,81000,78.0,19,16011000,13.3158,22.0,63285,0.5522,Medium Risk,250.0
ACT,55 to 64,Spinal Cord Injury,Capacity Building,27,17000,63.0,6,227000,4.5,37.0,8407,0.3887,Low Risk,23.0
ACT,55 to 64,Spinal Cord Injury,Capital,24,24000,59.0,1,307000,24.0,41.0,12792,0.7407,High Risk,16.0
ACT,55 to 64,Spinal Cord Injury,Core,27,137000,86.0,4,2979000,6.75,14.0,110333,0.3983,Low Risk,25.0
ACT,55 to 64,Stroke,Capacity Building,63,22000,75.0,18,997000,3.5,25.0,15825,0.3045,Low Risk,53.0
ACT,55 to 64,Stroke,Capital,43,30000,62.0,4,540000,10.75,38.0,12558,0.6382,High Risk,29.0
ACT,55 to 64,Stroke,Core,60,212000,89.0,7,10248000,8.5714,11.0,170800,0.4392,Medium Risk,55.0
ACT,55 to 64,Visual Impairment,Capacity Building,51,9000,40.0,3,183000,17.0,60.0,3588,0.6924,High Risk,37.0
ACT,55 to 64,Visual Impairment,Capital,12,18000,58.0,4,0,3.0,42.0,0,0.4035,Low Risk,10.0
ACT,55 to 64,Visual Impairment,Core,43,33000,71.0,5,1019000,8.6,29.0,23698,0.5097,Medium Risk,42.0
ACT,65+,ABI,Capacity Building,40,18000,66.0,15,486000,2.6667,34.0,12150,0.3132,Low Risk,38.0
ACT,65+,ABI,Capital,27,27000,88.0,3,0,9.0,12.0,0,0.3772,Low Risk,10.0
ACT,65+,ABI,Core,39,198000,87.0,6,7826000,6.5,13.0,200667,0.4038,Low Risk,42.0
ACT,65+,Autism,Capacity Building,10,19000,58.0,4,0,2.5,42.0,0,0.398,Low Risk,10.0
ACT,65+,Autism,Capital,10,19000,60.0,4,0,2.5,40.0,0,0.3774,Low Risk,
ACT,65+,Autism,Core,10,83000,76.0,4,0,2.5,24.0,0,0.3286,Low Risk,10.0
ACT,65+,Cerebral Palsy,Capacity Building,10,19000,58.0,1,0,10.0,42.0,0,0.5918,High Risk,10.0
ACT,65+,Cerebral Palsy,Capital,10,19000,60.0,1,0,10.0,40.0,0,0.5712,High Risk,10.0
ACT,65+,Cerebral Palsy,Core,10,83000,76.0,1,0,10.0,24.0,0,0.5224,Medium Risk,10.0
ACT,65+,Down Syndrome,Capacity Building,10,19000,58.0,12,0,0.8333,42.0,0,0.3498,Low Risk,10.0
ACT,65+,Down Syndrome,Capital,10,19000,60.0,9,0,1.1111,40.0,0,0.3348,Low Risk,
ACT,65+,Down Syndrome,Core,10,83000,76.0,6,0,1.6667,24.0,0,0.3045,Low Risk,10.0
ACT,65+,Hearing Impairment,Capacity Building,41,3000,34.0,2,42000,20.5,66.0,1024,0.7042,High Risk,22.0
ACT,65+,Hearing Impairment,Capital,14,6000,100.0,2,0,7.0,0.0,0,0.2118,Low Risk,10.0
ACT,65+,Hearing Impairment,Core,47,7000,26.0,1,297000,47.0,74.0,6319,0.7733,High Risk,29.0
ACT,65+,Intellectual Disability,Capacity Building,49,21000,70.0,24,564000,2.0417,30.0,11510,0.2904,Low Risk,43.0
ACT,65+,Intellectual Disability,Capital,24,12000,58.0,4,116000,6.0,42.0,4833,0.4736,Medium Risk,11.0
ACT,65+,Intellectual Disability,Core,42,211000,90.0,17,8615000,2.4706,10.0,205119,0.2711,Low Risk,44.0
ACT,65+,Multiple Sclerosis,Capacity Building,62,17000,65.0,11,714000,5.6364,35.0,11516,0.4125,Low Risk,63.0
ACT,65+,Multiple Sclerosis,Capital,38,24000,86.0,3,494000,12.6667,14.0,13000,0.4395,Medium Risk,26.0
ACT,65+,Multiple Sclerosis,Core,65,106000,75.0,5,5431000,13.0,25.0,83554,0.592,High Risk,65.0
ACT,65+,Other,Capacity Building,38,18000,55.0,11,380000,3.4545,45.0,10000,0.4371,Medium Risk,40.0
ACT,65+,Other,Capital,23,25000,33.0,8,57000,2.875,67.0,2478,0.5335,Medium Risk,11.0
ACT,65+,Other,Core,37,150000,82.0,4,4334000,9.25,18.0,117135,0.467,Medium Risk,40.0
ACT,65+,Other Neurological,Capacity Building,146,26000,73.0,37,2942000,3.9459,27.0,20151,0.3582,Low Risk,163.0
ACT,65+,Other Neurological,Capital,77,12000,71.0,1,372000,77.0,29.0,4831,0.6005,High Risk,49.0
ACT,65+,Other Neurological,Core,144,166000,71.0,15,22283000,9.6,29.0,154743,0.5751,High Risk,167.0
ACT,65+,Other Physical,Capacity Building,133,13000,64.0,15,1204000,8.8667,36.0,9053,0.4683,Medium Risk,134.0
ACT,65+,Other Physical,Capital,92,15000,72.0,1,575000,92.0,28.0,6250,0.6067,High Risk,59.0
ACT,65+,Other Physical,Core,133,62000,72.0,10,6741000,13.3,28.0,50684,0.6011,High Risk,141.0
ACT,65+,Psychosocial Disability,Capacity Building,162,15000,64.0,41,1507000,3.9512,36.0,9302,0.3525,Low Risk,162.0
ACT,65+,Psychosocial Disability,Capital,20,12000,50.0,32,0,0.625,50.0,0,0.3489,Low Risk,10.0
ACT,65+,Psychosocial Disability,Core,163,105000,78.0,23,13999000,7.087,22.0,85883,0.4535,Medium Risk,165.0
ACT,65+,Spinal Cord Injury,Capacity Building,14,23000,81.0,4,251000,3.5,19.0,17929,0.254,Low Risk,15.0
ACT,65+,Spinal Cord Injury,Capital,12,16000,86.5,1,0,12.0,13.5,0,0.3625,Low Risk,10.0
ACT,65+,Spinal Cord Injury,Core,14,319000,92.0,1,3890000,14.0,8.0,277857,0.5275,Medium Risk,15.0
ACT,65+,Stroke,Capacity Building,66,17000,66.0,18,797000,3.6667,34.0,12076,0.3365,Low Risk,70.0
ACT,65+,Stroke,Capital,38,14000,54.0,13,189000,2.9231,46.0,4974,0.4048,Low Risk,22.0
ACT,65+,Stroke,Core,64,111000,56.0,8,6131000,8.0,44.0,95797,0.6725,High Risk,72.0
ACT,65+,Visual Impairment,Capacity Building,34,8000,57.0,2,172000,17.0,43.0,5059,0.632,High Risk,31.0
ACT,65+,Visual Impairment,Capital,10,25500,60.0,2,0,5.0,40.0,0,0.5083,Medium Risk,10.0
ACT,65+,Visual Impairment,Core,32,43000,63.0,1,872000,32.0,37.0,27250,0.7574,High Risk,33.0
ACT,9 to 14,ABI,Capacity Building,10,19000,58.0,1,0,10.0,42.0,0,0.5918,High Risk,10.0
ACT,9 to 14,ABI,Capital,10,19000,60.0,1,0,10.0,40.0,0,0.5712,High Risk,10.0
ACT,9 to 14,ABI,Core,10,83000,76.0,1,0,10.0,24.0,0,0.5224,Medium Risk,10.0
ACT,9 to 14,Autism,Capacity Building,1838,18000,59.0,57,18034000,32.2456,41.0,9812,0.7079,High Risk,1739.0
ACT,9 to 14,Autism,Capital,38,12000,93.0,1,235000,38.0,7.0,6184,0.4432,Medium Risk,25.0
ACT,9 to 14,Autism,Core,1404,10000,75.0,5,13077000,280.8,25.0,9314,0.5764,High Risk,926.0
ACT,9 to 14,Cerebral Palsy,Capacity Building,36,19000,75.0,4,532000,9.0,25.0,14778,0.412,Low Risk,37.0
ACT,9 to 14,Cerebral Palsy,Capital,26,25000,64.0,1,356000,26.0,36.0,13692,0.6998,High Risk,19.0
ACT,9 to 14,Cerebral Palsy,Core,34,29000,93.0,2,1862000,17.0,7.0,54765,0.4765,Medium Risk,29.0
ACT,9 to 14,Developmental Delay,Capacity Building,37,13000,54.0,4,331000,9.25,46.0,8946,0.561,Medium Risk,58.0
ACT,9 to 14,Developmental Delay,Capital,10,7000,64.0,4,0,2.5,36.0,0,0.283,Low Risk,
ACT,9 to 14,Developmental Delay,Core,28,1000,74.0,4,78000,7.0,26.0,2786,0.3222,Low Risk,13.0
ACT,9 to 14,Down Syndrome,Capacity Building,21,23000,89.0,4,392000,5.25,11.0,18667,0.2797,Low Risk,21.0
ACT,9 to 14,Down Syndrome,Capital,10,17000,88.0,2,0,5.0,12.0,0,0.2145,Low Risk,10.0
ACT,9 to 14,Down Syndrome,Core,21,11000,87.0,1,382000,21.0,13.0,18190,0.4102,Low Risk,17.0
ACT,9 to 14,Global Developmental Delay,Capacity Building,13,16000,47.0,8,80000,1.625,53.0,6154,0.3993,Low Risk,21.0
ACT,9 to 14,Global Developmental Delay,Capital,10,16000,51.5,1,0,10.0,48.5,0,0.6077,High Risk,
ACT,9 to 14,Global Developmental Delay,Core,10,16000,56.0,6,0,1.6667,44.0,0,0.3662,Low Risk,10.0
ACT,9 to 14,Hearing Impairment,Capacity Building,69,11000,39.0,4,232000,17.25,61.0,3362,0.7018,High Risk,53.0
ACT,9 to 14,Hearing Impairment,Capital,10,6500,39.0,1,0,10.0,61.0,0,0.6068,High Risk,10.0
ACT,9 to 14,Hearing Impairment,Core,72,2000,39.0,2,44000,36.0,61.0,611,0.741,High Risk,29.0
ACT,9 to 14,Intellectual Disability,Capacity Building,239,20000,70.0,22,3083000,10.8636,30.0,12900,0.5077,Medium Risk,232.0
ACT,9 to 14,Intellectual Disability,Capital,38,22000,35.0,22,204000,1.7273,65.0,5368,0.4805,Medium Risk,25.0
ACT,9 to 14,Intellectual Disability,Core,189,22000,90.0,22,4632000,8.5909,10.0,24508,0.3351,Low Risk,142.0
ACT,9 to 14,Other,Capacity Building,27,17000,48.0,8,226000,3.375,52.0,8370,0.4592,Medium Risk,27.0
ACT,9 to 14,Other,Capital,10,22500,72.0,1,0,10.0,28.0,0,0.4943,Medium Risk,10.0
ACT,9 to 14,Other,Core,26,28000,96.0,6,0,4.3333,4.0,0,0.2521,Low Risk,10.0
ACT,9 to 14,Other Neurological,Capacity Building,22,23000,71.0,1,315000,22.0,29.0,14318,0.6116,High Risk,22.0
ACT,9 to 14,Other Neurological,Capital,10,22000,82.5,1,0,10.0,17.5,0,0.3978,Low Risk,10.0
ACT,9 to 14,Other Neurological,Core,22,21000,94.0,1,493000,22.0,6.0,22409,0.4599,Medium Risk,13.0
ACT,9 to 14,Other Physical,Capacity Building,31,19000,50.0,2,302000,15.5,50.0,9742,0.7024,High Risk,28.0
ACT,9 to 14,Other Physical,Capital,15,21000,63.0,2,0,7.5,37.0,0,0.51,Medium Risk,10.0
ACT,9 to 14,Other Physical,Core,26,38000,81.0,2,1004000,13.0,19.0,38615,0.5052,Medium Risk,21.0
ACT,9 to 14,Other Sensory/Speech,Capacity Building,23,10000,43.0,8,83000,2.875,57.0,3609,0.4288,Low Risk,18.0
ACT,9 to 14,Other Sensory/Speech,Core,10,10000,43.0,6,0,1.6667,57.0,0,0.3933,Low Risk,10.0
ACT,9 to 14,Psychosocial Disability,Capacity Building,10,19000,58.0,8,0,1.25,42.0,0,0.3605,Low Risk,10.0
ACT,9 to 14,Psychosocial Disability,Core,10,83000,76.0,6,0,1.6667,24.0,0,0.3045,Low Risk,
ACT,9 to 14,Visual Impairment,Capacity Building,12,11000,39.0,1,51000,12.0,61.0,4250,0.6562,High Risk,12.0
ACT,9 to 14,Visual Impairment,Capital,10,6000,64.5,1,0,10.0,35.5,0,0.468,Medium Risk,10.0
ACT,9 to 14,Visual Impairment,Core,18,1000,90.0,1,0,18.0,10.0,0,0.3608,Low Risk,10.0
NSW,0 to 8,ABI,Capacity Building,66,40000,72.0,6,726000,11.0,28.0,11000,0.5644,Medium Risk,145.0
NSW,0 to 8,ABI,Capital,34,26000,45.0,6,0,5.6667,55.0,0,0.6142,High Risk,130.0
NSW,0 to 8,ABI,Core,59,60000,94.0,6,805000,9.8333,6.0,13644,0.4069,Low Risk,142.0
NSW,0 to 8,Autism,Capacity Building,19996,24000,72.0,572,309710000,34.958,28.0,15489,0.6471,High Risk,19443.0
NSW,0 to 8,Autism,Capital,1135,7000,67.0,3,3282000,378.3333,33.0,2892,0.6341,High Risk,750.0
NSW,0 to 8,Autism,Core,14039,6000,93.0,62,135080000,226.4355,7.0,9622,0.4594,Medium Risk,11793.0
NSW,0 to 8,Cerebral Palsy,Capacity Building,677,29000,74.0,41,13410000,16.5122,26.0,19808,0.5867,High Risk,663.0
NSW,0 to 8,Cerebral Palsy,Capital,440,21000,70.0,6,5220000,73.3333,30.0,11864,0.6641,High Risk,369.0
NSW,0 to 8,Cerebral Palsy,Core,630,24000,83.0,8,14624000,78.75,17.0,23213,0.5781,High Risk,527.0
NSW,0 to 8,Developmental Delay,Capacity Building,18231,20000,66.0,340,223082000,53.6206,34.0,12236,0.6803,High Risk,20559.0
NSW,0 to 8,Developmental Delay,Capital,630,12000,71.0,3,3303000,210.0,29.0,5243,0.6127,High Risk,481.0
NSW,0 to 8,Developmental Delay,Core,12801,2000,75.0,11,21693000,1163.7273,25.0,1695,0.562,Medium Risk,5611.0
NSW,0 to 8,Disability_Missing,Capacity Building,157,20000,77.0,106,0,1.4811,23.0,0,0.2017,Low Risk,
NSW,0 to 8,Disability_Missing,Core,157,84000,96.0,57,0,2.7544,4.0,0,0.2428,Low Risk,
NSW,0 to 8,Down Syndrome,Capacity Building,449,27000,74.0,40,7673000,11.225,26.0,17089,0.5293,Medium Risk,449.0
NSW,0 to 8,Down Syndrome,Capital,144,9000,47.0,22,273000,6.5455,53.0,1896,0.5271,Medium Risk,166.0
NSW,0 to 8,Down Syndrome,Core,392,10000,89.0,3,4348000,130.6667,11.0,11092,0.4758,Medium Risk,349.0
NSW,0 to 8,Global Developmental Delay,Capacity Building,7893,22000,73.0,272,99745000,29.0184,27.0,12637,0.6141,High Risk,7614.0
NSW,0 to 8,Global Developmental Delay,Capital,441,14000,74.0,3,2778000,147.0,26.0,6299,0.5946,High Risk,342.0
NSW,0 to 8,Global Developmental Delay,Core,5208,4000,84.0,14,21957000,372.0,16.0,4216,0.4853,Medium Risk,2584.0
NSW,0 to 8,Hearing Impairment,Capacity Building,1715,17000,58.0,62,14801000,27.6613,42.0,8630,0.7021,High Risk,1600.0
NSW,0 to 8,Hearing Impairment,Capital,69,13000,83.0,1,145000,69.0,17.0,2101,0.4984,Medium Risk,132.0
NSW,0 to 8,Hearing Impairment,Core,1656,3000,68.0,5,3591000,331.2,32.0,2168,0.6155,High Risk,699.0
NSW,0 to 8,Intellectual Disability,Capacity Building,1366,26000,74.0,103,24509000,13.2621,26.0,17942,0.5517,Medium Risk,1333.0
NSW,0 to 8,Intellectual Disability,Capital,368,20000,62.0,11,3451000,33.4545,38.0,9378,0.7022,High Risk,294.0
NSW,0 to 8,Intellectual Disability,Core,1084,24000,84.0,13,23624000,83.3846,16.0,21793,0.574,High Risk,906.0
NSW,0 to 8,Other,Capacity Building,600,20000,67.0,17,7138000,35.2941,33.0,11897,0.6539,High Risk,616.0
NSW,0 to 8,Other,Capital,54,22000,74.0,17,0,3.1765,26.0,0,0.3013,Low Risk,140.0
NSW,0 to 8,Other,Core,380,9000,66.0,17,2492000,22.3529,34.0,6558,0.5726,High Risk,221.0
NSW,0 to 8,Other Neurological,Capacity Building,210,33000,70.0,18,3398000,11.6667,30.0,16181,0.5802,High Risk,239.0
NSW,0 to 8,Other Neurological,Capital,104,26000,83.0,1,938000,104.0,17.0,9019,0.592,High Risk,150.0
NSW,0 to 8,Other Neurological,Core,189,42000,75.0,10,3886000,18.9,25.0,20561,0.6068,High Risk,197.0
NSW,0 to 8,Other Physical,Capacity Building,157,23000,57.0,7,1095000,22.4286,43.0,6975,0.7471,High Risk,184.0
NSW,0 to 8,Other Physical,Capital,66,25000,76.0,1,0,66.0,24.0,0,0.6421,High Risk,110.0
NSW,0 to 8,Other Physical,Core,134,24000,75.0,4,1236000,33.5,25.0,9224,0.6212,High Risk,159.0
NSW,0 to 8,Other Sensory/Speech,Capacity Building,47,18000,63.0,4,252000,11.75,37.0,5362,0.5627,Medium Risk,144.0
NSW,0 to 8,Other Sensory/Speech,Capital,10,10500,66.0,4,0,2.5,34.0,0,0.275,Low Risk,10.0
NSW,0 to 8,Other Sensory/Speech,Core,29,3000,69.0,4,0,7.25,31.0,0,0.3671,Low Risk,100.0
NSW,0 to 8,Psychosocial Disability,Capacity Building,10,20000,64.0,106,0,0.0943,36.0,0,0.2767,Low Risk,50.0
NSW,0 to 8,Psychosocial Disability,Core,10,84000,80.0,57,0,0.1754,20.0,0,0.2255,Low Risk,40.0
NSW,0 to 8,Spinal Cord Injury,Capacity Building,13,30000,64.0,106,0,0.1226,36.0,0,0.3327,Low Risk,70.0
NSW,0 to 8,Spinal Cord Injury,Capital,10,55000,73.0,15,0,0.6667,27.0,0,0.2916,Low Risk,60.0
NSW,0 to 8,Spinal Cord Injury,Core,16,80000,80.0,57,0,0.2807,20.0,0,0.2228,Low Risk,70.0
NSW,0 to 8,Stroke,Capacity Building,21,27000,49.0,1,0,21.0,51.0,0,0.796,High Risk,80.0
NSW,0 to 8,Stroke,Capital,10,18500,49.0,1,0,10.0,51.0,0,0.6319,High Risk,20.0
NSW,0 to 8,Stroke,Core,18,10000,49.0,1,0,18.0,51.0,0,0.6804,High Risk,60.0
NSW,0 to 8,Visual Impairment,Capacity Building,110,23000,61.0,3,581000,36.6667,39.0,5282,0.7437,High Risk,154.0
NSW,0 to 8,Visual Impairment,Capital,29,10000,100.0,3,0,9.6667,0.0,0,0.2709,Low Risk,110.0
NSW,0 to 8,Visual Impairment,Core,102,4000,94.0,3,0,34.0,6.0,0,0.4143,Low Risk,140.0
NSW,15 to 18,ABI,Capacity Building,125,29000,63.0,48,897000,2.6042,37.0,7176,0.4146,Low Risk,173.0
NSW,15 to 18,ABI,Capital,44,15000,41.0,2,0,22.0,59.0,0,0.7373,High Risk,110.0
NSW,15 to 18,ABI,Core,114,84000,75.0,6,2691000,19.0,25.0,23605,0.6237,High Risk,166.0
NSW,15 to 18,Autism,Capacity Building,15957,20000,55.0,967,160287000,16.5016,45.0,10045,0.6977,High Risk,15008.0
NSW,15 to 18,Autism,Capital,337,8000,80.0,2,618000,168.5,20.0,1834,0.5192,Medium Risk,229.0
NSW,15 to 18,Autism,Core,11530,28000,80.0,215,277991000,53.6279,20.0,24110,0.6099,High Risk,10494.0
NSW,15 to 18,Cerebral Palsy,Capacity Building,626,22000,66.0,125,8725000,5.008,34.0,13938,0.4337,Medium Risk,611.0
NSW,15 to 18,Cerebral Palsy,Capital,405,23000,79.0,14,4108000,28.9286,21.0,10143,0.5653,Medium Risk,291.0
NSW,15 to 18,Cerebral Palsy,Core,575,78000,85.0,49,37882000,11.7347,15.0,65882,0.479,Medium Risk,509.0
NSW,15 to 18,Developmental Delay,Capacity Building,10,20000,64.0,2,0,5.0,36.0,0,0.4248,Low Risk,50.0
NSW,15 to 18,Developmental Delay,Core,10,84000,80.0,2,0,5.0,20.0,0,0.3714,Low Risk,20.0
NSW,15 to 18,Down Syndrome,Capacity Building,268,24000,70.0,48,3483000,5.5833,30.0,12996,0.4293,Low Risk,275.0
NSW,15 to 18,Down Syndrome,Capital,44,6000,46.0,2,0,22.0,54.0,0,0.6979,High Risk,80.0
NSW,15 to 18,Down Syndrome,Core,254,47000,91.0,15,9552000,16.9333,9.0,37606,0.4967,Medium Risk,278.0
NSW,15 to 18,Global Developmental Delay,Capacity Building,10,20000,64.0,106,0,0.0943,36.0,0,0.2767,Low Risk,10.0
NSW,15 to 18,Global Developmental Delay,Core,10,84000,80.0,57,0,0.1754,20.0,0,0.2255,Low Risk,10.0
NSW,15 to 18,Hearing Impairment,Capacity Building,653,9000,37.0,46,1998000,14.1957,63.0,3060,0.6764,High Risk,466.0
NSW,15 to 18,Hearing Impairment,Capital,41,2000,56.0,26,0,1.5769,44.0,0,0.3202,Low Risk,40.0
NSW,15 to 18,Hearing Impairment,Core,702,3000,62.0,6,2402000,117.0,38.0,3422,0.6669,High Risk,355.0
NSW,15 to 18,Intellectual Disability,Capacity Building,3042,25000,62.0,591,41958000,5.1472,38.0,13793,0.4994,Medium Risk,2923.0
NSW,15 to 18,Intellectual Disability,Capital,310,16000,56.0,4,1570000,77.5,44.0,5065,0.7522,High Risk,203.0
NSW,15 to 18,Intellectual Disability,Core,2448,53000,82.0,147,104955000,16.6531,18.0,42874,0.5322,Medium Risk,2326.0
NSW,15 to 18,Multiple Sclerosis,Capacity Building,10,20000,64.0,106,0,0.0943,36.0,0,0.2767,Low Risk,40.0
NSW,15 to 18,Multiple Sclerosis,Core,10,84000,80.0,57,0,0.1754,20.0,0,0.2255,Low Risk,30.0
NSW,15 to 18,Other,Capacity Building,93,16000,48.0,11,308000,8.4545,52.0,3312,0.5845,High Risk,155.0
NSW,15 to 18,Other,Capital,19,25000,100.0,1,0,19.0,0.0,0,0.4676,Medium Risk,90.0
NSW,15 to 18,Other,Core,62,33000,76.0,6,96000,10.3333,24.0,1548,0.5159,Medium Risk,141.0
NSW,15 to 18,Other Neurological,Capacity Building,280,23000,58.0,70,3080000,4.0,42.0,11000,0.4804,Medium Risk,289.0
NSW,15 to 18,Other Neurological,Capital,130,30000,81.0,4,964000,32.5,19.0,7415,0.583,High Risk,150.0
NSW,15 to 18,Other Neurological,Core,251,66000,85.0,14,10639000,17.9286,15.0,42386,0.5288,Medium Risk,243.0
NSW,15 to 18,Other Physical,Capacity Building,232,18000,60.0,23,2026000,10.087,40.0,8733,0.5746,High Risk,253.0
NSW,15 to 18,Other Physical,Capital,126,19000,78.0,3,477000,42.0,22.0,3786,0.5556,Medium Risk,146.0
NSW,15 to 18,Other Physical,Core,213,33000,80.0,5,4832000,42.6,20.0,22685,0.6122,High Risk,215.0
NSW,15 to 18,Other Sensory/Speech,Capacity Building,219,12000,41.0,31,720000,7.0645,59.0,3288,0.5614,Medium Risk,265.0
NSW,15 to 18,Other Sensory/Speech,Capital,10,9000,55.5,31,0,0.3226,44.5,0,0.3052,Low Risk,10.0
NSW,15 to 18,Other Sensory/Speech,Core,94,6000,70.0,31,198000,3.0323,30.0,2106,0.2425,Low Risk,140.0
NSW,15 to 18,Psychosocial Disability,Capacity Building,99,29000,55.0,44,267000,2.25,45.0,2697,0.4707,Medium Risk,153.0
NSW,15 to 18,Psychosocial Disability,Capital,10,46000,67.5,23,0,0.4348,32.5,0,0.3274,Low Risk,
NSW,15 to 18,Psychosocial Disability,Core,86,63000,80.0,2,368000,43.0,20.0,4279,0.6274,High Risk,145.0
NSW,15 to 18,Spinal Cord Injury,Capacity Building,17,23000,73.0,8,0,2.125,27.0,0,0.2862,Low Risk,90.0
NSW,15 to 18,Spinal Cord Injury,Capital,12,43000,76.0,6,0,2.0,24.0,0,0.3002,Low Risk,60.0
NSW,15 to 18,Spinal Cord Injury,Core,17,91000,93.0,3,0,5.6667,7.0,0,0.3478,Low Risk,90.0
NSW,15 to 18,Stroke,Capacity Building,18,28000,52.0,2,0,9.0,48.0,0,0.6622,High Risk,80.0
NSW,15 to 18,Stroke,Capital,11,17000,56.0,2,0,5.5,44.0,0,0.497,Medium Risk,40.0
NSW,15 to 18,Stroke,Core,16,43000,68.0,2,0,8.0,32.0,0,0.5312,Medium Risk,80.0
NSW,15 to 18,Visual Impairment,Capacity Building,183,12000,48.0,29,722000,6.3103,52.0,3945,0.5286,Medium Risk,196.0
NSW,15 to 18,Visual Impairment,Capital,28,5000,41.0,1,0,28.0,59.0,0,0.7271,High Risk,60.0
NSW,15 to 18,Visual Impairment,Core,170,11000,77.0,10,1272000,17.0,23.0,7482,0.456,Medium Risk,175.0
NSW,19 to 24,ABI,Capacity Building,204,28000,55.0,74,2821000,2.7568,45.0,13828,0.4862,Medium Risk,217.0
NSW,19 to 24,ABI,Capital,60,23000,72.0,2,0,30.0,28.0,0,0.6305,High Risk,120.0
NSW,19 to 24,ABI,Core,197,147000,75.0,18,17250000,10.9444,25.0,87563,0.5749,High Risk,204.0
NSW,19 to 24,Autism,Capacity Building,11478,24000,52.0,975,139974000,11.7723,48.0,12195,0.7036,High Risk,10808.0
NSW,19 to 24,Autism,Capital,363,18000,68.0,32,2261000,11.3438,32.0,6229,0.5108,Medium Risk,192.0
NSW,19 to 24,Autism,Core,9988,70000,80.0,471,548744000,21.2059,20.0,54940,0.5819,High Risk,8912.0
NSW,19 to 24,Cerebral Palsy,Capacity Building,695,24000,65.0,169,11187000,4.1124,35.0,16096,0.4172,Low Risk,684.0
NSW,19 to 24,Cerebral Palsy,Capital,417,23000,73.0,27,4060000,15.4444,27.0,9736,0.5604,Medium Risk,282.0
NSW,19 to 24,Cerebral Palsy,Core,666,170000,86.0,85,90746000,7.8353,14.0,136255,0.4287,Low Risk,600.0
NSW,19 to 24,Developmental Delay,Capacity Building,10,20000,64.0,106,0,0.0943,36.0,0,0.2767,Low Risk,10.0
NSW,19 to 24,Developmental Delay,Core,10,84000,80.0,57,0,0.1754,20.0,0,0.2255,Low Risk,10.0
NSW,19 to 24,Down Syndrome,Capacity Building,383,28000,69.0,124,6687000,3.0887,31.0,17460,0.3673,Low Risk,375.0
NSW,19 to 24,Down Syndrome,Capital,53,11000,62.0,1,0,53.0,38.0,0,0.6724,High Risk,100.0
NSW,19 to 24,Down Syndrome,Core,385,118000,87.0,55,35176000,7.0,13.0,91366,0.3971,Low Risk,382.0
NSW,19 to 24,Hearing Impairment,Capacity Building,643,9000,35.0,38,1988000,16.9211,65.0,3092,0.6975,High Risk,422.0
NSW,19 to 24,Hearing Impairment,Capital,53,2000,8.0,22,0,2.4091,92.0,0,0.414,Low Risk,40.0
NSW,19 to 24,Hearing Impairment,Core,732,6000,61.0,6,2378000,122.0,39.0,3249,0.6838,High Risk,371.0
NSW,19 to 24,Intellectual Disability,Capacity Building,4459,28000,57.0,792,69712000,5.6301,43.0,15634,0.5723,High Risk,4258.0
NSW,19 to 24,Intellectual Disability,Capital,467,13000,62.0,20,2376000,23.35,38.0,5088,0.6327,High Risk,257.0
NSW,19 to 24,Intellectual Disability,Core,4230,110000,82.0,440,377277000,9.6136,18.0,89191,0.464,Medium Risk,3955.0
NSW,19 to 24,Multiple Sclerosis,Capacity Building,22,19000,49.0,2,0,11.0,51.0,0,0.6609,High Risk,100.0
NSW,19 to 24,Multiple Sclerosis,Capital,10,28000,49.0,2,0,5.0,51.0,0,0.5837,High Risk,
NSW,19 to 24,Multiple Sclerosis,Core,18,37000,49.0,2,0,9.0,51.0,0,0.6895,High Risk,80.0
NSW,19 to 24,Other,Capacity Building,108,22000,58.0,21,653000,5.1429,42.0,6046,0.5189,Medium Risk,156.0
NSW,19 to 24,Other,Capital,61,24000,100.0,1,0,61.0,0.0,0,0.5358,Medium Risk,100.0
NSW,19 to 24,Other,Core,103,78000,86.0,8,3086000,12.875,14.0,29961,0.489,Medium Risk,146.0
NSW,19 to 24,Other Neurological,Capacity Building,360,24000,58.0,111,4532000,3.2432,42.0,12589,0.4635,Medium Risk,364.0
NSW,19 to 24,Other Neurological,Capital,173,27000,69.0,13,1173000,13.3077,31.0,6780,0.5936,High Risk,175.0
NSW,19 to 24,Other Neurological,Core,339,144000,80.0,31,32793000,10.9355,20.0,96735,0.5264,Medium Risk,338.0
NSW,19 to 24,Other Physical,Capacity Building,230,19000,53.0,41,1819000,5.6098,47.0,7909,0.5306,Medium Risk,248.0
NSW,19 to 24,Other Physical,Capital,130,20000,76.0,7,397000,18.5714,24.0,3054,0.5263,Medium Risk,134.0
NSW,19 to 24,Other Physical,Core,218,74000,76.0,12,8886000,18.1667,24.0,40761,0.605,High Risk,230.0
NSW,19 to 24,Other Sensory/Speech,Capacity Building,65,18000,37.0,12,144000,5.4167,63.0,2215,0.5586,Medium Risk,135.0
NSW,19 to 24,Other Sensory/Speech,Core,48,41000,61.0,3,0,16.0,39.0,0,0.7156,High Risk,120.0
NSW,19 to 24,Psychosocial Disability,Capacity Building,453,30000,56.0,180,6961000,2.5167,44.0,15366,0.4818,Medium Risk,463.0
NSW,19 to 24,Psychosocial Disability,Capital,11,21000,66.0,2,0,5.5,34.0,0,0.4381,Medium Risk,50.0
NSW,19 to 24,Psychosocial Disability,Core,435,130000,69.0,49,36256000,8.8776,31.0,83347,0.5697,High Risk,423.0
NSW,19 to 24,Spinal Cord Injury,Capacity Building,67,28000,60.0,15,490000,4.4667,40.0,7313,0.4956,Medium Risk,148.0
NSW,19 to 24,Spinal Cord Injury,Capital,55,45000,78.0,6,0,9.1667,22.0,0,0.4662,Medium Risk,130.0
NSW,19 to 24,Spinal Cord Injury,Core,69,200000,77.0,1,4290000,69.0,23.0,62174,0.7112,High Risk,149.0
NSW,19 to 24,Stroke,Capacity Building,24,23000,56.0,6,0,4.0,44.0,0,0.4943,Medium Risk,120.0
NSW,19 to 24,Stroke,Capital,10,46500,58.0,6,0,1.6667,42.0,0,0.4563,Medium Risk,20.0
NSW,19 to 24,Stroke,Core,24,70000,60.0,6,0,4.0,40.0,0,0.5121,Medium Risk,110.0
NSW,19 to 24,Visual Impairment,Capacity Building,265,14000,41.0,35,1388000,7.5714,59.0,5238,0.5773,High Risk,248.0
NSW,19 to 24,Visual Impairment,Capital,50,13000,100.0,2,0,25.0,0.0,0,0.4149,Low Risk,60.0
NSW,19 to 24,Visual Impairment,Core,262,25000,77.0,17,4279000,15.4118,23.0,16332,0.5335,Medium Risk,234.0
NSW,25 to 34,ABI,Capacity Building,447,24000,64.0,205,6755000,2.1805,36.0,15112,0.3679,Low Risk,448.0
NSW,25 to 34,ABI,Capital,151,20000,61.0,25,956000,6.04,39.0,6331,0.4926,Medium Risk,165.0
NSW,25 to 34,ABI,Core,460,157000,83.0,85,58534000,5.4118,17.0,127248,0.3903,Low Risk,467.0
NSW,25 to 34,Autism,Capacity Building,6646,18000,61.0,841,68994000,7.9025,39.0,10381,0.5088,Medium Risk,6134.0
NSW,25 to 34,Autism,Capital,389,15000,69.0,42,3564000,9.2619,31.0,9162,0.4373,Medium Risk,229.0
NSW,25 to 34,Autism,Core,6218,92000,83.0,497,479661000,12.5111,17.0,77141,0.5105,Medium Risk,5911.0
NSW,25 to 34,Cerebral Palsy,Capacity Building,993,21000,69.0,312,14695000,3.1827,31.0,14799,0.3313,Low Risk,959.0
NSW,25 to 34,Cerebral Palsy,Capital,697,28000,81.0,64,11568000,10.8906,19.0,16597,0.461,Medium Risk,525.0
NSW,25 to 34,Cerebral Palsy,Core,980,218000,88.0,214,186302000,4.5794,12.0,190104,0.3432,Low Risk,968.0
NSW,25 to 34,Down Syndrome,Capacity Building,800,18000,65.0,219,8984000,3.653,35.0,11230,0.3514,Low Risk,754.0
NSW,25 to 34,Down Syndrome,Capital,149,10000,100.0,12,72000,12.4167,0.0,483,0.3248,Low Risk,141.0
NSW,25 to 34,Down Syndrome,Core,809,134000,87.0,148,92261000,5.4662,13.0,114043,0.3674,Low Risk,817.0
NSW,25 to 34,Hearing Impairment,Capacity Building,794,5000,40.0,39,1791000,20.359,60.0,2256,0.7,High Risk,559.0
NSW,25 to 34,Hearing Impairment,Capital,289,7000,66.0,3,250000,96.3333,34.0,865,0.6298,High Risk,152.0
NSW,25 to 34,Hearing Impairment,Core,869,9000,64.0,20,4792000,43.45,36.0,5514,0.6338,High Risk,557.0
NSW,25 to 34,Intellectual Disability,Capacity Building,5875,19000,62.0,958,66764000,6.1326,38.0,11364,0.4722,Medium Risk,5392.0
NSW,25 to 34,Intellectual Disability,Capital,822,17000,77.0,78,7789000,10.5385,23.0,9476,0.4179,Low Risk,525.0
NSW,25 to 34,Intellectual Disability,Core,5758,126000,86.0,726,621545000,7.9311,14.0,107945,0.4191,Low Risk,5615.0
NSW,25 to 34,Multiple Sclerosis,Capacity Building,146,17000,67.0,24,877000,6.0833,33.0,6007,0.4049,Low Risk,196.0
NSW,25 to 34,Multiple Sclerosis,Capital,45,13000,62.0,1,0,45.0,38.0,0,0.6719,High Risk,80.0
NSW,25 to 34,Multiple Sclerosis,Core,144,76000,79.0,15,4036000,9.6,21.0,28028,0.4746,Medium Risk,194.0
NSW,25 to 34,Other,Capacity Building,172,18000,69.0,32,1517000,5.375,31.0,8820,0.3795,Low Risk,189.0
NSW,25 to 34,Other,Capital,114,39000,100.0,4,449000,28.5,0.0,3939,0.5353,Medium Risk,142.0
NSW,25 to 34,Other,Core,171,71000,68.0,18,6480000,9.5,32.0,37895,0.5654,Medium Risk,186.0
NSW,25 to 34,Other Neurological,Capacity Building,492,21000,66.0,156,6564000,3.1538,34.0,13341,0.3555,Low Risk,470.0
NSW,25 to 34,Other Neurological,Capital,262,30000,64.0,27,3663000,9.7037,36.0,13981,0.5806,High Risk,212.0
NSW,25 to 34,Other Neurological,Core,480,179000,83.0,75,72461000,6.4,17.0,150960,0.4156,Low Risk,477.0
NSW,25 to 34,Other Physical,Capacity Building,383,15000,62.0,79,3307000,4.8481,38.0,8634,0.3994,Low Risk,370.0
NSW,25 to 34,Other Physical,Capital,242,23000,79.0,12,1849000,20.1667,21.0,7640,0.5338,Medium Risk,167.0
NSW,25 to 34,Other Physical,Core,378,78000,79.0,46,21113000,8.2174,21.0,55854,0.4518,Medium Risk,370.0
NSW,25 to 34,Other Sensory/Speech,Capacity Building,28,10000,65.0,3,0,9.3333,35.0,0,0.4555,Medium Risk,120.0
NSW,25 to 34,Other Sensory/Speech,Capital,10,23500,80.5,4,0,2.5,19.5,0,0.2321,Low Risk,
NSW,25 to 34,Other Sensory/Speech,Core,21,37000,96.0,4,0,5.25,4.0,0,0.3096,Low Risk,100.0
NSW,25 to 34,Psychosocial Disability,Capacity Building,2449,25000,58.0,533,34872000,4.5947,42.0,14239,0.5087,Medium Risk,2399.0
NSW,25 to 34,Psychosocial Disability,Capital,81,17000,88.0,12,0,6.75,12.0,0,0.2621,Low Risk,110.0
NSW,25 to 34,Psychosocial Disability,Core,2408,115000,77.0,313,213899000,7.6933,23.0,88828,0.4783,Medium Risk,2322.0
NSW,25 to 34,Spinal Cord Injury,Capacity Building,148,25000,64.0,41,1456000,3.6098,36.0,9838,0.4191,Low Risk,182.0
NSW,25 to 34,Spinal Cord Injury,Capital,127,46000,94.0,14,1387000,9.0714,6.0,10921,0.3911,Low Risk,162.0
NSW,25 to 34,Spinal Cord Injury,Core,152,193000,75.0,14,12556000,10.8571,25.0,82605,0.5863,High Risk,184.0
NSW,25 to 34,Stroke,Capacity Building,61,22000,71.0,13,487000,4.6923,29.0,7984,0.3673,Low Risk,120.0
NSW,25 to 34,Stroke,Capital,28,10000,38.0,8,0,3.5,62.0,0,0.4568,Medium Risk,70.0
NSW,25 to 34,Stroke,Core,59,109000,85.0,3,2872000,19.6667,15.0,48678,0.5563,Medium Risk,121.0
NSW,25 to 34,Visual Impairment,Capacity Building,348,10000,53.0,37,1673000,9.4054,47.0,4807,0.5594,Medium Risk,304.0
NSW,25 to 34,Visual Impairment,Capital,60,17000,59.0,2,0,30.0,41.0,0,0.6957,High Risk,90.0
NSW,25 to 34,Visual Impairment,Core,352,45000,80.0,36,11691000,9.7778,20.0,33213,0.4577,Medium Risk,358.0
NSW,35 to 44,ABI,Capacity Building,671,23000,62.0,280,9781000,2.3964,38.0,14577,0.3897,Low Risk,690.0
NSW,35 to 44,ABI,Capital,236,23000,78.0,37,2572000,6.3784,22.0,10898,0.3686,Low Risk,201.0
NSW,35 to 44,ABI,Core,685,163000,81.0,149,92283000,4.5973,19.0,134720,0.3681,Low Risk,698.0
NSW,35 to 44,Autism,Capacity Building,2225,17000,64.0,442,23181000,5.0339,36.0,10418,0.4074,Low Risk,2085.0
NSW,35 to 44,Autism,Capital,208,15000,77.0,43,1009000,4.8372,23.0,4851,0.263,Low Risk,173.0
NSW,35 to 44,Autism,Core,2088,96000,85.0,282,167428000,7.4043,15.0,80186,0.4056,Low Risk,1943.0
NSW,35 to 44,Cerebral Palsy,Capacity Building,711,22000,70.0,271,11018000,2.6236,30.0,15496,0.3165,Low Risk,704.0
NSW,35 to 44,Cerebral Palsy,Capital,530,27000,81.0,65,9218000,8.1538,19.0,17392,0.396,Low Risk,414.0
NSW,35 to 44,Cerebral Palsy,Core,708,243000,88.0,190,154424000,3.7263,12.0,218113,0.3222,Low Risk,712.0
NSW,35 to 44,Developmental Delay,Capacity Building,10,20000,64.0,106,0,0.0943,36.0,0,0.2767,Low Risk,
NSW,35 to 44,Down Syndrome,Capacity Building,684,17000,67.0,269,7446000,2.5428,33.0,10886,0.2954,Low Risk,651.0
NSW,35 to 44,Down Syndrome,Capital,146,12000,79.0,30,72000,4.8667,21.0,493,0.2368,Low Risk,142.0
NSW,35 to 44,Down Syndrome,Core,693,156000,88.0,195,93972000,3.5538,12.0,135602,0.3046,Low Risk,703.0
NSW,35 to 44,Hearing Impairment,Capacity Building,715,6000,47.0,32,1770000,22.3438,53.0,2476,0.6972,High Risk,510.0
NSW,35 to 44,Hearing Impairment,Capital,323,7000,63.0,2,255000,161.5,37.0,789,0.6664,High Risk,171.0
NSW,35 to 44,Hearing Impairment,Core,733,14000,71.0,18,6797000,40.7222,29.0,9273,0.5872,High Risk,531.0
NSW,35 to 44,Intellectual Disability,Capacity Building,3600,20000,65.0,831,45538000,4.3321,35.0,12649,0.3885,Low Risk,3415.0
NSW,35 to 44,Intellectual Disability,Capital,838,19000,74.0,88,9675000,9.5227,26.0,11545,0.4296,Low Risk,589.0
NSW,35 to 44,Intellectual Disability,Core,3618,149000,87.0,628,467739000,5.7611,13.0,129281,0.3775,Low Risk,3570.0
NSW,35 to 44,Multiple Sclerosis,Capacity Building,470,17000,67.0,64,4998000,7.3438,33.0,10634,0.4306,Low Risk,462.0
NSW,35 to 44,Multiple Sclerosis,Capital,187,16000,60.0,6,690000,31.1667,40.0,3690,0.6844,High Risk,164.0
NSW,35 to 44,Multiple Sclerosis,Core,458,78000,75.0,23,26379000,19.913,25.0,57596,0.6239,High Risk,459.0
NSW,35 to 44,Other,Capacity Building,269,18000,59.0,42,2374000,6.4048,41.0,8825,0.496,Medium Risk,280.0
NSW,35 to 44,Other,Capital,195,40000,77.0,11,1367000,17.7273,23.0,7010,0.5792,High Risk,175.0
NSW,35 to 44,Other,Core,266,104000,73.0,17,16607000,15.6471,27.0,62432,0.6307,High Risk,275.0
NSW,35 to 44,Other Neurological,Capacity Building,582,22000,66.0,204,7952000,2.8529,34.0,13663,0.3561,Low Risk,577.0
NSW,35 to 44,Other Neurological,Capital,323,26000,78.0,32,4100000,10.0938,22.0,12693,0.4733,Medium Risk,239.0
NSW,35 to 44,Other Neurological,Core,577,171000,82.0,126,78021000,4.5794,18.0,135218,0.3615,Low Risk,572.0
NSW,35 to 44,Other Physical,Capacity Building,561,16000,64.0,113,5927000,4.9646,36.0,10565,0.3823,Low Risk,538.0
NSW,35 to 44,Other Physical,Capital,395,30000,98.0,24,6031000,16.4583,2.0,15268,0.4724,Medium Risk,275.0
NSW,35 to 44,Other Physical,Core,556,88000,77.0,67,37873000,8.2985,23.0,68117,0.4803,Medium Risk,539.0
NSW,35 to 44,Other Sensory/Speech,Capacity Building,10,20000,64.0,3,0,3.3333,36.0,0,0.3706,Low Risk,20.0
NSW,35 to 44,Other Sensory/Speech,Capital,10,20000,73.0,3,0,3.3333,27.0,0,0.2971,Low Risk,10.0
NSW,35 to 44,Other Sensory/Speech,Core,10,84000,80.0,3,0,3.3333,20.0,0,0.3172,Low Risk,30.0
NSW,35 to 44,Psychosocial Disability,Capacity Building,3784,22000,62.0,691,49427000,5.4761,38.0,13062,0.4877,Medium Risk,3721.0
NSW,35 to 44,Psychosocial Disability,Capital,115,13000,68.0,18,370000,6.3889,32.0,3217,0.3851,Low Risk,142.0
NSW,35 to 44,Psychosocial Disability,Core,3742,107000,80.0,500,320183000,7.484,20.0,85565,0.4437,Medium Risk,3671.0
NSW,35 to 44,Spinal Cord Injury,Capacity Building,298,21000,66.0,69,4008000,4.3188,34.0,13450,0.3898,Low Risk,305.0
NSW,35 to 44,Spinal Cord Injury,Capital,265,42000,91.0,28,5969000,9.4643,9.0,22525,0.3977,Low Risk,240.0
NSW,35 to 44,Spinal Cord Injury,Core,300,203000,80.0,33,48123000,9.0909,20.0,160410,0.4957,Medium Risk,311.0
NSW,35 to 44,Stroke,Capacity Building,224,22000,70.0,73,2188000,3.0685,30.0,9768,0.3274,Low Risk,234.0
NSW,35 to 44,Stroke,Capital,124,22000,73.0,9,869000,13.7778,27.0,7008,0.5395,Medium Risk,161.0
NSW,35 to 44,Stroke,Core,223,138000,74.0,23,17839000,9.6957,26.0,79996,0.5463,Medium Risk,234.0
NSW,35 to 44,Visual Impairment,Capacity Building,347,11000,60.0,44,1973000,7.8864,40.0,5686,0.4868,Medium Risk,312.0
NSW,35 to 44,Visual Impairment,Capital,94,14000,80.0,1,68000,94.0,20.0,723,0.5313,Medium Risk,131.0
NSW,35 to 44,Visual Impairment,Core,351,59000,84.0,40,15543000,8.775,16.0,44282,0.4173,Low Risk,352.0
NSW,45 to 54,ABI,Capacity Building,1104,23000,68.0,400,16818000,2.76,32.0,15234,0.3454,Low Risk,1141.0
NSW,45 to 54,ABI,Capital,468,20000,71.0,50,5357000,9.36,29.0,11447,0.4593,Medium Risk,323.0
NSW,45 to 54,ABI,Core,1127,183000,82.0,228,173148000,4.943,18.0,153636,0.3724,Low Risk,1160.0
NSW,45 to 54,Autism,Capacity Building,960,18000,67.0,276,10795000,3.4783,33.0,11245,0.3289,Low Risk,930.0
NSW,45 to 54,Autism,Capital,118,16000,76.0,32,531000,3.6875,24.0,4500,0.2491,Low Risk,146.0
NSW,45 to 54,Autism,Core,900,101000,85.0,157,77282000,5.7325,15.0,85869,0.3731,Low Risk,845.0
NSW,45 to 54,Cerebral Palsy,Capacity Building,613,22000,76.0,288,10133000,2.1285,24.0,16530,0.251,Low Risk,614.0
NSW,45 to 54,Cerebral Palsy,Capital,480,28000,77.0,66,8481000,7.2727,23.0,17669,0.4199,Low Risk,401.0
NSW,45 to 54,Cerebral Palsy,Core,613,251000,91.0,186,136891000,3.2957,9.0,223313,0.2974,Low Risk,625.0
NSW,45 to 54,Down Syndrome,Capacity Building,423,20000,72.0,242,5841000,1.7479,28.0,13809,0.2591,Low Risk,413.0
NSW,45 to 54,Down Syndrome,Capital,159,17000,71.0,40,551000,3.975,29.0,3465,0.3022,Low Risk,157.0
NSW,45 to 54,Down Syndrome,Core,431,201000,87.0,194,79551000,2.2216,13.0,184573,0.273,Low Risk,440.0
NSW,45 to 54,Hearing Impairment,Capacity Building,760,6000,45.0,50,2048000,15.2,55.0,2695,0.6609,High Risk,575.0
NSW,45 to 54,Hearing Impairment,Capital,292,7000,53.0,2,127000,146.0,47.0,435,0.7465,High Risk,157.0
NSW,45 to 54,Hearing Impairment,Core,792,14000,64.0,32,7154000,24.75,36.0,9033,0.6168,High Risk,566.0
NSW,45 to 54,Intellectual Disability,Capacity Building,2943,19000,69.0,768,38419000,3.832,31.0,13054,0.3307,Low Risk,2865.0
NSW,45 to 54,Intellectual Disability,Capital,922,18000,80.0,92,11631000,10.0217,20.0,12615,0.3915,Low Risk,723.0
NSW,45 to 54,Intellectual Disability,Core,2971,171000,89.0,623,458723000,4.7689,11.0,154400,0.336,Low Risk,2969.0
NSW,45 to 54,Multiple Sclerosis,Capacity Building,894,18000,68.0,149,10811000,6.0,32.0,12093,0.4014,Low Risk,872.0
NSW,45 to 54,Multiple Sclerosis,Capital,501,20000,69.0,29,5148000,17.2759,31.0,10275,0.5761,High Risk,337.0
NSW,45 to 54,Multiple Sclerosis,Core,883,107000,79.0,84,73709000,10.5119,21.0,83476,0.5234,Medium Risk,865.0
NSW,45 to 54,Other,Capacity Building,532,19000,62.0,115,6171000,4.6261,38.0,11600,0.4197,Low Risk,545.0
NSW,45 to 54,Other,Capital,408,33000,98.0,15,7492000,27.2,2.0,18363,0.5294,Medium Risk,324.0
NSW,45 to 54,Other,Core,527,119000,70.0,57,41259000,9.2456,30.0,78290,0.565,Medium Risk,538.0
NSW,45 to 54,Other Neurological,Capacity Building,999,23000,66.0,320,15293000,3.1219,34.0,15308,0.3704,Low Risk,1024.0
NSW,45 to 54,Other Neurological,Capital,578,24000,80.0,43,9092000,13.4419,20.0,15730,0.4868,Medium Risk,411.0
NSW,45 to 54,Other Neurological,Core,985,177000,77.0,148,138941000,6.6554,23.0,141057,0.4714,Medium Risk,1023.0
NSW,45 to 54,Other Physical,Capacity Building,926,15000,63.0,199,8920000,4.6533,37.0,9633,0.3826,Low Risk,905.0
NSW,45 to 54,Other Physical,Capital,660,27000,71.0,27,7349000,24.4444,29.0,11135,0.6428,High Risk,446.0
NSW,45 to 54,Other Physical,Core,923,85000,79.0,94,61938000,9.8191,21.0,67105,0.4845,Medium Risk,914.0
NSW,45 to 54,Other Sensory/Speech,Capacity Building,10,20000,64.0,1,0,10.0,36.0,0,0.5393,Medium Risk,40.0
NSW,45 to 54,Other Sensory/Speech,Core,10,84000,80.0,1,0,10.0,20.0,0,0.4859,Medium Risk,40.0
NSW,45 to 54,Psychosocial Disability,Capacity Building,5219,20000,63.0,844,64882000,6.1836,37.0,12432,0.4723,Medium Risk,5184.0
NSW,45 to 54,Psychosocial Disability,Capital,254,12000,59.0,30,1090000,8.4667,41.0,4291,0.5097,Medium Risk,178.0
NSW,45 to 54,Psychosocial Disability,Core,5190,105000,81.0,633,445642000,8.1991,19.0,85866,0.4457,Medium Risk,5149.0
NSW,45 to 54,Spinal Cord Injury,Capacity Building,407,22000,60.0,93,5185000,4.3763,40.0,12740,0.4622,Medium Risk,418.0
NSW,45 to 54,Spinal Cord Injury,Capital,367,36000,78.0,29,6896000,12.6552,22.0,18790,0.5264,Medium Risk,311.0
NSW,45 to 54,Spinal Cord Injury,Core,413,192000,81.0,49,64549000,8.4286,19.0,156293,0.4719,Medium Risk,428.0
NSW,45 to 54,Stroke,Capacity Building,684,24000,68.0,205,10230000,3.3366,32.0,14956,0.3716,Low Risk,684.0
NSW,45 to 54,Stroke,Capital,426,23000,87.0,31,4769000,13.7419,13.0,11195,0.4397,Medium Risk,291.0
NSW,45 to 54,Stroke,Core,681,182000,79.0,123,86365000,5.5366,21.0,126821,0.433,Medium Risk,691.0
NSW,45 to 54,Visual Impairment,Capacity Building,553,10000,54.0,82,2934000,6.7439,46.0,5306,0.5055,Medium Risk,490.0
NSW,45 to 54,Visual Impairment,Capital,161,12000,68.0,4,185000,40.25,32.0,1149,0.6055,High Risk,128.0
NSW,45 to 54,Visual Impairment,Core,556,56000,83.0,62,24669000,8.9677,17.0,44369,0.4242,Low Risk,561.0
NSW,55 to 64,ABI,Capacity Building,1586,23000,68.0,495,23733000,3.204,32.0,14964,0.3568,Low Risk,1637.0
NSW,55 to 64,ABI,Capital,788,21000,67.0,70,8123000,11.2571,33.0,10308,0.5489,Medium Risk,531.0
NSW,55 to 64,ABI,Core,1606,202000,82.0,324,273280000,4.9568,18.0,170162,0.3757,Low Risk,1675.0
NSW,55 to 64,Autism,Capacity Building,448,18000,72.0,185,5365000,2.4216,28.0,11975,0.2536,Low Risk,445.0
NSW,55 to 64,Autism,Capital,95,17000,79.0,27,574000,3.5185,21.0,6042,0.2216,Low Risk,144.0
NSW,55 to 64,Autism,Core,429,123000,89.0,120,46778000,3.575,11.0,109040,0.2932,Low Risk,424.0
NSW,55 to 64,Cerebral Palsy,Capacity Building,460,22000,75.0,226,7398000,2.0354,25.0,16083,0.2598,Low Risk,466.0
NSW,55 to 64,Cerebral Palsy,Capital,369,29000,79.0,57,6528000,6.4737,21.0,17691,0.3892,Low Risk,318.0
NSW,55 to 64,Cerebral Palsy,Core,460,240000,91.0,163,101048000,2.8221,9.0,219670,0.2854,Low Risk,472.0
NSW,55 to 64,Down Syndrome,Capacity Building,261,26000,68.0,232,4557000,1.125,32.0,17460,0.3114,Low Risk,295.0
NSW,55 to 64,Down Syndrome,Capital,178,21000,83.0,51,1393000,3.4902,17.0,7826,0.2233,Low Risk,192.0
NSW,55 to 64,Down Syndrome,Core,264,313000,89.0,160,78234000,1.65,11.0,296341,0.2553,Low Risk,314.0
NSW,55 to 64,Hearing Impairment,Capacity Building,1088,6000,46.0,57,2731000,19.0877,54.0,2510,0.6825,High Risk,800.0
NSW,55 to 64,Hearing Impairment,Capital,441,7000,51.0,2,327000,220.5,49.0,741,0.7598,High Risk,180.0
NSW,55 to 64,Hearing Impairment,Core,1114,15000,61.0,51,10318000,21.8431,39.0,9262,0.6419,High Risk,822.0
NSW,55 to 64,Intellectual Disability,Capacity Building,2822,19000,68.0,744,36706000,3.793,32.0,13007,0.339,Low Risk,2798.0
NSW,55 to 64,Intellectual Disability,Capital,1105,19000,77.0,99,15229000,11.1616,23.0,13782,0.4408,Medium Risk,924.0
NSW,55 to 64,Intellectual Disability,Core,2863,192000,90.0,632,506413000,4.5301,10.0,176882,0.3323,Low Risk,2898.0
NSW,55 to 64,Multiple Sclerosis,Capacity Building,1055,19000,70.0,212,13869000,4.9764,30.0,13146,0.3517,Low Risk,1061.0
NSW,55 to 64,Multiple Sclerosis,Capital,710,22000,84.0,40,7911000,17.75,16.0,11142,0.4735,Medium Risk,491.0
NSW,55 to 64,Multiple Sclerosis,Core,1050,124000,79.0,123,104212000,8.5366,21.0,99250,0.4772,Medium Risk,1063.0
NSW,55 to 64,Other,Capacity Building,1073,21000,62.0,266,13722000,4.0338,38.0,12788,0.4263,Low Risk,1119.0
NSW,55 to 64,Other,Capital,747,26000,77.0,33,11413000,22.6364,23.0,15278,0.5792,High Risk,563.0
NSW,55 to 64,Other,Core,1061,159000,71.0,131,121958000,8.0992,29.0,114946,0.5478,Medium Risk,1088.0
NSW,55 to 64,Other Neurological,Capacity Building,2501,24000,65.0,540,38238000,4.6315,35.0,15289,0.4307,Low Risk,2542.0
NSW,55 to 64,Other Neurological,Capital,1336,21000,69.0,80,16542000,16.7,31.0,12382,0.5827,High Risk,986.0
NSW,55 to 64,Other Neurological,Core,2465,190000,75.0,358,366717000,6.8855,25.0,148770,0.5013,Medium Risk,2525.0
NSW,55 to 64,Other Physical,Capacity Building,1564,15000,66.0,307,15632000,5.0945,34.0,9995,0.3799,Low Risk,1558.0
NSW,55 to 64,Other Physical,Capital,1193,24000,79.0,48,14408000,24.8542,21.0,12077,0.5618,Medium Risk,792.0
NSW,55 to 64,Other Physical,Core,1557,89000,75.0,174,109654000,8.9483,25.0,70426,0.5132,Medium Risk,1569.0
NSW,55 to 64,Other Sensory/Speech,Capacity Building,10,20000,64.0,1,0,10.0,36.0,0,0.5393,Medium Risk,60.0
NSW,55 to 64,Other Sensory/Speech,Capital,10,20000,73.0,1,0,10.0,27.0,0,0.4658,Medium Risk,10.0
NSW,55 to 64,Other Sensory/Speech,Core,10,84000,80.0,1,0,10.0,20.0,0,0.4859,Medium Risk,70.0
NSW,55 to 64,Psychosocial Disability,Capacity Building,5141,19000,66.0,812,63805000,6.3313,34.0,12411,0.4331,Medium Risk,5185.0
NSW,55 to 64,Psychosocial Disability,Capital,433,13000,60.0,48,2971000,9.0208,40.0,6861,0.5148,Medium Risk,254.0
NSW,55 to 64,Psychosocial Disability,Core,5140,111000,81.0,644,477061000,7.9814,19.0,92813,0.4446,Medium Risk,5205.0
NSW,55 to 64,Spinal Cord Injury,Capacity Building,637,22000,74.0,148,9599000,4.3041,26.0,15069,0.3342,Low Risk,640.0
NSW,55 to 64,Spinal Cord Injury,Capital,566,32000,80.0,31,10977000,18.2581,20.0,19394,0.5477,Medium Risk,458.0
NSW,55 to 64,Spinal Cord Injury,Core,637,189000,77.0,58,91093000,10.9828,23.0,143003,0.5659,Medium Risk,657.0
NSW,55 to 64,Stroke,Capacity Building,1441,23000,70.0,398,21982000,3.6206,30.0,15255,0.3546,Low Risk,1452.0
NSW,55 to 64,Stroke,Capital,943,23000,71.0,60,11512000,15.7167,29.0,12208,0.5767,High Risk,629.0
NSW,55 to 64,Stroke,Core,1431,192000,79.0,233,215333000,6.1416,21.0,150477,0.4475,Medium Risk,1456.0
NSW,55 to 64,Visual Impairment,Capacity Building,765,11000,55.0,137,4345000,5.5839,45.0,5680,0.4806,Medium Risk,694.0
NSW,55 to 64,Visual Impairment,Capital,230,14000,71.0,7,206000,32.8571,29.0,896,0.5772,High Risk,135.0
NSW,55 to 64,Visual Impairment,Core,767,59000,79.0,100,35263000,7.67,21.0,45975,0.4371,Medium Risk,772.0
NSW,65+,ABI,Capacity Building,848,21000,68.0,353,12433000,2.4023,32.0,14662,0.3152,Low Risk,894.0
NSW,65+,ABI,Capital,508,18000,63.0,50,4851000,10.16,37.0,9549,0.544,Medium Risk,328.0
NSW,65+,ABI,Core,863,197000,79.0,247,165327000,3.4939,21.0,191572,0.3647,Low Risk,954.0
NSW,65+,Autism,Capacity Building,142,18000,67.0,91,1315000,1.5604,33.0,9261,0.2683,Low Risk,171.0
NSW,65+,Autism,Capital,49,18000,99.0,21,0,2.3333,1.0,0,0.1195,Low Risk,130.0
NSW,65+,Autism,Core,148,157000,89.0,64,12084000,2.3125,11.0,81649,0.2595,Low Risk,172.0
NSW,65+,Cerebral Palsy,Capacity Building,215,19000,74.0,134,2803000,1.6045,26.0,13037,0.2227,Low Risk,237.0
NSW,65+,Cerebral Palsy,Capital,177,28000,88.0,37,2494000,4.7838,12.0,14090,0.2767,Low Risk,191.0
NSW,65+,Cerebral Palsy,Core,215,249000,89.0,92,46571000,2.337,11.0,216609,0.2737,Low Risk,243.0
NSW,65+,Down Syndrome,Capacity Building,41,22000,67.0,63,179000,0.6508,33.0,4366,0.2822,Low Risk,141.0
NSW,65+,Down Syndrome,Capital,30,23000,83.0,12,0,2.5,17.0,0,0.2086,Low Risk,150.0
NSW,65+,Down Syndrome,Core,42,308000,88.0,34,3709000,1.2353,12.0,88310,0.2462,Low Risk,145.0
NSW,65+,Hearing Impairment,Capacity Building,748,5000,49.0,43,1723000,17.3953,51.0,2303,0.662,High Risk,517.0
NSW,65+,Hearing Impairment,Capital,289,7000,41.0,5,87000,57.8,59.0,301,0.7666,High Risk,156.0
NSW,65+,Hearing Impairment,Core,822,14000,68.0,39,7680000,21.0769,32.0,9343,0.5662,Medium Risk,583.0
NSW,65+,Intellectual Disability,Capacity Building,1578,19000,70.0,561,21119000,2.8128,30.0,13383,0.292,Low Risk,1597.0
NSW,65+,Intellectual Disability,Capital,734,21000,82.0,94,11679000,7.8085,18.0,15911,0.3458,Low Risk,656.0
NSW,65+,Intellectual Disability,Core,1598,213000,86.0,433,326799000,3.6905,14.0,204505,0.3255,Low Risk,1720.0
NSW,65+,Multiple Sclerosis,Capacity Building,746,18000,67.0,175,9693000,4.2629,33.0,12993,0.35,Low Risk,759.0
NSW,65+,Multiple Sclerosis,Capital,581,18000,78.0,34,5649000,17.0882,22.0,9723,0.4777,Medium Risk,427.0
NSW,65+,Multiple Sclerosis,Core,744,136000,75.0,95,86569000,7.8316,25.0,116356,0.5051,Medium Risk,769.0
NSW,65+,Other,Capacity Building,609,20000,63.0,192,7984000,3.1719,37.0,13110,0.3761,Low Risk,649.0
NSW,65+,Other,Capital,440,30000,82.0,37,6970000,11.8919,18.0,15841,0.4712,Medium Risk,319.0
NSW,65+,Other,Core,606,162000,78.0,110,82956000,5.5091,22.0,136891,0.4363,Medium Risk,656.0
NSW,65+,Other Neurological,Capacity Building,2303,23000,67.0,541,36029000,4.2569,33.0,15644,0.3963,Low Risk,2464.0
NSW,65+,Other Neurological,Capital,1384,19000,67.0,51,14559000,27.1373,33.0,10520,0.6263,High Risk,997.0
NSW,65+,Other Neurological,Core,2289,179000,74.0,317,381445000,7.2208,26.0,166643,0.5144,Medium Risk,2566.0
NSW,65+,Other Physical,Capacity Building,1421,14000,62.0,281,13140000,5.0569,38.0,9247,0.4181,Low Risk,1436.0
NSW,65+,Other Physical,Capital,1156,22000,80.0,38,11722000,30.4211,20.0,10140,0.5519,Medium Risk,769.0
NSW,65+,Other Physical,Core,1419,84000,75.0,195,102317000,7.2769,25.0,72105,0.4772,Medium Risk,1473.0
NSW,65+,Other Sensory/Speech,Capacity Building,10,20000,64.0,2,0,5.0,36.0,0,0.4248,Low Risk,40.0
NSW,65+,Other Sensory/Speech,Capital,10,20000,73.0,2,0,5.0,27.0,0,0.3513,Low Risk,
NSW,65+,Other Sensory/Speech,Core,10,84000,80.0,2,0,5.0,20.0,0,0.3714,Low Risk,70.0
NSW,65+,Psychosocial Disability,Capacity Building,2385,18000,67.0,587,29560000,4.063,33.0,12394,0.3457,Low Risk,2468.0
NSW,65+,Psychosocial Disability,Capital,338,13000,52.0,32,1734000,10.5625,48.0,5130,0.6122,High Risk,215.0
NSW,65+,Psychosocial Disability,Core,2391,120000,79.0,438,262633000,5.4589,21.0,109842,0.4159,Low Risk,2523.0
NSW,65+,Spinal Cord Injury,Capacity Building,413,20000,67.0,121,6016000,3.4132,33.0,14567,0.3473,Low Risk,434.0
NSW,65+,Spinal Cord Injury,Capital,373,28000,70.0,15,4803000,24.8667,30.0,12877,0.655,High Risk,317.0
NSW,65+,Spinal Cord Injury,Core,416,171000,79.0,67,60258000,6.209,21.0,144851,0.4446,Medium Risk,454.0
NSW,65+,Stroke,Capacity Building,1159,19000,71.0,363,16508000,3.1928,29.0,14243,0.294,Low Risk,1220.0
NSW,65+,Stroke,Capital,829,18000,71.0,64,7398000,12.9531,29.0,8924,0.5059,Medium Risk,547.0
NSW,65+,Stroke,Core,1159,163000,78.0,226,179799000,5.1283,22.0,155133,0.4259,Low Risk,1285.0
NSW,65+,Visual Impairment,Capacity Building,623,9000,58.0,109,3415000,5.7156,42.0,5482,0.4587,Medium Risk,594.0
NSW,65+,Visual Impairment,Capital,207,11000,74.0,4,230000,51.75,26.0,1111,0.5662,Medium Risk,159.0
NSW,65+,Visual Impairment,Core,635,57000,78.0,87,29631000,7.2989,22.0,46663,0.4368,Medium Risk,654.0
NSW,9 to 14,ABI,Capacity Building,167,28000,69.0,52,2322000,3.2115,31.0,13904,0.3717,Low Risk,191.0
NSW,9 to 14,ABI,Capital,62,32000,42.0,1,0,62.0,58.0,0,0.8896,High Risk,130.0
NSW,9 to 14,ABI,Core,133,81000,86.0,4,7518000,33.25,14.0,56526,0.5833,High Risk,173.0
NSW,9 to 14,Autism,Capacity Building,33776,19000,64.0,1096,376470000,30.8175,36.0,11146,0.662,High Risk,32283.0
NSW,9 to 14,Autism,Capital,889,8000,66.0,10,2128000,88.9,34.0,2394,0.6317,High Risk,501.0
NSW,9 to 14,Autism,Core,22406,11000,88.0,233,351192000,96.1631,12.0,15674,0.4779,Medium Risk,21542.0
NSW,9 to 14,Cerebral Palsy,Capacity Building,910,25000,72.0,137,15764000,6.6423,28.0,17323,0.4408,Medium Risk,908.0
NSW,9 to 14,Cerebral Palsy,Capital,612,22000,68.0,16,6019000,38.25,32.0,9835,0.6682,High Risk,447.0
NSW,9 to 14,Cerebral Palsy,Core,834,40000,83.0,35,32020000,23.8286,17.0,38393,0.56,Medium Risk,743.0
NSW,9 to 14,Developmental Delay,Capacity Building,227,15000,50.0,34,2306000,6.6765,50.0,10159,0.5397,Medium Risk,497.0
NSW,9 to 14,Developmental Delay,Capital,10,10000,69.5,18,0,0.5556,30.5,0,0.187,Low Risk,50.0
NSW,9 to 14,Developmental Delay,Core,85,5000,89.0,2,715000,42.5,11.0,8412,0.4335,Medium Risk,221.0
NSW,9 to 14,Down Syndrome,Capacity Building,417,24000,75.0,118,7149000,3.5339,25.0,17144,0.3207,Low Risk,415.0
NSW,9 to 14,Down Syndrome,Capital,97,8000,72.0,1,65000,97.0,28.0,670,0.5853,High Risk,121.0
NSW,9 to 14,Down Syndrome,Core,383,23000,91.0,21,11535000,18.2381,9.0,30117,0.4604,Medium Risk,400.0
NSW,9 to 14,Global Developmental Delay,Capacity Building,200,19000,63.0,51,2249000,3.9216,37.0,11245,0.3891,Low Risk,334.0
NSW,9 to 14,Global Developmental Delay,Capital,10,13500,73.0,26,0,0.3846,27.0,0,0.1687,Low Risk,50.0
NSW,9 to 14,Global Developmental Delay,Core,107,8000,94.0,2,1104000,53.5,6.0,10318,0.4438,Medium Risk,179.0
NSW,9 to 14,Hearing Impairment,Capacity Building,1290,11000,48.0,84,6197000,15.3571,52.0,4804,0.6699,High Risk,1141.0
NSW,9 to 14,Hearing Impairment,Capital,63,3000,8.0,1,0,63.0,92.0,0,0.7784,High Risk,70.0
NSW,9 to 14,Hearing Impairment,Core,1271,2000,81.0,9,4254000,141.2222,19.0,3347,0.4944,Medium Risk,643.0
NSW,9 to 14,Intellectual Disability,Capacity Building,4140,21000,68.0,558,54291000,7.4194,32.0,13114,0.4611,Medium Risk,4027.0
NSW,9 to 14,Intellectual Disability,Capital,440,20000,66.0,6,3745000,73.3333,34.0,8511,0.6875,High Risk,298.0
NSW,9 to 14,Intellectual Disability,Core,2930,21000,89.0,92,70113000,31.8478,11.0,23929,0.4985,Medium Risk,2713.0
NSW,9 to 14,Multiple Sclerosis,Capacity Building,10,20000,64.0,106,0,0.0943,36.0,0,0.2767,Low Risk,10.0
NSW,9 to 14,Other,Capacity Building,524,17000,62.0,60,5041000,8.7333,38.0,9620,0.5059,Medium Risk,533.0
NSW,9 to 14,Other,Capital,52,23000,55.0,32,0,1.625,45.0,0,0.4249,Low Risk,120.0
NSW,9 to 14,Other,Core,289,11000,77.0,4,2594000,72.25,23.0,8976,0.5436,Medium Risk,206.0
NSW,9 to 14,Other Neurological,Capacity Building,425,22000,66.0,82,5963000,5.1829,34.0,14031,0.4382,Medium Risk,418.0
NSW,9 to 14,Other Neurological,Capital,188,31000,76.0,6,2219000,31.3333,24.0,11803,0.6306,High Risk,177.0
NSW,9 to 14,Other Neurological,Core,352,47000,72.0,13,12253000,27.0769,28.0,34810,0.6689,High Risk,316.0
NSW,9 to 14,Other Physical,Capacity Building,359,18000,61.0,50,3332000,7.18,39.0,9281,0.4952,Medium Risk,375.0
NSW,9 to 14,Other Physical,Capital,167,21000,70.0,6,698000,27.8333,30.0,4180,0.6239,High Risk,145.0
NSW,9 to 14,Other Physical,Core,303,23000,80.0,9,5384000,33.6667,20.0,17769,0.5665,Medium Risk,279.0
NSW,9 to 14,Other Sensory/Speech,Capacity Building,324,12000,52.0,44,1764000,7.3636,48.0,5444,0.5364,Medium Risk,324.0
NSW,9 to 14,Other Sensory/Speech,Capital,10,8000,62.5,24,0,0.4167,37.5,0,0.2446,Low Risk,
NSW,9 to 14,Other Sensory/Speech,Core,139,4000,73.0,3,314000,46.3333,27.0,2259,0.5499,Medium Risk,158.0
NSW,9 to 14,Psychosocial Disability,Capacity Building,52,23000,49.0,9,0,5.7778,51.0,0,0.589,High Risk,140.0
NSW,9 to 14,Psychosocial Disability,Capital,10,21500,59.5,9,0,1.1111,40.5,0,0.3654,Low Risk,
NSW,9 to 14,Psychosocial Disability,Core,35,20000,70.0,9,0,3.8889,30.0,0,0.3355,Low Risk,110.0
NSW,9 to 14,Spinal Cord Injury,Capacity Building,10,20000,64.0,1,0,10.0,36.0,0,0.5393,Medium Risk,60.0
NSW,9 to 14,Spinal Cord Injury,Capital,10,20000,73.0,1,0,10.0,27.0,0,0.4658,Medium Risk,30.0
NSW,9 to 14,Spinal Cord Injury,Core,10,84000,80.0,1,0,10.0,20.0,0,0.4859,Medium Risk,60.0
NSW,9 to 14,Stroke,Capacity Building,10,20000,64.0,106,0,0.0943,36.0,0,0.2767,Low Risk,70.0
NSW,9 to 14,Stroke,Capital,10,20000,73.0,15,0,0.6667,27.0,0,0.2174,Low Risk,40.0
NSW,9 to 14,Stroke,Core,10,84000,80.0,57,0,0.1754,20.0,0,0.2255,Low Risk,60.0
NSW,9 to 14,Visual Impairment,Capacity Building,224,15000,58.0,33,1463000,6.7879,42.0,6531,0.5,Medium Risk,224.0
NSW,9 to 14,Visual Impairment,Capital,48,9000,18.0,18,0,2.6667,82.0,0,0.4408,Medium Risk,90.0
NSW,9 to 14,Visual Impairment,Core,205,6000,81.0,3,1263000,68.3333,19.0,6161,0.4898,Medium Risk,190.0
NT,0 to 8,ABI,Capacity Building,10,32000,58.0,2,0,5.0,42.0,0,0.5483,Medium Risk,40.0
NT,0 to 8,ABI,Capital,10,19000,62.0,2,0,5.0,38.0,0,0.4374,Medium Risk,
NT,0 to 8,ABI,Core,10,150000,81.0,2,0,5.0,19.0,0,0.3821,Low Risk,30.0
NT,0 to 8,Autism,Capacity Building,439,26000,56.0,34,5667000,12.9118,44.0,12909,0.7059,High Risk,438.0
NT,0 to 8,Autism,Capital,28,6000,63.0,34,74000,0.8235,37.0,2643,0.2429,Low Risk,53.0
NT,0 to 8,Autism,Core,416,4000,89.0,34,5940000,12.2353,11.0,14279,0.3205,Low Risk,303.0
NT,0 to 8,Cerebral Palsy,Capacity Building,27,33000,50.0,4,255000,6.75,50.0,9444,0.6404,High Risk,36.0
NT,0 to 8,Cerebral Palsy,Capital,14,18000,68.0,4,0,3.5,32.0,0,0.3217,Low Risk,30.0
NT,0 to 8,Cerebral Palsy,Core,26,18000,81.0,4,355000,6.5,19.0,13654,0.2967,Low Risk,34.0
NT,0 to 8,Developmental Delay,Capacity Building,637,28000,49.0,37,7508000,17.2162,51.0,11786,0.7785,High Risk,710.0
NT,0 to 8,Developmental Delay,Capital,19,10000,32.0,20,0,0.95,68.0,0,0.3867,Low Risk,30.0
NT,0 to 8,Developmental Delay,Core,590,1000,90.0,2,3171000,295.0,10.0,5375,0.4572,Medium Risk,288.0
NT,0 to 8,Down Syndrome,Capacity Building,25,36000,66.0,7,0,3.5714,34.0,0,0.426,Low Risk,60.0
NT,0 to 8,Down Syndrome,Capital,10,26500,71.5,7,0,1.4286,28.5,0,0.294,Low Risk,10.0
NT,0 to 8,Down Syndrome,Core,19,17000,77.0,7,0,2.7143,23.0,0,0.2141,Low Risk,50.0
NT,0 to 8,Global Developmental Delay,Capacity Building,246,32000,56.0,28,3530000,8.7857,44.0,14350,0.6478,High Risk,241.0
NT,0 to 8,Global Developmental Delay,Capital,11,17000,55.0,28,0,0.3929,45.0,0,0.3399,Low Risk,40.0
NT,0 to 8,Global Developmental Delay,Core,230,5000,80.0,28,1365000,8.2143,20.0,5935,0.2931,Low Risk,130.0
NT,0 to 8,Hearing Impairment,Capacity Building,54,22000,45.0,9,229000,6.0,55.0,4241,0.5963,High Risk,92.0
NT,0 to 8,Hearing Impairment,Capital,10,13500,51.5,9,0,1.1111,48.5,0,0.3618,Low Risk,10.0
NT,0 to 8,Hearing Impairment,Core,53,5000,58.0,9,41000,5.8889,42.0,774,0.4503,Medium Risk,53.0
NT,0 to 8,Intellectual Disability,Capacity Building,95,35000,58.0,17,1313000,5.5882,42.0,13821,0.5766,High Risk,111.0
NT,0 to 8,Intellectual Disability,Capital,20,22000,83.0,17,0,1.1765,17.0,0,0.1594,Low Risk,40.0
NT,0 to 8,Intellectual Disability,Core,90,9000,80.0,17,673000,5.2941,20.0,7478,0.246,Low Risk,89.0
NT,0 to 8,Other,Capacity Building,13,23000,47.0,1,89000,13.0,53.0,6846,0.7295,High Risk,31.0
NT,0 to 8,Other,Capital,10,14500,68.0,1,0,10.0,32.0,0,0.4656,Medium Risk,
NT,0 to 8,Other,Core,14,6000,89.0,1,0,14.0,11.0,0,0.3438,Low Risk,20.0
NT,0 to 8,Other Neurological,Capacity Building,10,32000,58.0,2,0,5.0,42.0,0,0.5483,Medium Risk,40.0
NT,0 to 8,Other Neurological,Capital,10,19000,62.0,2,0,5.0,38.0,0,0.4374,Medium Risk,20.0
NT,0 to 8,Other Neurological,Core,10,150000,81.0,2,0,5.0,19.0,0,0.3821,Low Risk,20.0
NT,0 to 8,Other Physical,Capacity Building,10,32000,80.0,3,0,3.3333,20.0,0,0.2915,Low Risk,40.0
NT,0 to 8,Other Physical,Capital,10,19000,80.0,3,0,3.3333,20.0,0,0.2205,Low Risk,20.0
NT,0 to 8,Other Physical,Core,10,150000,80.0,3,0,3.3333,20.0,0,0.3382,Low Risk,40.0
NT,0 to 8,Spinal Cord Injury,Capacity Building,10,32000,58.0,9,0,1.1111,42.0,0,0.4265,Low Risk,
NT,0 to 8,Spinal Cord Injury,Core,10,150000,81.0,6,0,1.6667,19.0,0,0.2787,Low Risk,
NT,0 to 8,Stroke,Capacity Building,10,32000,58.0,1,0,10.0,42.0,0,0.6628,High Risk,10.0
NT,0 to 8,Stroke,Capital,10,19000,62.0,1,0,10.0,38.0,0,0.552,Medium Risk,
NT,0 to 8,Stroke,Core,10,150000,81.0,1,0,10.0,19.0,0,0.4966,Medium Risk,
NT,0 to 8,Visual Impairment,Capacity Building,10,32000,58.0,1,0,10.0,42.0,0,0.6628,High Risk,30.0
NT,0 to 8,Visual Impairment,Core,10,150000,81.0,1,0,10.0,19.0,0,0.4966,Medium Risk,30.0
NT,15 to 18,ABI,Capacity Building,10,32000,58.0,9,0,1.1111,42.0,0,0.4265,Low Risk,30.0
NT,15 to 18,ABI,Core,10,150000,81.0,6,0,1.6667,19.0,0,0.2787,Low Risk,20.0
NT,15 to 18,Autism,Capacity Building,333,28000,45.0,45,3597000,7.4,55.0,10802,0.6561,High Risk,331.0
NT,15 to 18,Autism,Capital,10,29000,59.5,25,0,0.4,40.5,0,0.3851,Low Risk,10.0
NT,15 to 18,Autism,Core,311,30000,74.0,5,7499000,62.2,26.0,24113,0.6763,High Risk,243.0
NT,15 to 18,Cerebral Palsy,Capacity Building,19,41000,59.0,10,220000,1.9,41.0,11579,0.4491,Medium Risk,52.0
NT,15 to 18,Cerebral Palsy,Capital,12,18000,29.0,10,0,1.2,71.0,0,0.4244,Low Risk,20.0
NT,15 to 18,Cerebral Palsy,Core,19,132000,85.0,10,600000,1.9,15.0,31579,0.2577,Low Risk,41.0
NT,15 to 18,Down Syndrome,Capacity Building,10,32000,58.0,4,0,2.5,42.0,0,0.469,Medium Risk,30.0
NT,15 to 18,Down Syndrome,Capital,10,19000,62.0,4,0,2.5,38.0,0,0.3582,Low Risk,
NT,15 to 18,Down Syndrome,Core,10,150000,81.0,4,0,2.5,19.0,0,0.3028,Low Risk,30.0
NT,15 to 18,Hearing Impairment,Capacity Building,16,25000,38.0,3,0,5.3333,62.0,0,0.614,High Risk,50.0
NT,15 to 18,Hearing Impairment,Capital,10,22000,45.5,3,0,3.3333,54.5,0,0.5089,Medium Risk,
NT,15 to 18,Hearing Impairment,Core,17,19000,53.0,3,0,5.6667,47.0,0,0.532,Medium Risk,40.0
NT,15 to 18,Intellectual Disability,Capacity Building,263,39000,50.0,53,4593000,4.9623,50.0,17464,0.5879,High Risk,248.0
NT,15 to 18,Intellectual Disability,Capital,10,40500,61.5,30,0,0.3333,38.5,0,0.3811,Low Risk,30.0
NT,15 to 18,Intellectual Disability,Core,234,42000,73.0,6,6284000,39.0,27.0,26855,0.6818,High Risk,200.0
NT,15 to 18,Other,Capacity Building,10,32000,58.0,1,0,10.0,42.0,0,0.6628,High Risk,20.0
NT,15 to 18,Other,Core,10,150000,81.0,1,0,10.0,19.0,0,0.4966,Medium Risk,10.0
NT,15 to 18,Other Neurological,Capacity Building,15,38000,69.0,7,0,2.1429,31.0,0,0.3567,Low Risk,60.0
NT,15 to 18,Other Neurological,Capital,10,59500,62.5,7,0,1.4286,37.5,0,0.4069,Low Risk,50.0
NT,15 to 18,Other Neurological,Core,19,81000,56.0,7,0,2.7143,44.0,0,0.513,Medium Risk,50.0
NT,15 to 18,Other Physical,Capacity Building,10,32000,58.0,3,0,3.3333,42.0,0,0.494,Medium Risk,40.0
NT,15 to 18,Other Physical,Capital,10,19000,62.0,3,0,3.3333,38.0,0,0.3832,Low Risk,30.0
NT,15 to 18,Other Physical,Core,10,150000,81.0,3,0,3.3333,19.0,0,0.3279,Low Risk,40.0
NT,15 to 18,Other Sensory/Speech,Capacity Building,10,32000,58.0,2,0,5.0,42.0,0,0.5483,Medium Risk,50.0
NT,15 to 18,Other Sensory/Speech,Core,10,150000,81.0,2,0,5.0,19.0,0,0.3821,Low Risk,30.0
NT,15 to 18,Psychosocial Disability,Capacity Building,10,32000,58.0,9,0,1.1111,42.0,0,0.4265,Low Risk,20.0
NT,15 to 18,Psychosocial Disability,Core,10,150000,81.0,6,0,1.6667,19.0,0,0.2787,Low Risk,20.0
NT,15 to 18,Spinal Cord Injury,Capacity Building,10,32000,58.0,2,0,5.0,42.0,0,0.5483,Medium Risk,20.0
NT,15 to 18,Spinal Cord Injury,Capital,10,19000,62.0,2,0,5.0,38.0,0,0.4374,Medium Risk,10.0
NT,15 to 18,Spinal Cord Injury,Core,10,150000,81.0,2,0,5.0,19.0,0,0.3821,Low Risk,20.0
NT,15 to 18,Stroke,Capacity Building,10,32000,58.0,2,0,5.0,42.0,0,0.5483,Medium Risk,20.0
NT,15 to 18,Stroke,Core,10,150000,81.0,2,0,5.0,19.0,0,0.3821,Low Risk,20.0
NT,15 to 18,Visual Impairment,Capacity Building,10,32000,58.0,9,0,1.1111,42.0,0,0.4265,Low Risk,10.0
NT,15 to 18,Visual Impairment,Capital,10,19000,62.0,2,0,5.0,38.0,0,0.4374,Medium Risk,10.0
NT,15 to 18,Visual Impairment,Core,10,150000,81.0,6,0,1.6667,19.0,0,0.2787,Low Risk,10.0
NT,19 to 24,ABI,Capacity Building,13,42000,49.0,8,0,1.625,51.0,0,0.495,Medium Risk,40.0
NT,19 to 24,ABI,Capital,10,146000,66.0,2,0,5.0,34.0,0,0.5105,Medium Risk,10.0
NT,19 to 24,ABI,Core,15,250000,83.0,4,0,3.75,17.0,0,0.3434,Low Risk,40.0
NT,19 to 24,Autism,Capacity Building,193,38000,47.0,28,2959000,6.8929,53.0,15332,0.6587,High Risk,202.0
NT,19 to 24,Autism,Capital,10,73000,64.5,21,0,0.4762,35.5,0,0.3614,Low Risk,20.0
NT,19 to 24,Autism,Core,182,108000,82.0,14,14449000,13.0,18.0,79390,0.5262,Medium Risk,172.0
NT,19 to 24,Cerebral Palsy,Capacity Building,22,46000,74.0,13,297000,1.6923,26.0,13500,0.3147,Low Risk,52.0
NT,19 to 24,Cerebral Palsy,Capital,13,24000,82.5,1,0,13.0,17.5,0,0.4612,Medium Risk,40.0
NT,19 to 24,Cerebral Palsy,Core,22,469000,91.0,5,3093000,4.4,9.0,140591,0.3345,Low Risk,52.0
NT,19 to 24,Down Syndrome,Capacity Building,24,42000,54.0,7,0,3.4286,46.0,0,0.5311,Medium Risk,40.0
NT,19 to 24,Down Syndrome,Capital,10,88500,67.5,4,0,2.5,32.5,0,0.4061,Low Risk,
NT,19 to 24,Down Syndrome,Core,16,135000,81.0,2,0,8.0,19.0,0,0.4499,Medium Risk,40.0
NT,19 to 24,Hearing Impairment,Capacity Building,27,33000,39.0,7,0,3.8571,61.0,0,0.5813,High Risk,50.0
NT,19 to 24,Hearing Impairment,Core,20,17000,50.0,7,0,2.8571,50.0,0,0.4349,Medium Risk,40.0
NT,19 to 24,Intellectual Disability,Capacity Building,241,43000,45.0,42,4584000,5.7381,55.0,19021,0.6431,High Risk,253.0
NT,19 to 24,Intellectual Disability,Capital,21,7000,18.0,29,0,0.7241,82.0,0,0.3735,Low Risk,40.0
NT,19 to 24,Intellectual Disability,Core,228,172000,57.0,16,21370000,14.25,43.0,93728,0.7848,High Risk,209.0
NT,19 to 24,Other,Capacity Building,10,32000,58.0,4,0,2.5,42.0,0,0.469,Medium Risk,20.0
NT,19 to 24,Other,Capital,10,19000,62.0,4,0,2.5,38.0,0,0.3582,Low Risk,20.0
NT,19 to 24,Other,Core,10,150000,81.0,4,0,2.5,19.0,0,0.3028,Low Risk,20.0
NT,19 to 24,Other Neurological,Capacity Building,19,43000,59.0,11,0,1.7273,41.0,0,0.4474,Medium Risk,50.0
NT,19 to 24,Other Neurological,Capital,10,209000,59.0,1,0,10.0,41.0,0,0.71,High Risk,20.0
NT,19 to 24,Other Neurological,Core,21,375000,59.0,1,0,21.0,41.0,0,0.8178,High Risk,30.0
NT,19 to 24,Other Physical,Capacity Building,10,32000,58.0,2,0,5.0,42.0,0,0.5483,Medium Risk,50.0
NT,19 to 24,Other Physical,Capital,10,19000,62.0,2,0,5.0,38.0,0,0.4374,Medium Risk,20.0
NT,19 to 24,Other Physical,Core,10,150000,81.0,2,0,5.0,19.0,0,0.3821,Low Risk,50.0
NT,19 to 24,Other Sensory/Speech,Capacity Building,10,32000,58.0,9,0,1.1111,42.0,0,0.4265,Low Risk,10.0
NT,19 to 24,Other Sensory/Speech,Core,10,150000,81.0,6,0,1.6667,19.0,0,0.2787,Low Risk,
NT,19 to 24,Psychosocial Disability,Capacity Building,25,49000,58.0,20,419000,1.25,42.0,16760,0.4442,Medium Risk,42.0
NT,19 to 24,Psychosocial Disability,Core,25,249000,71.0,6,2343000,4.1667,29.0,93720,0.4572,Medium Risk,41.0
NT,19 to 24,Spinal Cord Injury,Capacity Building,10,32000,58.0,1,0,10.0,42.0,0,0.6628,High Risk,10.0
NT,19 to 24,Spinal Cord Injury,Capital,10,19000,62.0,1,0,10.0,38.0,0,0.552,Medium Risk,10.0
NT,19 to 24,Spinal Cord Injury,Core,10,150000,81.0,1,0,10.0,19.0,0,0.4966,Medium Risk,10.0
NT,19 to 24,Stroke,Capacity Building,10,32000,58.0,1,0,10.0,42.0,0,0.6628,High Risk,10.0
NT,19 to 24,Stroke,Capital,10,19000,62.0,1,0,10.0,38.0,0,0.552,Medium Risk,10.0
NT,19 to 24,Stroke,Core,10,150000,81.0,1,0,10.0,19.0,0,0.4966,Medium Risk,10.0
NT,19 to 24,Visual Impairment,Capacity Building,10,32000,58.0,3,0,3.3333,42.0,0,0.494,Medium Risk,20.0
NT,19 to 24,Visual Impairment,Capital,10,19000,62.0,3,0,3.3333,38.0,0,0.3832,Low Risk,
NT,19 to 24,Visual Impairment,Core,10,150000,81.0,3,0,3.3333,19.0,0,0.3279,Low Risk,20.0
NT,25 to 34,ABI,Capacity Building,38,47000,65.0,18,540000,2.1111,35.0,14211,0.3947,Low Risk,77.0
NT,25 to 34,ABI,Capital,10,160000,68.5,12,0,0.8333,31.5,0,0.3675,Low Risk,20.0
NT,25 to 34,ABI,Core,30,273000,72.0,6,4573000,5.0,28.0,152433,0.4814,Medium Risk,76.0
NT,25 to 34,Autism,Capacity Building,109,27000,52.0,25,1299000,4.36,48.0,11917,0.5444,Medium Risk,138.0
NT,25 to 34,Autism,Capital,10,69000,62.0,1,0,10.0,38.0,0,0.6414,High Risk,10.0
NT,25 to 34,Autism,Core,107,111000,72.0,8,7506000,13.375,28.0,70150,0.6235,High Risk,117.0
NT,25 to 34,Cerebral Palsy,Capacity Building,34,39000,62.0,21,386000,1.619,38.0,11353,0.4073,Low Risk,66.0
NT,25 to 34,Cerebral Palsy,Capital,26,31000,85.0,5,0,5.2,15.0,0,0.3232,Low Risk,60.0
NT,25 to 34,Cerebral Palsy,Core,34,371000,88.0,11,5551000,3.0909,12.0,163265,0.3042,Low Risk,65.0
NT,25 to 34,Down Syndrome,Capacity Building,25,27000,61.0,9,223000,2.7778,39.0,8920,0.4357,Medium Risk,43.0
NT,25 to 34,Down Syndrome,Capital,10,110500,70.5,6,0,1.6667,29.5,0,0.3632,Low Risk,10.0
NT,25 to 34,Down Syndrome,Core,20,194000,80.0,2,2398000,10.0,20.0,119900,0.5178,Medium Risk,54.0
NT,25 to 34,Hearing Impairment,Capacity Building,21,16000,60.0,8,0,2.625,40.0,0,0.361,Low Risk,40.0
NT,25 to 34,Hearing Impairment,Capital,10,17500,60.0,5,0,2.0,40.0,0,0.3504,Low Risk,10.0
NT,25 to 34,Hearing Impairment,Core,24,19000,60.0,2,0,12.0,40.0,0,0.6063,High Risk,40.0
NT,25 to 34,Intellectual Disability,Capacity Building,141,36000,58.0,41,2647000,3.439,42.0,18773,0.5038,Medium Risk,155.0
NT,25 to 34,Intellectual Disability,Capital,26,23000,67.0,3,0,8.6667,33.0,0,0.5077,Medium Risk,50.0
NT,25 to 34,Intellectual Disability,Core,144,259000,85.0,22,28085000,6.5455,15.0,195035,0.4176,Low Risk,148.0
NT,25 to 34,Multiple Sclerosis,Capacity Building,10,32000,58.0,2,0,5.0,42.0,0,0.5483,Medium Risk,20.0
NT,25 to 34,Multiple Sclerosis,Capital,10,19000,62.0,2,0,5.0,38.0,0,0.4374,Medium Risk,10.0
NT,25 to 34,Multiple Sclerosis,Core,10,150000,81.0,2,0,5.0,19.0,0,0.3821,Low Risk,20.0
NT,25 to 34,Other,Capacity Building,10,32000,58.0,3,0,3.3333,42.0,0,0.494,Medium Risk,30.0
NT,25 to 34,Other,Capital,10,19000,62.0,1,0,10.0,38.0,0,0.552,Medium Risk,30.0
NT,25 to 34,Other,Core,10,150000,81.0,1,0,10.0,19.0,0,0.4966,Medium Risk,20.0
NT,25 to 34,Other Neurological,Capacity Building,24,30000,46.0,7,0,3.4286,54.0,0,0.5483,Medium Risk,60.0
NT,25 to 34,Other Neurological,Capital,10,73000,59.0,4,0,2.5,41.0,0,0.4766,Medium Risk,20.0
NT,25 to 34,Other Neurological,Core,15,116000,72.0,1,0,15.0,28.0,0,0.6365,High Risk,50.0
NT,25 to 34,Other Physical,Capacity Building,15,18000,29.0,4,0,3.75,71.0,0,0.5042,Medium Risk,40.0
NT,25 to 34,Other Physical,Capital,10,37000,37.5,2,0,5.0,62.5,0,0.6248,High Risk,30.0
NT,25 to 34,Other Physical,Core,14,56000,46.0,1,0,14.0,54.0,0,0.7893,High Risk,40.0
NT,25 to 34,Psychosocial Disability,Capacity Building,125,34000,58.0,34,2219000,3.6765,42.0,17752,0.5098,Medium Risk,148.0
NT,25 to 34,Psychosocial Disability,Core,119,164000,74.0,21,12429000,5.6667,26.0,104445,0.4797,Medium Risk,140.0
NT,25 to 34,Spinal Cord Injury,Capacity Building,18,32000,66.0,8,0,2.25,34.0,0,0.3766,Low Risk,50.0
NT,25 to 34,Spinal Cord Injury,Capital,10,134000,82.5,8,0,1.25,17.5,0,0.2505,Low Risk,40.0
NT,25 to 34,Spinal Cord Injury,Core,11,236000,99.0,8,0,1.375,1.0,0,0.2358,Low Risk,50.0
NT,25 to 34,Stroke,Capacity Building,10,32000,58.0,7,0,1.4286,42.0,0,0.4364,Medium Risk,40.0
NT,25 to 34,Stroke,Capital,10,19000,62.0,4,0,2.5,38.0,0,0.3582,Low Risk,
NT,25 to 34,Stroke,Core,10,150000,81.0,2,0,5.0,19.0,0,0.3821,Low Risk,30.0
NT,25 to 34,Visual Impairment,Capacity Building,10,32000,58.0,7,0,1.4286,42.0,0,0.4364,Medium Risk,40.0
NT,25 to 34,Visual Impairment,Core,10,150000,81.0,2,0,5.0,19.0,0,0.3821,Low Risk,40.0
NT,35 to 44,ABI,Capacity Building,76,35000,57.0,32,1204000,2.375,43.0,15842,0.477,Medium Risk,94.0
NT,35 to 44,ABI,Capital,23,23000,68.0,3,0,7.6667,32.0,0,0.4818,Medium Risk,50.0
NT,35 to 44,ABI,Core,77,237000,85.0,15,11814000,5.1333,15.0,153429,0.3855,Low Risk,91.0
NT,35 to 44,Autism,Capacity Building,45,27000,61.0,13,547000,3.4615,39.0,12156,0.456,Medium Risk,47.0
NT,35 to 44,Autism,Capital,10,87000,74.0,2,0,5.0,26.0,0,0.4313,Medium Risk,10.0
NT,35 to 44,Autism,Core,42,147000,87.0,2,4721000,21.0,13.0,112405,0.5647,Medium Risk,42.0
NT,35 to 44,Cerebral Palsy,Capacity Building,29,34000,73.0,15,436000,1.9333,27.0,15034,0.3194,Low Risk,57.0
NT,35 to 44,Cerebral Palsy,Capital,22,47000,100.0,6,562000,3.6667,0.0,25545,0.2538,Low Risk,42.0
NT,35 to 44,Cerebral Palsy,Core,29,457000,90.0,8,6759000,3.625,10.0,233069,0.3167,Low Risk,57.0
NT,35 to 44,Down Syndrome,Capacity Building,26,25000,68.0,11,312000,2.3636,32.0,12000,0.3423,Low Risk,40.0
NT,35 to 44,Down Syndrome,Capital,10,121000,80.0,1,0,10.0,20.0,0,0.5007,Medium Risk,10.0
NT,35 to 44,Down Syndrome,Core,29,217000,92.0,6,4027000,4.8333,8.0,138862,0.3377,Low Risk,40.0
NT,35 to 44,Hearing Impairment,Capacity Building,29,23000,64.0,12,0,2.4167,36.0,0,0.3669,Low Risk,40.0
NT,35 to 44,Hearing Impairment,Capital,10,29000,62.0,12,0,0.8333,38.0,0,0.3741,Low Risk,10.0
NT,35 to 44,Hearing Impairment,Core,27,35000,60.0,12,0,2.25,40.0,0,0.4429,Medium Risk,40.0
NT,35 to 44,Intellectual Disability,Capacity Building,102,35000,61.0,42,1928000,2.4286,39.0,18902,0.4399,Medium Risk,121.0
NT,35 to 44,Intellectual Disability,Capital,24,16000,70.0,4,0,6.0,30.0,0,0.3716,Low Risk,40.0
NT,35 to 44,Intellectual Disability,Core,100,265000,86.0,28,21745000,3.5714,14.0,217450,0.3252,Low Risk,120.0
NT,35 to 44,Multiple Sclerosis,Capacity Building,10,32000,58.0,1,0,10.0,42.0,0,0.6628,High Risk,30.0
NT,35 to 44,Multiple Sclerosis,Capital,10,19000,62.0,1,0,10.0,38.0,0,0.552,Medium Risk,10.0
NT,35 to 44,Multiple Sclerosis,Core,10,150000,81.0,1,0,10.0,19.0,0,0.4966,Medium Risk,30.0
NT,35 to 44,Other,Capacity Building,21,36000,45.0,12,0,1.75,55.0,0,0.5129,Medium Risk,50.0
NT,35 to 44,Other,Capital,14,11000,25.0,6,0,2.3333,75.0,0,0.4301,Low Risk,40.0
NT,35 to 44,Other,Core,21,121000,49.0,1,0,21.0,51.0,0,0.8501,High Risk,50.0
NT,35 to 44,Other Neurological,Capacity Building,17,34000,52.0,9,269000,1.8889,48.0,15824,0.4901,Medium Risk,43.0
NT,35 to 44,Other Neurological,Capital,10,161500,54.0,6,0,1.6667,46.0,0,0.5188,Medium Risk,40.0
NT,35 to 44,Other Neurological,Core,16,289000,56.0,2,3230000,8.0,44.0,201875,0.698,High Risk,43.0
NT,35 to 44,Other Physical,Capacity Building,22,34000,45.0,10,0,2.2,55.0,0,0.5194,Medium Risk,50.0
NT,35 to 44,Other Physical,Capital,19,26000,79.0,1,0,19.0,21.0,0,0.5424,Medium Risk,40.0
NT,35 to 44,Other Physical,Core,22,188000,48.0,5,0,4.4,52.0,0,0.63,High Risk,50.0
NT,35 to 44,Other Sensory/Speech,Capacity Building,10,32000,58.0,1,0,10.0,42.0,0,0.6628,High Risk,10.0
NT,35 to 44,Other Sensory/Speech,Core,10,150000,81.0,1,0,10.0,19.0,0,0.4966,Medium Risk,10.0
NT,35 to 44,Psychosocial Disability,Capacity Building,196,32000,57.0,45,3449000,4.3556,43.0,17597,0.5325,Medium Risk,215.0
NT,35 to 44,Psychosocial Disability,Capital,10,102000,70.5,32,0,0.3125,29.5,0,0.3188,Low Risk,
NT,35 to 44,Psychosocial Disability,Core,195,172000,84.0,19,25361000,10.2632,16.0,130056,0.4982,Medium Risk,202.0
NT,35 to 44,Spinal Cord Injury,Capacity Building,18,30000,78.0,10,0,1.8,22.0,0,0.261,Low Risk,60.0
NT,35 to 44,Spinal Cord Injury,Capital,14,19000,38.0,3,0,4.6667,62.0,0,0.5302,Medium Risk,60.0
NT,35 to 44,Spinal Cord Injury,Core,18,301000,80.0,3,0,6.0,20.0,0,0.4422,Medium Risk,60.0
NT,35 to 44,Stroke,Capacity Building,25,35000,54.0,11,220000,2.2727,46.0,8800,0.4877,Medium Risk,61.0
NT,35 to 44,Stroke,Capital,11,16000,69.0,11,0,1.0,31.0,0,0.2249,Low Risk,30.0
NT,35 to 44,Stroke,Core,25,150000,63.0,11,0,2.2727,37.0,0,0.4545,Medium Risk,60.0
NT,35 to 44,Visual Impairment,Capacity Building,10,32000,58.0,6,0,1.6667,42.0,0,0.4449,Medium Risk,30.0
NT,35 to 44,Visual Impairment,Capital,10,19000,62.0,6,0,1.6667,38.0,0,0.334,Low Risk,10.0
NT,35 to 44,Visual Impairment,Core,10,150000,81.0,6,0,1.6667,19.0,0,0.2787,Low Risk,30.0
NT,45 to 54,ABI,Capacity Building,80,41000,57.0,39,1509000,2.0513,43.0,18862,0.4749,Medium Risk,109.0
NT,45 to 54,ABI,Capital,21,11000,33.0,28,0,0.75,67.0,0,0.3796,Low Risk,50.0
NT,45 to 54,ABI,Core,80,305000,80.0,18,16350000,4.4444,20.0,204375,0.3878,Low Risk,108.0
NT,45 to 54,Autism,Capacity Building,33,29000,58.0,17,275000,1.9412,42.0,8333,0.446,Medium Risk,47.0
NT,45 to 54,Autism,Capital,10,123500,74.0,1,0,10.0,26.0,0,0.5582,Medium Risk,10.0
NT,45 to 54,Autism,Core,26,218000,90.0,8,2553000,3.25,10.0,98192,0.2969,Low Risk,47.0
NT,45 to 54,Cerebral Palsy,Capacity Building,26,35000,66.0,14,591000,1.8571,34.0,22731,0.3737,Low Risk,43.0
NT,45 to 54,Cerebral Palsy,Capital,21,27000,80.0,6,0,3.5,20.0,0,0.2844,Low Risk,30.0
NT,45 to 54,Cerebral Palsy,Core,26,485000,90.0,9,4498000,2.8889,10.0,173000,0.2931,Low Risk,42.0
NT,45 to 54,Down Syndrome,Capacity Building,10,32000,58.0,6,0,1.6667,42.0,0,0.4449,Medium Risk,20.0
NT,45 to 54,Down Syndrome,Capital,10,19000,62.0,1,0,10.0,38.0,0,0.552,Medium Risk,20.0
NT,45 to 54,Down Syndrome,Core,10,150000,81.0,2,0,5.0,19.0,0,0.3821,Low Risk,20.0
NT,45 to 54,Hearing Impairment,Capacity Building,35,14000,55.0,9,0,3.8889,45.0,0,0.43,Low Risk,50.0
NT,45 to 54,Hearing Impairment,Capital,10,15000,68.5,9,0,1.1111,31.5,0,0.2265,Low Risk,40.0
NT,45 to 54,Hearing Impairment,Core,29,16000,82.0,9,0,3.2222,18.0,0,0.1763,Low Risk,50.0
NT,45 to 54,Intellectual Disability,Capacity Building,68,32000,58.0,34,426000,2.0,42.0,6265,0.4547,Medium Risk,82.0
NT,45 to 54,Intellectual Disability,Capital,20,25000,61.0,1,0,20.0,39.0,0,0.7085,High Risk,30.0
NT,45 to 54,Intellectual Disability,Core,69,225000,82.0,16,5033000,4.3125,18.0,72942,0.3615,Low Risk,81.0
NT,45 to 54,Multiple Sclerosis,Capacity Building,10,32000,58.0,1,0,10.0,42.0,0,0.6628,High Risk,30.0
NT,45 to 54,Multiple Sclerosis,Capital,10,19000,62.0,2,0,5.0,38.0,0,0.4374,Medium Risk,20.0
NT,45 to 54,Multiple Sclerosis,Core,10,150000,81.0,1,0,10.0,19.0,0,0.4966,Medium Risk,30.0
NT,45 to 54,Other,Capacity Building,63,27000,49.0,14,632000,4.5,51.0,10032,0.5594,Medium Risk,89.0
NT,45 to 54,Other,Capital,48,24000,62.0,5,354000,9.6,38.0,7375,0.581,High Risk,63.0
NT,45 to 54,Other,Core,63,152000,75.0,7,5614000,9.0,25.0,89111,0.5315,Medium Risk,79.0
NT,45 to 54,Other Neurological,Capacity Building,39,34000,44.0,15,336000,2.6,56.0,8615,0.5367,Medium Risk,71.0
NT,45 to 54,Other Neurological,Capital,21,16000,25.0,2,0,10.5,75.0,0,0.6661,High Risk,50.0
NT,45 to 54,Other Neurological,Core,39,214000,70.0,11,4129000,3.5455,30.0,105872,0.4458,Medium Risk,71.0
NT,45 to 54,Other Physical,Capacity Building,32,26000,59.0,10,448000,3.2,41.0,14000,0.4597,Medium Risk,64.0
NT,45 to 54,Other Physical,Capital,25,23000,63.0,2,0,12.5,37.0,0,0.6181,High Risk,60.0
NT,45 to 54,Other Physical,Core,32,167000,65.0,1,2517000,32.0,35.0,78656,0.7772,High Risk,63.0
NT,45 to 54,Psychosocial Disability,Capacity Building,172,29000,53.0,42,2575000,4.0952,47.0,14971,0.539,Medium Risk,163.0
NT,45 to 54,Psychosocial Disability,Capital,10,98500,69.0,34,0,0.2941,31.0,0,0.3304,Low Risk,
NT,45 to 54,Psychosocial Disability,Core,166,168000,85.0,25,22000000,6.64,15.0,132530,0.4082,Low Risk,157.0
NT,45 to 54,Spinal Cord Injury,Capacity Building,30,20000,68.0,9,133000,3.3333,32.0,4433,0.3353,Low Risk,63.0
NT,45 to 54,Spinal Cord Injury,Capital,23,22000,75.0,2,0,11.5,25.0,0,0.4958,Medium Risk,40.0
NT,45 to 54,Spinal Cord Injury,Core,22,126000,80.0,6,2037000,3.6667,20.0,92591,0.3446,Low Risk,62.0
NT,45 to 54,Stroke,Capacity Building,52,34000,61.0,23,609000,2.2609,39.0,11712,0.4339,Medium Risk,82.0
NT,45 to 54,Stroke,Capital,36,16000,49.0,1,0,36.0,51.0,0,0.7584,High Risk,60.0
NT,45 to 54,Stroke,Core,51,319000,81.0,11,8630000,4.6364,19.0,169216,0.383,Low Risk,79.0
NT,45 to 54,Visual Impairment,Capacity Building,18,22000,58.0,5,0,3.6,42.0,0,0.4621,Medium Risk,40.0
NT,45 to 54,Visual Impairment,Capital,10,55000,79.0,5,0,2.0,21.0,0,0.276,Low Risk,10.0
NT,45 to 54,Visual Impairment,Core,14,88000,100.0,5,0,2.8,0.0,0,0.2451,Low Risk,40.0
NT,55 to 64,ABI,Capacity Building,91,37000,66.0,38,1895000,2.3947,34.0,20824,0.387,Low Risk,117.0
NT,55 to 64,ABI,Capital,47,17000,79.0,5,125000,9.4,21.0,2660,0.3633,Low Risk,53.0
NT,55 to 64,ABI,Core,89,346000,85.0,25,21232000,3.56,15.0,238562,0.3316,Low Risk,114.0
NT,55 to 64,Autism,Capacity Building,12,24000,58.0,6,0,2.0,42.0,0,0.4284,Low Risk,20.0
NT,55 to 64,Autism,Capital,10,68500,62.0,1,0,10.0,38.0,0,0.6413,High Risk,10.0
NT,55 to 64,Autism,Core,18,113000,81.0,2,0,9.0,19.0,0,0.4639,Medium Risk,20.0
NT,55 to 64,Cerebral Palsy,Capacity Building,19,39000,52.0,11,0,1.7273,48.0,0,0.4918,Medium Risk,50.0
NT,55 to 64,Cerebral Palsy,Capital,11,32000,59.0,3,0,3.6667,41.0,0,0.4938,Medium Risk,50.0
NT,55 to 64,Cerebral Palsy,Core,15,447000,80.0,6,0,2.5,20.0,0,0.3323,Low Risk,50.0
NT,55 to 64,Down Syndrome,Capacity Building,10,32000,58.0,9,0,1.1111,42.0,0,0.4265,Low Risk,10.0
NT,55 to 64,Down Syndrome,Capital,10,19000,62.0,2,0,5.0,38.0,0,0.4374,Medium Risk,10.0
NT,55 to 64,Down Syndrome,Core,10,150000,81.0,6,0,1.6667,19.0,0,0.2787,Low Risk,10.0
NT,55 to 64,Hearing Impairment,Capacity Building,24,14000,44.0,6,0,4.0,56.0,0,0.4736,Medium Risk,60.0
NT,55 to 64,Hearing Impairment,Capital,10,21000,56.0,6,0,1.6667,44.0,0,0.4091,Low Risk,10.0
NT,55 to 64,Hearing Impairment,Core,27,28000,68.0,6,0,4.5,32.0,0,0.4185,Low Risk,60.0
NT,55 to 64,Intellectual Disability,Capacity Building,56,36000,64.0,31,401000,1.8065,36.0,7161,0.3929,Low Risk,74.0
NT,55 to 64,Intellectual Disability,Capital,25,20000,94.0,2,0,12.5,6.0,0,0.3842,Low Risk,40.0
NT,55 to 64,Intellectual Disability,Core,48,272000,91.0,21,4918000,2.2857,9.0,102458,0.2674,Low Risk,74.0
NT,55 to 64,Multiple Sclerosis,Capacity Building,10,32000,58.0,2,0,5.0,42.0,0,0.5483,Medium Risk,20.0
NT,55 to 64,Multiple Sclerosis,Capital,10,19000,62.0,2,0,5.0,38.0,0,0.4374,Medium Risk,10.0
NT,55 to 64,Multiple Sclerosis,Core,10,150000,81.0,2,0,5.0,19.0,0,0.3821,Low Risk,20.0
NT,55 to 64,Other,Capacity Building,69,33000,54.0,26,855000,2.6538,46.0,12391,0.5011,Medium Risk,97.0
NT,55 to 64,Other,Capital,58,22000,97.0,4,397000,14.5,3.0,6845,0.4219,Low Risk,78.0
NT,55 to 64,Other,Core,69,218000,82.0,9,9522000,7.6667,18.0,138000,0.4537,Medium Risk,98.0
NT,55 to 64,Other Neurological,Capacity Building,63,38000,51.0,32,832000,1.9688,49.0,13206,0.4994,Medium Risk,85.0
NT,55 to 64,Other Neurological,Capital,46,28000,56.0,5,161000,9.2,44.0,3500,0.6444,High Risk,65.0
NT,55 to 64,Other Neurological,Core,66,298000,69.0,16,7684000,4.125,31.0,116424,0.4744,Medium Risk,89.0
NT,55 to 64,Other Physical,Capacity Building,55,25000,53.0,22,441000,2.5,47.0,8018,0.4766,Medium Risk,85.0
NT,55 to 64,Other Physical,Capital,43,17000,46.0,1,99000,43.0,54.0,2302,0.7804,High Risk,72.0
NT,55 to 64,Other Physical,Core,54,161000,75.0,5,4917000,10.8,25.0,91056,0.5787,High Risk,86.0
NT,55 to 64,Other Sensory/Speech,Capacity Building,10,32000,58.0,1,0,10.0,42.0,0,0.6628,High Risk,20.0
NT,55 to 64,Other Sensory/Speech,Core,10,150000,81.0,1,0,10.0,19.0,0,0.4966,Medium Risk,20.0
NT,55 to 64,Psychosocial Disability,Capacity Building,102,28000,57.0,33,1565000,3.0909,43.0,15343,0.4847,Medium Risk,124.0
NT,55 to 64,Psychosocial Disability,Capital,10,86500,69.5,24,0,0.4167,30.5,0,0.3257,Low Risk,10.0
NT,55 to 64,Psychosocial Disability,Core,109,145000,82.0,16,11116000,6.8125,18.0,101982,0.4214,Low Risk,123.0
NT,55 to 64,Spinal Cord Injury,Capacity Building,27,30000,71.0,15,315000,1.8,29.0,11667,0.3223,Low Risk,65.0
NT,55 to 64,Spinal Cord Injury,Capital,23,44000,38.0,1,0,23.0,62.0,0,0.8542,High Risk,30.0
NT,55 to 64,Spinal Cord Injury,Core,26,403000,95.0,4,4768000,6.5,5.0,183385,0.3955,Low Risk,64.0
NT,55 to 64,Stroke,Capacity Building,99,32000,69.0,37,1455000,2.6757,31.0,14697,0.3683,Low Risk,121.0
NT,55 to 64,Stroke,Capital,70,21000,69.0,4,763000,17.5,31.0,10900,0.588,High Risk,91.0
NT,55 to 64,Stroke,Core,98,291000,86.0,16,18534000,6.125,14.0,189122,0.4064,Low Risk,119.0
NT,55 to 64,Visual Impairment,Capacity Building,29,16000,54.0,8,124000,3.625,46.0,4276,0.4353,Medium Risk,46.0
NT,55 to 64,Visual Impairment,Capital,10,71000,68.0,5,0,2.0,32.0,0,0.3751,Low Risk,20.0
NT,55 to 64,Visual Impairment,Core,20,126000,82.0,2,1616000,10.0,18.0,80800,0.4834,Medium Risk,56.0
NT,65+,ABI,Capacity Building,36,29000,68.0,13,266000,2.7692,32.0,7389,0.3725,Low Risk,68.0
NT,65+,ABI,Capital,10,174000,72.0,1,0,10.0,28.0,0,0.5859,High Risk,30.0
NT,65+,ABI,Core,29,319000,87.0,8,4678000,3.625,13.0,161310,0.3255,Low Risk,68.0
NT,65+,Autism,Capacity Building,10,32000,58.0,9,0,1.1111,42.0,0,0.4265,Low Risk,10.0
NT,65+,Autism,Core,10,150000,81.0,6,0,1.6667,19.0,0,0.2787,Low Risk,10.0
NT,65+,Cerebral Palsy,Capacity Building,10,32000,58.0,4,0,2.5,42.0,0,0.469,Medium Risk,30.0
NT,65+,Cerebral Palsy,Capital,10,19000,62.0,2,0,5.0,38.0,0,0.4374,Medium Risk,30.0
NT,65+,Cerebral Palsy,Core,10,150000,81.0,3,0,3.3333,19.0,0,0.3279,Low Risk,30.0
NT,65+,Hearing Impairment,Capacity Building,26,12000,59.0,7,0,3.7143,41.0,0,0.3883,Low Risk,40.0
NT,65+,Hearing Impairment,Capital,10,28000,62.0,7,0,1.4286,38.0,0,0.3863,Low Risk,10.0
NT,65+,Hearing Impairment,Core,19,44000,65.0,7,0,2.7143,35.0,0,0.4136,Low Risk,30.0
NT,65+,Intellectual Disability,Capacity Building,22,40000,60.0,9,0,2.4444,40.0,0,0.4526,Medium Risk,50.0
NT,65+,Intellectual Disability,Capital,10,188000,74.0,3,0,3.3333,26.0,0,0.4049,Low Risk,30.0
NT,65+,Intellectual Disability,Core,14,336000,88.0,9,0,1.5556,12.0,0,0.2571,Low Risk,50.0
NT,65+,Multiple Sclerosis,Capacity Building,10,32000,58.0,2,0,5.0,42.0,0,0.5483,Medium Risk,30.0
NT,65+,Multiple Sclerosis,Capital,10,19000,62.0,2,0,5.0,38.0,0,0.4374,Medium Risk,10.0
NT,65+,Multiple Sclerosis,Core,10,150000,81.0,1,0,10.0,19.0,0,0.4966,Medium Risk,30.0
NT,65+,Other,Capacity Building,25,26000,74.0,17,462000,1.4706,26.0,18480,0.2746,Low Risk,46.0
NT,65+,Other,Capital,14,27000,23.0,2,0,7.0,77.0,0,0.6672,High Risk,30.0
NT,65+,Other,Core,25,211000,91.0,10,2223000,2.5,9.0,88920,0.2724,Low Risk,34.0
NT,65+,Other Neurological,Capacity Building,36,32000,66.0,18,508000,2.0,34.0,14111,0.3725,Low Risk,67.0
NT,65+,Other Neurological,Capital,23,12000,40.0,14,80000,1.6429,60.0,3478,0.4006,Low Risk,41.0
NT,65+,Other Neurological,Core,38,244000,79.0,10,5619000,3.8,21.0,147868,0.3781,Low Risk,66.0
NT,65+,Other Physical,Capacity Building,27,26000,68.0,14,187000,1.9286,32.0,6926,0.3365,Low Risk,64.0
NT,65+,Other Physical,Capital,25,17000,35.0,1,0,25.0,65.0,0,0.7678,High Risk,50.0
NT,65+,Other Physical,Core,32,142000,79.0,2,1030000,16.0,21.0,32188,0.5864,High Risk,64.0
NT,65+,Psychosocial Disability,Capacity Building,40,25000,67.0,13,379000,3.0769,33.0,9475,0.3732,Low Risk,72.0
NT,65+,Psychosocial Disability,Capital,10,79000,78.5,8,0,1.25,21.5,0,0.2643,Low Risk,10.0
NT,65+,Psychosocial Disability,Core,31,133000,90.0,3,3169000,10.3333,10.0,102226,0.4665,Medium Risk,72.0
NT,65+,Spinal Cord Injury,Capacity Building,14,29000,66.0,8,0,1.75,34.0,0,0.3605,Low Risk,40.0
NT,65+,Spinal Cord Injury,Capital,12,23000,23.0,5,0,2.4,77.0,0,0.5093,Medium Risk,40.0
NT,65+,Spinal Cord Injury,Core,14,390000,86.0,2,0,7.0,14.0,0,0.4262,Low Risk,40.0
NT,65+,Stroke,Capacity Building,44,29000,66.0,25,403000,1.76,34.0,9159,0.3608,Low Risk,86.0
NT,65+,Stroke,Capital,30,17000,82.0,3,197000,10.0,18.0,6567,0.355,Low Risk,62.0
NT,65+,Stroke,Core,44,288000,85.0,18,5320000,2.4444,15.0,120909,0.2925,Low Risk,86.0
NT,65+,Visual Impairment,Capacity Building,14,19000,41.0,6,66000,2.3333,59.0,4714,0.4553,Medium Risk,21.0
NT,65+,Visual Impairment,Capital,10,58500,55.5,1,0,10.0,44.5,0,0.6945,High Risk,20.0
NT,65+,Visual Impairment,Core,13,98000,70.0,1,389000,13.0,30.0,29923,0.6286,High Risk,21.0
NT,9 to 14,ABI,Capacity Building,10,32000,58.0,6,0,1.6667,42.0,0,0.4449,Medium Risk,50.0
NT,9 to 14,ABI,Capital,10,19000,62.0,4,0,2.5,38.0,0,0.3582,Low Risk,10.0
NT,9 to 14,ABI,Core,10,150000,81.0,1,0,10.0,19.0,0,0.4966,Medium Risk,40.0
NT,9 to 14,Autism,Capacity Building,819,25000,47.0,59,9270000,13.8814,53.0,11319,0.7494,High Risk,774.0
NT,9 to 14,Autism,Capital,37,8000,28.0,30,0,1.2333,72.0,0,0.3862,Low Risk,40.0
NT,9 to 14,Autism,Core,745,13000,84.0,2,16747000,372.5,16.0,22479,0.5115,Medium Risk,629.0
NT,9 to 14,Cerebral Palsy,Capacity Building,34,31000,55.0,13,406000,2.6154,45.0,11941,0.4898,Medium Risk,62.0
NT,9 to 14,Cerebral Palsy,Capital,25,14000,84.0,13,176000,1.9231,16.0,7040,0.1202,Low Risk,33.0
NT,9 to 14,Cerebral Palsy,Core,32,75000,79.0,13,1493000,2.4615,21.0,46656,0.2922,Low Risk,51.0
NT,9 to 14,Developmental Delay,Capacity Building,10,32000,54.0,5,141000,2.0,46.0,14100,0.4781,Medium Risk,65.0
NT,9 to 14,Developmental Delay,Core,10,150000,92.0,5,286000,2.0,8.0,28600,0.244,Low Risk,65.0
NT,9 to 14,Down Syndrome,Capacity Building,19,27000,56.0,6,174000,3.1667,44.0,9158,0.4879,Medium Risk,43.0
NT,9 to 14,Down Syndrome,Capital,10,21500,73.0,6,0,1.6667,27.0,0,0.263,Low Risk,20.0
NT,9 to 14,Down Syndrome,Core,23,16000,90.0,6,602000,3.8333,10.0,26174,0.1635,Low Risk,33.0
NT,9 to 14,Global Developmental Delay,Capacity Building,10,32000,58.0,1,0,10.0,42.0,0,0.6628,High Risk,50.0
NT,9 to 14,Global Developmental Delay,Core,10,150000,81.0,1,0,10.0,19.0,0,0.4966,Medium Risk,40.0
NT,9 to 14,Hearing Impairment,Capacity Building,48,15000,61.0,8,73000,6.0,39.0,1521,0.4545,Medium Risk,82.0
NT,9 to 14,Hearing Impairment,Capital,10,9000,68.0,8,0,1.25,32.0,0,0.2167,Low Risk,
NT,9 to 14,Hearing Impairment,Core,41,3000,75.0,8,147000,5.125,25.0,3585,0.2738,Low Risk,74.0
NT,9 to 14,Intellectual Disability,Capacity Building,291,36000,52.0,48,4414000,6.0625,48.0,15168,0.6221,High Risk,292.0
NT,9 to 14,Intellectual Disability,Capital,15,14000,59.0,48,0,0.3125,41.0,0,0.2922,Low Risk,40.0
NT,9 to 14,Intellectual Disability,Core,270,19000,85.0,48,6512000,5.625,15.0,24119,0.2654,Low Risk,211.0
NT,9 to 14,Other,Capacity Building,16,23000,44.0,7,0,2.2857,56.0,0,0.4861,Medium Risk,50.0
NT,9 to 14,Other,Core,13,3000,100.0,7,0,1.8571,0.0,0,0.0565,Low Risk,50.0
NT,9 to 14,Other Neurological,Capacity Building,21,30000,61.0,6,0,3.5,39.0,0,0.467,Medium Risk,60.0
NT,9 to 14,Other Neurological,Capital,10,22500,72.0,6,0,1.6667,28.0,0,0.2764,Low Risk,20.0
NT,9 to 14,Other Neurological,Core,23,15000,83.0,6,0,3.8333,17.0,0,0.1863,Low Risk,50.0
NT,9 to 14,Other Physical,Capacity Building,17,33000,58.0,8,0,2.125,42.0,0,0.4595,Medium Risk,70.0
NT,9 to 14,Other Physical,Capital,10,45000,61.0,8,0,1.25,39.0,0,0.4133,Low Risk,40.0
NT,9 to 14,Other Physical,Core,16,57000,64.0,8,0,2.0,36.0,0,0.4061,Low Risk,50.0
NT,9 to 14,Other Sensory/Speech,Capacity Building,10,32000,58.0,1,0,10.0,42.0,0,0.6628,High Risk,10.0
NT,9 to 14,Other Sensory/Speech,Core,10,150000,81.0,1,0,10.0,19.0,0,0.4966,Medium Risk,10.0
NT,9 to 14,Visual Impairment,Capacity Building,10,32000,58.0,2,0,5.0,42.0,0,0.5483,Medium Risk,20.0
NT,9 to 14,Visual Impairment,Core,10,150000,81.0,2,0,5.0,19.0,0,0.3821,Low Risk,20.0
QLD,0 to 8,ABI,Capacity Building,66,37000,67.0,5,307000,13.2,33.0,4652,0.6292,High Risk,116.0
QLD,0 to 8,ABI,Capital,43,30000,61.0,5,0,8.6,39.0,0,0.5971,High Risk,90.0
QLD,0 to 8,ABI,Core,62,83000,78.0,5,349000,12.4,22.0,5629,0.5408,Medium Risk,112.0
QLD,0 to 8,Autism,Capacity Building,12019,23000,61.0,266,157052000,45.1842,39.0,13067,0.753,High Risk,11615.0
QLD,0 to 8,Autism,Capital,620,7000,43.0,142,1415000,4.3662,57.0,2282,0.4626,Medium Risk,339.0
QLD,0 to 8,Autism,Core,10981,6000,79.0,19,51883000,577.9474,21.0,4725,0.53,Medium Risk,6262.0
QLD,0 to 8,Cerebral Palsy,Capacity Building,541,34000,70.0,36,11917000,15.0278,30.0,22028,0.616,High Risk,532.0
QLD,0 to 8,Cerebral Palsy,Capital,353,21000,67.0,4,3278000,88.25,33.0,9286,0.693,High Risk,282.0
QLD,0 to 8,Cerebral Palsy,Core,528,28000,77.0,13,11332000,40.6154,23.0,21462,0.6249,High Risk,431.0
QLD,0 to 8,Developmental Delay,Capacity Building,16007,20000,55.0,206,164221000,77.7039,45.0,10259,0.7898,High Risk,18415.0
QLD,0 to 8,Developmental Delay,Capital,488,10000,66.0,1,2070000,488.0,34.0,4242,0.6526,High Risk,357.0
QLD,0 to 8,Developmental Delay,Core,13717,2000,60.0,7,12922000,1959.5714,40.0,942,0.6964,High Risk,5006.0
QLD,0 to 8,Disability_Missing,Capacity Building,146,20000,56.0,47,0,3.1064,44.0,0,0.4397,Medium Risk,
QLD,0 to 8,Disability_Missing,Core,146,88000,76.0,29,0,5.0345,24.0,0,0.4234,Low Risk,
QLD,0 to 8,Down Syndrome,Capacity Building,311,25000,66.0,9,4180000,34.5556,34.0,13441,0.6997,High Risk,305.0
QLD,0 to 8,Down Syndrome,Capital,116,11000,84.0,9,94000,12.8889,16.0,810,0.3673,Low Risk,124.0
QLD,0 to 8,Down Syndrome,Core,293,12000,80.0,9,2873000,32.5556,20.0,9805,0.4915,Medium Risk,251.0
QLD,0 to 8,Global Developmental Delay,Capacity Building,3659,22000,62.0,129,41439000,28.3643,38.0,11325,0.7094,High Risk,3493.0
QLD,0 to 8,Global Developmental Delay,Capital,350,14000,71.0,4,2023000,87.5,29.0,5780,0.6087,High Risk,259.0
QLD,0 to 8,Global Developmental Delay,Core,3279,5000,78.0,6,12441000,546.5,22.0,3794,0.5354,Medium Risk,1402.0
QLD,0 to 8,Hearing Impairment,Capacity Building,1447,16000,46.0,30,9103000,48.2333,54.0,6291,0.7813,High Risk,1286.0
QLD,0 to 8,Hearing Impairment,Capital,47,8000,55.0,16,0,2.9375,45.0,0,0.3815,Low Risk,90.0
QLD,0 to 8,Hearing Impairment,Core,1413,3000,48.0,3,2031000,471.0,52.0,1437,0.7661,High Risk,634.0
QLD,0 to 8,Intellectual Disability,Capacity Building,825,26000,67.0,66,13021000,12.5,33.0,15783,0.5959,High Risk,808.0
QLD,0 to 8,Intellectual Disability,Capital,239,19000,76.0,35,1948000,6.8286,24.0,8151,0.3626,Low Risk,191.0
QLD,0 to 8,Intellectual Disability,Core,777,23000,78.0,4,13790000,194.25,22.0,17748,0.6237,High Risk,522.0
QLD,0 to 8,Other,Capacity Building,365,21000,61.0,5,4176000,73.0,39.0,11441,0.7508,High Risk,381.0
QLD,0 to 8,Other,Capital,36,21000,83.0,1,0,36.0,17.0,0,0.529,Medium Risk,100.0
QLD,0 to 8,Other,Core,324,4000,59.0,3,597000,108.0,41.0,1843,0.6959,High Risk,192.0
QLD,0 to 8,Other Neurological,Capacity Building,151,31000,73.0,9,2181000,16.7778,27.0,14444,0.6005,High Risk,189.0
QLD,0 to 8,Other Neurological,Capital,92,30000,77.0,9,461000,10.2222,23.0,5011,0.4962,Medium Risk,128.0
QLD,0 to 8,Other Neurological,Core,146,44000,78.0,9,2922000,16.2222,22.0,20014,0.5626,Medium Risk,157.0
QLD,0 to 8,Other Physical,Capacity Building,147,22000,51.0,8,1360000,18.375,49.0,9252,0.748,High Risk,181.0
QLD,0 to 8,Other Physical,Capital,47,25000,95.0,4,0,11.75,5.0,0,0.4133,Low Risk,110.0
QLD,0 to 8,Other Physical,Core,136,8000,77.0,1,573000,136.0,23.0,4213,0.5444,Medium Risk,143.0
QLD,0 to 8,Other Sensory/Speech,Capacity Building,15,18000,52.0,47,0,0.3191,48.0,0,0.3593,Low Risk,100.0
QLD,0 to 8,Other Sensory/Speech,Core,13,2000,65.0,29,0,0.4483,35.0,0,0.2045,Low Risk,60.0
QLD,0 to 8,Psychosocial Disability,Capacity Building,10,20000,61.5,47,0,0.2128,38.5,0,0.3095,Low Risk,30.0
QLD,0 to 8,Psychosocial Disability,Core,10,88000,77.0,29,0,0.3448,23.0,0,0.2613,Low Risk,10.0
QLD,0 to 8,Spinal Cord Injury,Capacity Building,10,20000,61.5,47,0,0.2128,38.5,0,0.3095,Low Risk,10.0
QLD,0 to 8,Spinal Cord Injury,Capital,10,21000,75.0,13,0,0.7692,25.0,0,0.2134,Low Risk,10.0
QLD,0 to 8,Spinal Cord Injury,Core,10,88000,77.0,29,0,0.3448,23.0,0,0.2613,Low Risk,10.0
QLD,0 to 8,Stroke,Capacity Building,19,21000,61.5,47,0,0.4043,38.5,0,0.325,Low Risk,60.0
QLD,0 to 8,Stroke,Capital,10,11500,75.0,13,0,0.7692,25.0,0,0.155,Low Risk,30.0
QLD,0 to 8,Stroke,Core,19,2000,77.0,29,0,0.6552,23.0,0,0.1057,Low Risk,50.0
QLD,0 to 8,Visual Impairment,Capacity Building,78,21000,64.0,2,299000,39.0,36.0,3833,0.6961,High Risk,132.0
QLD,0 to 8,Visual Impairment,Capital,20,8000,33.0,2,0,10.0,67.0,0,0.618,High Risk,80.0
QLD,0 to 8,Visual Impairment,Core,77,8000,82.0,2,0,38.5,18.0,0,0.4684,Medium Risk,130.0
QLD,15 to 18,ABI,Capacity Building,98,28000,55.0,36,585000,2.7222,45.0,5969,0.4859,Medium Risk,145.0
QLD,15 to 18,ABI,Capital,36,13000,37.0,1,0,36.0,63.0,0,0.7729,High Risk,80.0
QLD,15 to 18,ABI,Core,99,77000,84.0,13,3129000,7.6154,16.0,31606,0.402,Low Risk,142.0
QLD,15 to 18,Autism,Capacity Building,13304,20000,50.0,474,120213000,28.0675,50.0,9036,0.7723,High Risk,12481.0
QLD,15 to 18,Autism,Capital,308,8000,47.0,7,527000,44.0,53.0,1711,0.7472,High Risk,176.0
QLD,15 to 18,Autism,Core,12161,24000,70.0,115,193335000,105.7478,30.0,15898,0.6944,High Risk,8073.0
QLD,15 to 18,Cerebral Palsy,Capacity Building,412,23000,61.0,62,5662000,6.6452,39.0,13743,0.5302,Medium Risk,406.0
QLD,15 to 18,Cerebral Palsy,Capital,279,23000,60.0,9,2302000,31.0,40.0,8251,0.7428,High Risk,207.0
QLD,15 to 18,Cerebral Palsy,Core,402,86000,83.0,15,27346000,26.8,17.0,68025,0.5873,High Risk,330.0
QLD,15 to 18,Down Syndrome,Capacity Building,197,24000,65.0,43,2735000,4.5814,35.0,13883,0.4298,Low Risk,210.0
QLD,15 to 18,Down Syndrome,Capital,42,8000,19.0,27,0,1.5556,81.0,0,0.4003,Low Risk,100.0
QLD,15 to 18,Down Syndrome,Core,197,58000,81.0,11,8070000,17.9091,19.0,40964,0.5492,Medium Risk,212.0
QLD,15 to 18,Global Developmental Delay,Capacity Building,10,20000,61.5,47,0,0.2128,38.5,0,0.3095,Low Risk,10.0
QLD,15 to 18,Global Developmental Delay,Core,10,88000,77.0,29,0,0.3448,23.0,0,0.2613,Low Risk,10.0
QLD,15 to 18,Hearing Impairment,Capacity Building,627,8000,33.0,14,1551000,44.7857,67.0,2474,0.7702,High Risk,402.0
QLD,15 to 18,Hearing Impairment,Capital,42,2000,0.0,8,0,5.25,100.0,0,0.5153,Medium Risk,30.0
QLD,15 to 18,Hearing Impairment,Core,654,4000,55.0,3,1349000,218.0,45.0,2063,0.7324,High Risk,275.0
QLD,15 to 18,Intellectual Disability,Capacity Building,2088,25000,53.0,273,26757000,7.6484,47.0,12815,0.6214,High Risk,1979.0
QLD,15 to 18,Intellectual Disability,Capital,210,15000,78.0,2,1107000,105.0,22.0,5271,0.5549,Medium Risk,164.0
QLD,15 to 18,Intellectual Disability,Core,1962,48000,76.0,53,65706000,37.0189,24.0,33489,0.6546,High Risk,1507.0
QLD,15 to 18,Multiple Sclerosis,Capacity Building,10,20000,61.5,47,0,0.2128,38.5,0,0.3095,Low Risk,30.0
QLD,15 to 18,Multiple Sclerosis,Capital,10,21000,75.0,13,0,0.7692,25.0,0,0.2134,Low Risk,10.0
QLD,15 to 18,Multiple Sclerosis,Core,10,88000,77.0,29,0,0.3448,23.0,0,0.2613,Low Risk,20.0
QLD,15 to 18,Other,Capacity Building,64,19000,66.0,7,134000,9.1429,34.0,2094,0.4866,Medium Risk,126.0
QLD,15 to 18,Other,Capital,19,29000,89.0,7,0,2.7143,11.0,0,0.2197,Low Risk,90.0
QLD,15 to 18,Other,Core,61,39000,46.0,7,0,8.7143,54.0,0,0.695,High Risk,110.0
QLD,15 to 18,Other Neurological,Capacity Building,220,23000,60.0,32,2412000,6.875,40.0,10964,0.5446,Medium Risk,236.0
QLD,15 to 18,Other Neurological,Capital,111,22000,81.0,1,356000,111.0,19.0,3207,0.5833,High Risk,135.0
QLD,15 to 18,Other Neurological,Core,212,76000,73.0,9,10245000,23.5556,27.0,48325,0.6606,High Risk,199.0
QLD,15 to 18,Other Physical,Capacity Building,171,19000,55.0,8,1315000,21.375,45.0,7690,0.7141,High Risk,189.0
QLD,15 to 18,Other Physical,Capital,95,18000,44.0,2,0,47.5,56.0,0,0.7981,High Risk,110.0
QLD,15 to 18,Other Physical,Core,166,39000,68.0,2,2839000,83.0,32.0,17102,0.741,High Risk,163.0
QLD,15 to 18,Other Sensory/Speech,Capacity Building,40,16000,49.0,7,0,5.7143,51.0,0,0.5277,Medium Risk,120.0
QLD,15 to 18,Other Sensory/Speech,Capital,10,13000,49.0,4,0,2.5,51.0,0,0.4111,Low Risk,10.0
QLD,15 to 18,Other Sensory/Speech,Core,31,10000,49.0,1,0,31.0,51.0,0,0.7294,High Risk,70.0
QLD,15 to 18,Psychosocial Disability,Capacity Building,20,26000,44.0,8,0,2.5,56.0,0,0.5115,Medium Risk,120.0
QLD,15 to 18,Psychosocial Disability,Core,18,62000,81.0,1,0,18.0,19.0,0,0.5521,Medium Risk,100.0
QLD,15 to 18,Spinal Cord Injury,Capacity Building,16,44000,54.0,1,0,16.0,46.0,0,0.7692,High Risk,70.0
QLD,15 to 18,Spinal Cord Injury,Capital,15,35000,91.0,1,0,15.0,9.0,0,0.476,Medium Risk,70.0
QLD,15 to 18,Spinal Cord Injury,Core,17,306000,72.0,1,0,17.0,28.0,0,0.6761,High Risk,60.0
QLD,15 to 18,Stroke,Capacity Building,10,20000,61.5,2,0,5.0,38.5,0,0.4546,Medium Risk,60.0
QLD,15 to 18,Stroke,Capital,10,21000,75.0,2,0,5.0,25.0,0,0.344,Low Risk,10.0
QLD,15 to 18,Stroke,Core,10,88000,77.0,2,0,5.0,23.0,0,0.4024,Low Risk,50.0
QLD,15 to 18,Visual Impairment,Capacity Building,78,14000,51.0,3,214000,26.0,49.0,2744,0.7234,High Risk,128.0
QLD,15 to 18,Visual Impairment,Capital,25,7000,52.0,3,0,8.3333,48.0,0,0.5386,Medium Risk,60.0
QLD,15 to 18,Visual Impairment,Core,86,12000,64.0,3,400000,28.6667,36.0,4651,0.6216,High Risk,125.0
QLD,19 to 24,ABI,Capacity Building,177,29000,56.0,51,2390000,3.4706,44.0,13503,0.506,Medium Risk,205.0
QLD,19 to 24,ABI,Capital,49,27000,80.0,10,0,4.9,20.0,0,0.321,Low Risk,90.0
QLD,19 to 24,ABI,Core,187,153000,79.0,15,17004000,12.4667,21.0,90930,0.5583,Medium Risk,197.0
QLD,19 to 24,Autism,Capacity Building,9614,23000,48.0,488,100291000,19.7008,52.0,10432,0.7724,High Risk,8935.0
QLD,19 to 24,Autism,Capital,283,19000,85.0,23,3038000,12.3043,15.0,10735,0.3937,Low Risk,187.0
QLD,19 to 24,Autism,Core,9137,62000,74.0,244,416370000,37.4467,26.0,45570,0.6791,High Risk,7613.0
QLD,19 to 24,Cerebral Palsy,Capacity Building,457,29000,59.0,101,7622000,4.5248,41.0,16678,0.5097,Medium Risk,443.0
QLD,19 to 24,Cerebral Palsy,Capital,311,24000,77.0,18,4068000,17.2778,23.0,13080,0.5417,Medium Risk,230.0
QLD,19 to 24,Cerebral Palsy,Core,455,195000,83.0,32,68591000,14.2188,17.0,150749,0.5527,Medium Risk,417.0
QLD,19 to 24,Down Syndrome,Capacity Building,304,27000,64.0,49,5082000,6.2041,36.0,16717,0.5074,Medium Risk,296.0
QLD,19 to 24,Down Syndrome,Capital,48,9000,26.0,1,0,48.0,74.0,0,0.7809,High Risk,70.0
QLD,19 to 24,Down Syndrome,Core,304,131000,85.0,22,30581000,13.8182,15.0,100595,0.524,Medium Risk,304.0
QLD,19 to 24,Hearing Impairment,Capacity Building,557,8000,31.0,15,1124000,37.1333,69.0,2018,0.7637,High Risk,336.0
QLD,19 to 24,Hearing Impairment,Capital,36,3000,2.0,15,0,2.4,98.0,0,0.416,Low Risk,40.0
QLD,19 to 24,Hearing Impairment,Core,594,8000,58.0,15,2602000,39.6,42.0,4380,0.6903,High Risk,247.0
QLD,19 to 24,Intellectual Disability,Capacity Building,2993,27000,52.0,366,41282000,8.1776,48.0,13793,0.6441,High Risk,2831.0
QLD,19 to 24,Intellectual Disability,Capital,287,17000,91.0,15,2051000,19.1333,9.0,7146,0.4107,Low Risk,183.0
QLD,19 to 24,Intellectual Disability,Core,2933,111000,79.0,191,244250000,15.356,21.0,83277,0.5761,High Risk,2609.0
QLD,19 to 24,Multiple Sclerosis,Capacity Building,10,20000,61.5,47,0,0.2128,38.5,0,0.3095,Low Risk,40.0
QLD,19 to 24,Multiple Sclerosis,Capital,10,21000,75.0,13,0,0.7692,25.0,0,0.2134,Low Risk,30.0
QLD,19 to 24,Multiple Sclerosis,Core,10,88000,77.0,29,0,0.3448,23.0,0,0.2613,Low Risk,40.0
QLD,19 to 24,Other,Capacity Building,88,23000,53.0,12,499000,7.3333,47.0,5670,0.6028,High Risk,149.0
QLD,19 to 24,Other,Capital,49,32000,100.0,4,0,12.25,0.0,0,0.4369,Medium Risk,100.0
QLD,19 to 24,Other,Core,87,87000,62.0,7,1684000,12.4286,38.0,19356,0.6906,High Risk,143.0
QLD,19 to 24,Other Neurological,Capacity Building,245,26000,56.0,56,3266000,4.375,44.0,13331,0.5205,Medium Risk,250.0
QLD,19 to 24,Other Neurological,Capital,150,28000,90.0,9,1585000,16.6667,10.0,10567,0.4758,Medium Risk,153.0
QLD,19 to 24,Other Neurological,Core,241,222000,79.0,16,36193000,15.0625,21.0,150178,0.5963,High Risk,243.0
QLD,19 to 24,Other Physical,Capacity Building,188,17000,48.0,18,1137000,10.4444,52.0,6048,0.6411,High Risk,193.0
QLD,19 to 24,Other Physical,Capital,116,20000,79.0,5,294000,23.2,21.0,2534,0.5226,Medium Risk,121.0
QLD,19 to 24,Other Physical,Core,185,58000,73.0,2,5199000,92.5,27.0,28103,0.7121,High Risk,182.0
QLD,19 to 24,Other Sensory/Speech,Capacity Building,24,17000,48.0,4,0,6.0,52.0,0,0.5424,Medium Risk,100.0
QLD,19 to 24,Other Sensory/Speech,Capital,10,29000,57.0,4,0,2.5,43.0,0,0.4716,Medium Risk,
QLD,19 to 24,Other Sensory/Speech,Core,22,41000,66.0,3,0,7.3333,34.0,0,0.5343,Medium Risk,60.0
QLD,19 to 24,Psychosocial Disability,Capacity Building,214,28000,59.0,79,2650000,2.7089,41.0,12383,0.4543,Medium Risk,223.0
QLD,19 to 24,Psychosocial Disability,Capital,10,89000,67.0,1,0,10.0,33.0,0,0.604,High Risk,30.0
QLD,19 to 24,Psychosocial Disability,Core,220,150000,75.0,30,16324000,7.3333,25.0,74200,0.4994,Medium Risk,219.0
QLD,19 to 24,Spinal Cord Injury,Capacity Building,39,29000,49.0,8,0,4.875,51.0,0,0.5753,High Risk,120.0
QLD,19 to 24,Spinal Cord Injury,Capital,28,38000,78.0,4,0,7.0,22.0,0,0.4234,Low Risk,100.0
QLD,19 to 24,Spinal Cord Injury,Core,40,185000,71.0,1,0,40.0,29.0,0,0.7424,High Risk,110.0
QLD,19 to 24,Stroke,Capacity Building,18,24000,68.0,5,0,3.6,32.0,0,0.3785,Low Risk,70.0
QLD,19 to 24,Stroke,Capital,10,64500,78.5,3,0,3.3333,21.5,0,0.3232,Low Risk,40.0
QLD,19 to 24,Stroke,Core,14,105000,89.0,1,0,14.0,11.0,0,0.5049,Medium Risk,60.0
QLD,19 to 24,Visual Impairment,Capacity Building,124,16000,43.0,5,650000,24.8,57.0,5242,0.7499,High Risk,162.0
QLD,19 to 24,Visual Impairment,Capital,22,15000,9.0,5,0,4.4,91.0,0,0.5106,Medium Risk,30.0
QLD,19 to 24,Visual Impairment,Core,122,41000,70.0,5,2214000,24.4,30.0,18148,0.6731,High Risk,161.0
QLD,25 to 34,ABI,Capacity Building,439,27000,66.0,120,7527000,3.6583,34.0,17146,0.4094,Low Risk,438.0
QLD,25 to 34,ABI,Capital,144,25000,70.0,13,1412000,11.0769,30.0,9806,0.5497,Medium Risk,151.0
QLD,25 to 34,ABI,Core,448,171000,82.0,60,61147000,7.4667,18.0,136489,0.4421,Medium Risk,442.0
QLD,25 to 34,Autism,Capacity Building,5382,17000,60.0,461,52766000,11.6746,40.0,9804,0.586,High Risk,4966.0
QLD,25 to 34,Autism,Capital,224,23000,89.0,21,2871000,10.6667,11.0,12817,0.3978,Low Risk,174.0
QLD,25 to 34,Autism,Core,5139,88000,80.0,257,354413000,19.9961,20.0,68965,0.5851,High Risk,4645.0
QLD,25 to 34,Cerebral Palsy,Capacity Building,534,21000,65.0,133,7488000,4.015,35.0,14022,0.3922,Low Risk,526.0
QLD,25 to 34,Cerebral Palsy,Capital,398,26000,76.0,37,6293000,10.7568,24.0,15812,0.5011,Medium Risk,296.0
QLD,25 to 34,Cerebral Palsy,Core,532,234000,81.0,81,108172000,6.5679,19.0,203331,0.4401,Medium Risk,539.0
QLD,25 to 34,Down Syndrome,Capacity Building,506,19000,61.0,113,5780000,4.4779,39.0,11423,0.4265,Low Risk,486.0
QLD,25 to 34,Down Syndrome,Capital,99,7000,42.0,4,0,24.75,58.0,0,0.7215,High Risk,100.0
QLD,25 to 34,Down Syndrome,Core,507,168000,84.0,59,70987000,8.5932,16.0,140014,0.4505,Medium Risk,508.0
QLD,25 to 34,Hearing Impairment,Capacity Building,555,6000,34.0,11,1207000,50.4545,66.0,2175,0.7683,High Risk,388.0
QLD,25 to 34,Hearing Impairment,Capital,134,7000,41.0,7,77000,19.1429,59.0,575,0.6964,High Risk,111.0
QLD,25 to 34,Hearing Impairment,Core,580,12000,55.0,3,3599000,193.3333,45.0,6205,0.7543,High Risk,365.0
QLD,25 to 34,Intellectual Disability,Capacity Building,3332,20000,62.0,492,39566000,6.7724,38.0,11875,0.4966,Medium Risk,3142.0
QLD,25 to 34,Intellectual Disability,Capital,493,19000,79.0,36,5260000,13.6944,21.0,10669,0.4527,Medium Risk,272.0
QLD,25 to 34,Intellectual Disability,Core,3310,150000,84.0,357,420542000,9.2717,16.0,127052,0.4565,Medium Risk,3209.0
QLD,25 to 34,Multiple Sclerosis,Capacity Building,107,20000,61.0,15,693000,7.1333,39.0,6477,0.5147,Medium Risk,141.0
QLD,25 to 34,Multiple Sclerosis,Capital,36,18000,51.0,1,0,36.0,49.0,0,0.7644,High Risk,110.0
QLD,25 to 34,Multiple Sclerosis,Core,105,65000,70.0,4,1380000,26.25,30.0,13143,0.687,High Risk,139.0
QLD,25 to 34,Other,Capacity Building,178,20000,58.0,18,1673000,9.8889,42.0,9399,0.5909,High Risk,196.0
QLD,25 to 34,Other,Capital,117,23000,78.0,3,573000,39.0,22.0,4897,0.5906,High Risk,139.0
QLD,25 to 34,Other,Core,178,99000,60.0,5,10593000,35.6,40.0,59511,0.8179,High Risk,183.0
QLD,25 to 34,Other Neurological,Capacity Building,343,23000,65.0,91,4607000,3.7692,35.0,13431,0.4008,Low Risk,341.0
QLD,25 to 34,Other Neurological,Capital,184,29000,75.0,23,2765000,8.0,25.0,15027,0.4583,Medium Risk,177.0
QLD,25 to 34,Other Neurological,Core,341,230000,86.0,64,65637000,5.3281,14.0,192484,0.3862,Low Risk,351.0
QLD,25 to 34,Other Physical,Capacity Building,308,16000,63.0,43,2904000,7.1628,37.0,9429,0.4597,Medium Risk,299.0
QLD,25 to 34,Other Physical,Capital,218,33000,76.0,11,2317000,19.8182,24.0,10628,0.5953,High Risk,166.0
QLD,25 to 34,Other Physical,Core,307,97000,76.0,21,20636000,14.619,24.0,67218,0.5939,High Risk,288.0
QLD,25 to 34,Other Sensory/Speech,Capacity Building,10,20000,61.5,1,0,10.0,38.5,0,0.5691,High Risk,60.0
QLD,25 to 34,Other Sensory/Speech,Core,10,88000,77.0,1,0,10.0,23.0,0,0.5169,Medium Risk,60.0
QLD,25 to 34,Psychosocial Disability,Capacity Building,1692,23000,60.0,304,22142000,5.5658,40.0,13086,0.5169,Medium Risk,1648.0
QLD,25 to 34,Psychosocial Disability,Capital,44,36000,84.0,9,0,4.8889,16.0,0,0.3106,Low Risk,90.0
QLD,25 to 34,Psychosocial Disability,Core,1688,121000,76.0,210,147751000,8.0381,24.0,87530,0.497,Medium Risk,1592.0
QLD,25 to 34,Spinal Cord Injury,Capacity Building,128,22000,58.0,15,1020000,8.5333,42.0,7969,0.5876,High Risk,169.0
QLD,25 to 34,Spinal Cord Injury,Capital,111,41000,93.0,10,1710000,11.1,7.0,15405,0.4381,Medium Risk,152.0
QLD,25 to 34,Spinal Cord Injury,Core,129,182000,77.0,10,13217000,12.9,23.0,102457,0.5884,High Risk,176.0
QLD,25 to 34,Stroke,Capacity Building,52,24000,54.0,10,0,5.2,46.0,0,0.5594,Medium Risk,120.0
QLD,25 to 34,Stroke,Capital,26,19000,59.0,2,0,13.0,41.0,0,0.6281,High Risk,60.0
QLD,25 to 34,Stroke,Core,55,115000,75.0,2,0,27.5,25.0,0,0.6733,High Risk,120.0
QLD,25 to 34,Visual Impairment,Capacity Building,201,12000,57.0,9,824000,22.3333,43.0,4100,0.6736,High Risk,195.0
QLD,25 to 34,Visual Impairment,Capital,45,13000,40.0,1,0,45.0,60.0,0,0.7784,High Risk,70.0
QLD,25 to 34,Visual Impairment,Core,201,56000,75.0,4,6359000,50.25,25.0,31637,0.6799,High Risk,216.0
QLD,35 to 44,ABI,Capacity Building,623,24000,68.0,182,9633000,3.4231,32.0,15462,0.3728,Low Risk,621.0
QLD,35 to 44,ABI,Capital,231,28000,78.0,28,2743000,8.25,22.0,11874,0.4294,Low Risk,185.0
QLD,35 to 44,ABI,Core,627,196000,81.0,95,99313000,6.6,19.0,158394,0.4367,Medium Risk,621.0
QLD,35 to 44,Autism,Capacity Building,2286,17000,64.0,320,22604000,7.1438,36.0,9888,0.4534,Medium Risk,2178.0
QLD,35 to 44,Autism,Capital,124,17000,75.0,15,730000,8.2667,25.0,5887,0.3839,Low Risk,127.0
QLD,35 to 44,Autism,Core,2178,91000,85.0,170,165817000,12.8118,15.0,76133,0.504,Medium Risk,2010.0
QLD,35 to 44,Cerebral Palsy,Capacity Building,482,22000,68.0,165,7241000,2.9212,32.0,15023,0.3412,Low Risk,476.0
QLD,35 to 44,Cerebral Palsy,Capital,366,30000,83.0,41,6509000,8.9268,17.0,17784,0.4046,Low Risk,283.0
QLD,35 to 44,Cerebral Palsy,Core,483,273000,85.0,98,115472000,4.9286,15.0,239072,0.3648,Low Risk,481.0
QLD,35 to 44,Down Syndrome,Capacity Building,415,18000,65.0,125,4674000,3.32,35.0,11263,0.3374,Low Risk,398.0
QLD,35 to 44,Down Syndrome,Capital,90,11000,66.0,8,0,11.25,34.0,0,0.4965,Medium Risk,110.0
QLD,35 to 44,Down Syndrome,Core,416,190000,89.0,98,69980000,4.2449,11.0,168221,0.3262,Low Risk,418.0
QLD,35 to 44,Hearing Impairment,Capacity Building,469,6000,44.0,14,1200000,33.5,56.0,2559,0.7363,High Risk,365.0
QLD,35 to 44,Hearing Impairment,Capital,167,9000,21.0,1,0,167.0,79.0,0,0.805,High Risk,120.0
QLD,35 to 44,Hearing Impairment,Core,471,16000,66.0,4,4716000,117.75,34.0,10013,0.6631,High Risk,356.0
QLD,35 to 44,Intellectual Disability,Capacity Building,2176,20000,67.0,430,28018000,5.0605,33.0,12876,0.408,Low Risk,2092.0
QLD,35 to 44,Intellectual Disability,Capital,455,21000,84.0,38,5040000,11.9737,16.0,11077,0.4152,Low Risk,288.0
QLD,35 to 44,Intellectual Disability,Core,2171,173000,85.0,341,325769000,6.3666,15.0,150055,0.4039,Low Risk,2138.0
QLD,35 to 44,Multiple Sclerosis,Capacity Building,332,20000,66.0,19,3771000,17.4737,34.0,11358,0.6025,High Risk,328.0
QLD,35 to 44,Multiple Sclerosis,Capital,168,20000,82.0,11,1273000,15.2727,18.0,7577,0.4488,Medium Risk,146.0
QLD,35 to 44,Multiple Sclerosis,Core,329,86000,75.0,23,18832000,14.3043,25.0,57240,0.596,High Risk,325.0
QLD,35 to 44,Other,Capacity Building,273,19000,64.0,31,2855000,8.8065,36.0,10458,0.5001,Medium Risk,276.0
QLD,35 to 44,Other,Capital,200,36000,89.0,9,3849000,22.2222,11.0,19245,0.5251,Medium Risk,179.0
QLD,35 to 44,Other,Core,269,114000,76.0,8,18742000,33.625,24.0,69673,0.6771,High Risk,269.0
QLD,35 to 44,Other Neurological,Capacity Building,416,23000,66.0,86,6126000,4.8372,34.0,14726,0.4196,Low Risk,409.0
QLD,35 to 44,Other Neurological,Capital,244,30000,70.0,19,4064000,12.8421,30.0,16656,0.5879,High Risk,185.0
QLD,35 to 44,Other Neurological,Core,413,192000,76.0,38,64308000,10.8684,24.0,155709,0.5764,High Risk,416.0
QLD,35 to 44,Other Physical,Capacity Building,428,16000,65.0,63,4408000,6.7937,35.0,10299,0.4306,Low Risk,413.0
QLD,35 to 44,Other Physical,Capital,321,29000,70.0,20,4499000,16.05,30.0,14016,0.6136,High Risk,238.0
QLD,35 to 44,Other Physical,Core,425,99000,73.0,37,32262000,11.4865,27.0,75911,0.5883,High Risk,411.0
QLD,35 to 44,Other Sensory/Speech,Capacity Building,10,20000,61.5,1,0,10.0,38.5,0,0.5691,High Risk,60.0
QLD,35 to 44,Other Sensory/Speech,Capital,10,21000,75.0,1,0,10.0,25.0,0,0.4585,Medium Risk,10.0
QLD,35 to 44,Other Sensory/Speech,Core,10,88000,77.0,1,0,10.0,23.0,0,0.5169,Medium Risk,60.0
QLD,35 to 44,Psychosocial Disability,Capacity Building,2744,21000,61.0,414,33563000,6.628,39.0,12231,0.5137,Medium Risk,2718.0
QLD,35 to 44,Psychosocial Disability,Capital,86,18000,73.0,16,276000,5.375,27.0,3209,0.3501,Low Risk,122.0
QLD,35 to 44,Psychosocial Disability,Core,2728,107000,78.0,323,225538000,8.4458,22.0,82675,0.4787,Medium Risk,2670.0
QLD,35 to 44,Spinal Cord Injury,Capacity Building,299,21000,61.0,34,3416000,8.7941,39.0,11425,0.5556,Medium Risk,297.0
QLD,35 to 44,Spinal Cord Injury,Capital,263,30000,74.0,13,3543000,20.2308,26.0,13471,0.6108,High Risk,212.0
QLD,35 to 44,Spinal Cord Injury,Core,302,175000,77.0,14,37620000,21.5714,23.0,124570,0.6449,High Risk,306.0
QLD,35 to 44,Stroke,Capacity Building,153,22000,66.0,31,1626000,4.9355,34.0,10627,0.414,Low Risk,166.0
QLD,35 to 44,Stroke,Capital,90,21000,78.0,7,225000,12.8571,22.0,2500,0.474,Medium Risk,131.0
QLD,35 to 44,Stroke,Core,153,159000,78.0,12,12796000,12.75,22.0,83634,0.5727,High Risk,169.0
QLD,35 to 44,Visual Impairment,Capacity Building,297,11000,61.0,28,1780000,10.6071,39.0,5993,0.5427,Medium Risk,281.0
QLD,35 to 44,Visual Impairment,Capital,62,14000,35.0,22,0,2.8182,65.0,0,0.4517,Medium Risk,100.0
QLD,35 to 44,Visual Impairment,Core,289,66000,83.0,16,15376000,18.0625,17.0,53204,0.5404,Medium Risk,300.0
QLD,45 to 54,ABI,Capacity Building,971,23000,65.0,270,14313000,3.5963,35.0,14740,0.3959,Low Risk,974.0
QLD,45 to 54,ABI,Capital,414,23000,62.0,38,4839000,10.8947,38.0,11688,0.6108,High Risk,298.0
QLD,45 to 54,ABI,Core,976,188000,81.0,175,151137000,5.5771,19.0,154853,0.4147,Low Risk,980.0
QLD,45 to 54,Autism,Capacity Building,1049,16000,63.0,171,10135000,6.1345,37.0,9662,0.4387,Medium Risk,1006.0
QLD,45 to 54,Autism,Capital,69,17000,77.0,7,0,9.8571,23.0,0,0.3875,Low Risk,100.0
QLD,45 to 54,Autism,Core,997,81000,84.0,75,67769000,13.2933,16.0,67973,0.5049,Medium Risk,928.0
QLD,45 to 54,Cerebral Palsy,Capacity Building,383,23000,70.0,147,6121000,2.6054,30.0,15982,0.3239,Low Risk,382.0
QLD,45 to 54,Cerebral Palsy,Capital,296,31000,76.0,35,5410000,8.4571,24.0,18277,0.4607,Medium Risk,238.0
QLD,45 to 54,Cerebral Palsy,Core,381,281000,89.0,102,96113000,3.7353,11.0,252265,0.3206,Low Risk,385.0
QLD,45 to 54,Down Syndrome,Capacity Building,280,18000,61.0,133,3023000,2.1053,39.0,10796,0.3474,Low Risk,289.0
QLD,45 to 54,Down Syndrome,Capital,86,17000,76.0,13,0,6.6154,24.0,0,0.3406,Low Risk,120.0
QLD,45 to 54,Down Syndrome,Core,279,219000,83.0,91,51261000,3.0659,17.0,183731,0.3184,Low Risk,299.0
QLD,45 to 54,Hearing Impairment,Capacity Building,558,6000,46.0,25,1484000,22.32,54.0,2659,0.6995,High Risk,426.0
QLD,45 to 54,Hearing Impairment,Capital,180,8000,78.0,1,42000,180.0,22.0,233,0.5372,Medium Risk,124.0
QLD,45 to 54,Hearing Impairment,Core,558,18000,63.0,7,5437000,79.7143,37.0,9744,0.6994,High Risk,419.0
QLD,45 to 54,Intellectual Disability,Capacity Building,1816,19000,67.0,429,22872000,4.2331,33.0,12595,0.3581,Low Risk,1768.0
QLD,45 to 54,Intellectual Disability,Capital,416,18000,77.0,37,4472000,11.2432,23.0,10750,0.4325,Medium Risk,284.0
QLD,45 to 54,Intellectual Disability,Core,1817,177000,86.0,327,280096000,5.5566,14.0,154153,0.3845,Low Risk,1809.0
QLD,45 to 54,Multiple Sclerosis,Capacity Building,570,20000,65.0,45,7027000,12.6667,35.0,12328,0.5729,High Risk,562.0
QLD,45 to 54,Multiple Sclerosis,Capital,336,22000,83.0,19,4129000,17.6842,17.0,12289,0.4782,Medium Risk,242.0
QLD,45 to 54,Multiple Sclerosis,Core,567,101000,72.0,23,42343000,24.6522,28.0,74679,0.6842,High Risk,552.0
QLD,45 to 54,Other,Capacity Building,467,21000,64.0,68,6075000,6.8676,36.0,13009,0.4856,Medium Risk,462.0
QLD,45 to 54,Other,Capital,370,31000,72.0,17,6209000,21.7647,28.0,16781,0.6342,High Risk,268.0
QLD,45 to 54,Other,Core,465,140000,67.0,21,42531000,22.1429,33.0,91465,0.7231,High Risk,466.0
QLD,45 to 54,Other Neurological,Capacity Building,734,26000,70.0,147,13260000,4.9932,30.0,18065,0.4059,Low Risk,748.0
QLD,45 to 54,Other Neurological,Capital,456,25000,83.0,32,7697000,14.25,17.0,16879,0.474,Medium Risk,339.0
QLD,45 to 54,Other Neurological,Core,731,212000,77.0,103,123782000,7.0971,23.0,169332,0.487,Medium Risk,741.0
QLD,45 to 54,Other Physical,Capacity Building,767,15000,63.0,84,7475000,9.131,37.0,9746,0.4913,Medium Risk,733.0
QLD,45 to 54,Other Physical,Capital,614,29000,90.0,26,8362000,23.6154,10.0,13619,0.5168,Medium Risk,422.0
QLD,45 to 54,Other Physical,Core,763,88000,74.0,43,50780000,17.7442,26.0,66553,0.6313,High Risk,741.0
QLD,45 to 54,Other Sensory/Speech,Capacity Building,10,20000,61.5,47,0,0.2128,38.5,0,0.3095,Low Risk,30.0
QLD,45 to 54,Other Sensory/Speech,Capital,10,21000,75.0,13,0,0.7692,25.0,0,0.2134,Low Risk,
QLD,45 to 54,Other Sensory/Speech,Core,10,88000,77.0,29,0,0.3448,23.0,0,0.2613,Low Risk,30.0
QLD,45 to 54,Psychosocial Disability,Capacity Building,3447,19000,63.0,465,41889000,7.4129,37.0,12152,0.4864,Medium Risk,3465.0
QLD,45 to 54,Psychosocial Disability,Capital,165,15000,82.0,21,1023000,7.8571,18.0,6200,0.2996,Low Risk,143.0
QLD,45 to 54,Psychosocial Disability,Core,3435,103000,79.0,364,284586000,9.4368,21.0,82849,0.4857,Medium Risk,3433.0
QLD,45 to 54,Spinal Cord Injury,Capacity Building,376,21000,66.0,55,4991000,6.8364,34.0,13274,0.4664,Medium Risk,375.0
QLD,45 to 54,Spinal Cord Injury,Capital,341,35000,87.0,28,6253000,12.1786,13.0,18337,0.4606,Medium Risk,284.0
QLD,45 to 54,Spinal Cord Injury,Core,379,188000,79.0,29,53248000,13.069,21.0,140496,0.5756,High Risk,385.0
QLD,45 to 54,Stroke,Capacity Building,402,24000,71.0,80,6471000,5.025,29.0,16097,0.4078,Low Risk,409.0
QLD,45 to 54,Stroke,Capital,267,24000,86.0,17,3241000,15.7059,14.0,12139,0.4667,Medium Risk,210.0
QLD,45 to 54,Stroke,Core,402,169000,71.0,38,46648000,10.5789,29.0,116040,0.6099,High Risk,402.0
QLD,45 to 54,Visual Impairment,Capacity Building,329,11000,57.0,30,2038000,10.9667,43.0,6195,0.5848,High Risk,316.0
QLD,45 to 54,Visual Impairment,Capital,101,14000,50.0,1,0,101.0,50.0,0,0.7772,High Risk,110.0
QLD,45 to 54,Visual Impairment,Core,329,60000,83.0,15,15672000,21.9333,17.0,47635,0.5571,Medium Risk,341.0
QLD,55 to 64,ABI,Capacity Building,1382,24000,68.0,329,21583000,4.2006,32.0,15617,0.394,Low Risk,1398.0
QLD,55 to 64,ABI,Capital,727,23000,79.0,53,10662000,13.717,21.0,14666,0.4905,Medium Risk,496.0
QLD,55 to 64,ABI,Core,1388,209000,80.0,241,237172000,5.7593,20.0,170873,0.433,Medium Risk,1405.0
QLD,55 to 64,Autism,Capacity Building,450,17000,64.0,109,4797000,4.1284,36.0,10660,0.3672,Low Risk,441.0
QLD,55 to 64,Autism,Capital,47,14000,61.0,9,0,5.2222,39.0,0,0.4336,Medium Risk,110.0
QLD,55 to 64,Autism,Core,429,97000,83.0,52,34000000,8.25,17.0,79254,0.4311,Medium Risk,411.0
QLD,55 to 64,Cerebral Palsy,Capacity Building,322,22000,70.0,139,5014000,2.3165,30.0,15571,0.3032,Low Risk,319.0
QLD,55 to 64,Cerebral Palsy,Capital,264,28000,76.0,38,4333000,6.9474,24.0,16413,0.4252,Low Risk,221.0
QLD,55 to 64,Cerebral Palsy,Core,322,264000,88.0,95,73566000,3.3895,12.0,228466,0.3136,Low Risk,330.0
QLD,55 to 64,Down Syndrome,Capacity Building,162,25000,66.0,115,2421000,1.4087,34.0,14944,0.3321,Low Risk,194.0
QLD,55 to 64,Down Syndrome,Capital,89,24000,93.0,13,381000,6.8462,7.0,4281,0.314,Low Risk,127.0
QLD,55 to 64,Down Syndrome,Core,162,323000,85.0,69,44747000,2.3478,15.0,276216,0.2906,Low Risk,203.0
QLD,55 to 64,Hearing Impairment,Capacity Building,902,6000,45.0,30,2566000,30.0667,55.0,2845,0.7273,High Risk,715.0
QLD,55 to 64,Hearing Impairment,Capital,274,8000,59.0,2,198000,137.0,41.0,723,0.7084,High Risk,146.0
QLD,55 to 64,Hearing Impairment,Core,907,19000,61.0,18,10528000,50.3889,39.0,11607,0.7201,High Risk,692.0
QLD,55 to 64,Intellectual Disability,Capacity Building,1749,19000,66.0,452,22122000,3.8695,34.0,12648,0.3575,Low Risk,1723.0
QLD,55 to 64,Intellectual Disability,Capital,565,18000,80.0,41,6210000,13.7805,20.0,10991,0.4354,Medium Risk,400.0
QLD,55 to 64,Intellectual Disability,Core,1751,197000,86.0,352,307983000,4.9744,14.0,175890,0.3557,Low Risk,1770.0
QLD,55 to 64,Multiple Sclerosis,Capacity Building,763,21000,67.0,74,10137000,10.3108,33.0,13286,0.5374,Medium Risk,747.0
QLD,55 to 64,Multiple Sclerosis,Capital,523,23000,89.0,27,7285000,19.3704,11.0,13929,0.4712,Medium Risk,369.0
QLD,55 to 64,Multiple Sclerosis,Core,761,115000,72.0,32,60667000,23.7812,28.0,79720,0.6868,High Risk,753.0
QLD,55 to 64,Other,Capacity Building,886,21000,61.0,154,11516000,5.7532,39.0,12998,0.4975,Medium Risk,912.0
QLD,55 to 64,Other,Capital,659,30000,73.0,32,11638000,20.5938,27.0,17660,0.6206,High Risk,522.0
QLD,55 to 64,Other,Core,882,163000,70.0,68,102715000,12.9706,30.0,116457,0.6445,High Risk,904.0
QLD,55 to 64,Other Neurological,Capacity Building,1694,24000,63.0,289,25411000,5.8616,37.0,15001,0.4998,Medium Risk,1748.0
QLD,55 to 64,Other Neurological,Capital,974,26000,74.0,48,16558000,20.2917,26.0,17000,0.5981,High Risk,747.0
QLD,55 to 64,Other Neurological,Core,1678,206000,74.0,167,261460000,10.0479,26.0,155816,0.5884,High Risk,1731.0
QLD,55 to 64,Other Physical,Capacity Building,1416,15000,62.0,141,13415000,10.0426,38.0,9474,0.5381,Medium Risk,1383.0
QLD,55 to 64,Other Physical,Capital,1186,26000,73.0,43,14594000,27.5814,27.0,12305,0.6347,High Risk,830.0
QLD,55 to 64,Other Physical,Core,1412,94000,72.0,92,97764000,15.3478,28.0,69238,0.6325,High Risk,1408.0
QLD,55 to 64,Other Sensory/Speech,Capacity Building,10,20000,61.5,1,0,10.0,38.5,0,0.5691,High Risk,50.0
QLD,55 to 64,Other Sensory/Speech,Capital,10,21000,75.0,1,0,10.0,25.0,0,0.4585,Medium Risk,10.0
QLD,55 to 64,Other Sensory/Speech,Core,10,88000,77.0,1,0,10.0,23.0,0,0.5169,Medium Risk,60.0
QLD,55 to 64,Psychosocial Disability,Capacity Building,3173,18000,64.0,436,38252000,7.2775,36.0,12055,0.4628,Medium Risk,3203.0
QLD,55 to 64,Psychosocial Disability,Capital,270,12000,62.0,15,1400000,18.0,38.0,5185,0.6017,High Risk,168.0
QLD,55 to 64,Psychosocial Disability,Core,3166,103000,79.0,335,268983000,9.4507,21.0,84960,0.4859,Medium Risk,3211.0
QLD,55 to 64,Spinal Cord Injury,Capacity Building,503,20000,62.0,69,6493000,7.2899,38.0,12909,0.5068,Medium Risk,488.0
QLD,55 to 64,Spinal Cord Injury,Capital,468,32000,81.0,26,8266000,18.0,19.0,17662,0.5352,Medium Risk,367.0
QLD,55 to 64,Spinal Cord Injury,Core,507,188000,75.0,39,75498000,13.0,25.0,148911,0.6125,High Risk,520.0
QLD,55 to 64,Stroke,Capacity Building,980,23000,70.0,145,15038000,6.7586,30.0,15345,0.4466,Medium Risk,993.0
QLD,55 to 64,Stroke,Capital,672,25000,73.0,34,10152000,19.7647,27.0,15107,0.5986,High Risk,509.0
QLD,55 to 64,Stroke,Core,978,186000,77.0,117,141601000,8.359,23.0,144786,0.507,Medium Risk,984.0
QLD,55 to 64,Visual Impairment,Capacity Building,487,11000,59.0,57,3226000,8.5439,41.0,6624,0.5078,Medium Risk,445.0
QLD,55 to 64,Visual Impairment,Capital,159,10000,61.0,3,129000,53.0,39.0,811,0.6798,High Risk,134.0
QLD,55 to 64,Visual Impairment,Core,486,68000,79.0,39,25901000,12.4615,21.0,53294,0.5276,Medium Risk,485.0
QLD,65+,ABI,Capacity Building,702,21000,65.0,243,10085000,2.8889,35.0,14366,0.3574,Low Risk,719.0
QLD,65+,ABI,Capital,403,21000,63.0,32,4043000,12.5938,37.0,10032,0.604,High Risk,265.0
QLD,65+,ABI,Core,703,203000,80.0,161,124741000,4.3665,20.0,177441,0.3798,Low Risk,739.0
QLD,65+,Autism,Capacity Building,96,15000,69.0,30,333000,3.2,31.0,3469,0.2847,Low Risk,140.0
QLD,65+,Autism,Capital,15,14000,74.5,2,0,7.5,25.5,0,0.3608,Low Risk,40.0
QLD,65+,Autism,Core,101,81000,80.0,19,2180000,5.3158,20.0,21584,0.3847,Low Risk,140.0
QLD,65+,Cerebral Palsy,Capacity Building,168,21000,63.0,85,1983000,1.9765,37.0,11804,0.3519,Low Risk,193.0
QLD,65+,Cerebral Palsy,Capital,142,27000,83.0,23,1531000,6.1739,17.0,10782,0.3434,Low Risk,161.0
QLD,65+,Cerebral Palsy,Core,168,271000,81.0,56,35604000,3.0,19.0,211929,0.3341,Low Risk,198.0
QLD,65+,Down Syndrome,Capacity Building,47,24000,62.0,35,0,1.3429,38.0,0,0.369,Low Risk,130.0
QLD,65+,Down Syndrome,Capital,28,29000,70.0,8,0,3.5,30.0,0,0.3777,Low Risk,100.0
QLD,65+,Down Syndrome,Core,43,349000,77.0,19,0,2.2632,23.0,0,0.349,Low Risk,130.0
QLD,65+,Hearing Impairment,Capacity Building,510,5000,42.0,17,1232000,30.0,58.0,2416,0.7302,High Risk,388.0
QLD,65+,Hearing Impairment,Capital,182,7000,32.0,3,0,60.6667,68.0,0,0.7783,High Risk,130.0
QLD,65+,Hearing Impairment,Core,525,18000,66.0,10,5824000,52.5,34.0,11093,0.6593,High Risk,381.0
QLD,65+,Intellectual Disability,Capacity Building,835,18000,64.0,314,9923000,2.6592,36.0,11884,0.3318,Low Risk,844.0
QLD,65+,Intellectual Disability,Capital,315,16000,76.0,31,2885000,10.1613,24.0,9159,0.4189,Low Risk,235.0
QLD,65+,Intellectual Disability,Core,837,214000,86.0,234,170624000,3.5769,14.0,203852,0.3222,Low Risk,885.0
QLD,65+,Multiple Sclerosis,Capacity Building,455,20000,68.0,54,6412000,8.4259,32.0,14092,0.4687,Medium Risk,466.0
QLD,65+,Multiple Sclerosis,Capital,356,24000,78.0,22,5270000,16.1818,22.0,14803,0.5257,Medium Risk,281.0
QLD,65+,Multiple Sclerosis,Core,453,151000,75.0,29,56870000,15.6207,25.0,125541,0.6262,High Risk,471.0
QLD,65+,Other,Capacity Building,407,18000,61.0,81,5184000,5.0247,39.0,12737,0.4485,Medium Risk,438.0
QLD,65+,Other,Capital,294,28000,77.0,13,4024000,22.6154,23.0,13687,0.5861,High Risk,236.0
QLD,65+,Other,Core,407,140000,71.0,30,47726000,13.5667,29.0,117263,0.6365,High Risk,443.0
QLD,65+,Other Neurological,Capacity Building,1437,23000,65.0,273,23004000,5.2637,35.0,16008,0.4569,Medium Risk,1540.0
QLD,65+,Other Neurological,Capital,868,22000,74.0,37,12027000,23.4595,26.0,13856,0.5897,High Risk,649.0
QLD,65+,Other Neurological,Core,1428,198000,72.0,139,251704000,10.2734,28.0,176263,0.6047,High Risk,1590.0
QLD,65+,Other Physical,Capacity Building,1161,14000,61.0,135,10627000,8.6,39.0,9153,0.5014,Medium Risk,1154.0
QLD,65+,Other Physical,Capital,1007,24000,76.0,27,10527000,37.2963,24.0,10454,0.6164,High Risk,689.0
QLD,65+,Other Physical,Core,1160,88000,71.0,59,85418000,19.661,29.0,73636,0.6627,High Risk,1187.0
QLD,65+,Other Sensory/Speech,Capacity Building,10,20000,61.5,1,0,10.0,38.5,0,0.5691,High Risk,40.0
QLD,65+,Other Sensory/Speech,Capital,10,21000,75.0,1,0,10.0,25.0,0,0.4585,Medium Risk,10.0
QLD,65+,Other Sensory/Speech,Core,10,88000,77.0,1,0,10.0,23.0,0,0.5169,Medium Risk,40.0
QLD,65+,Psychosocial Disability,Capacity Building,1338,17000,63.0,280,15184000,4.7786,37.0,11348,0.3948,Low Risk,1384.0
QLD,65+,Psychosocial Disability,Capital,159,12000,68.0,7,448000,22.7143,32.0,2818,0.5675,High Risk,143.0
QLD,65+,Psychosocial Disability,Core,1336,113000,75.0,204,135041000,6.549,25.0,101079,0.4757,Medium Risk,1403.0
QLD,65+,Spinal Cord Injury,Capacity Building,333,18000,57.0,35,3961000,9.5143,43.0,11895,0.5753,High Risk,336.0
QLD,65+,Spinal Cord Injury,Capital,308,24000,77.0,12,3981000,25.6667,23.0,12925,0.582,High Risk,249.0
QLD,65+,Spinal Cord Injury,Core,332,151000,73.0,11,43618000,30.1818,27.0,131380,0.7071,High Risk,353.0
QLD,65+,Stroke,Capacity Building,768,20000,66.0,169,11011000,4.5444,34.0,14337,0.387,Low Risk,812.0
QLD,65+,Stroke,Capital,560,22000,77.0,35,7601000,16.0,23.0,13573,0.5181,Medium Risk,406.0
QLD,65+,Stroke,Core,768,183000,75.0,90,125453000,8.5333,25.0,163350,0.5298,Medium Risk,836.0
QLD,65+,Visual Impairment,Capacity Building,358,10000,61.0,27,2090000,13.2593,39.0,5838,0.572,High Risk,335.0
QLD,65+,Visual Impairment,Capital,124,12000,48.0,24,0,5.1667,52.0,0,0.5041,Medium Risk,130.0
QLD,65+,Visual Impairment,Core,361,56000,77.0,20,15018000,18.05,23.0,41601,0.5876,High Risk,366.0
QLD,9 to 14,ABI,Capacity Building,132,28000,59.0,33,1464000,4.0,41.0,11091,0.492,Medium Risk,171.0
QLD,9 to 14,ABI,Capital,40,22000,69.0,17,0,2.3529,31.0,0,0.3132,Low Risk,110.0
QLD,9 to 14,ABI,Core,127,60000,83.0,1,3111000,127.0,17.0,24496,0.6283,High Risk,145.0
QLD,9 to 14,Autism,Capacity Building,27179,19000,56.0,539,266103000,50.4249,44.0,9791,0.7632,High Risk,25884.0
QLD,9 to 14,Autism,Capital,629,8000,64.0,2,1543000,314.5,36.0,2453,0.6622,High Risk,356.0
QLD,9 to 14,Autism,Core,24227,10000,74.0,80,188711000,302.8375,26.0,7789,0.5861,High Risk,14475.0
QLD,9 to 14,Cerebral Palsy,Capacity Building,722,23000,64.0,69,10758000,10.4638,36.0,14900,0.5821,High Risk,708.0
QLD,9 to 14,Cerebral Palsy,Capital,516,20000,71.0,16,4712000,32.25,29.0,9132,0.6165,High Risk,397.0
QLD,9 to 14,Cerebral Palsy,Core,697,47000,80.0,15,28008000,46.4667,20.0,40184,0.6258,High Risk,575.0
QLD,9 to 14,Developmental Delay,Capacity Building,146,16000,41.0,12,1653000,12.1667,59.0,11322,0.6724,High Risk,399.0
QLD,9 to 14,Developmental Delay,Capital,10,8500,61.0,12,0,0.8333,39.0,0,0.2744,Low Risk,10.0
QLD,9 to 14,Developmental Delay,Core,106,1000,81.0,12,27000,8.8333,19.0,255,0.2884,Low Risk,136.0
QLD,9 to 14,Disability_Missing,Capacity Building,119,20000,85.0,47,0,2.5319,15.0,0,0.1763,Low Risk,
QLD,9 to 14,Down Syndrome,Capacity Building,282,24000,64.0,39,3774000,7.2308,36.0,13383,0.5156,Medium Risk,280.0
QLD,9 to 14,Down Syndrome,Capital,72,9000,69.0,23,0,3.1304,31.0,0,0.2633,Low Risk,130.0
QLD,9 to 14,Down Syndrome,Core,280,25000,85.0,7,7421000,40.0,15.0,26504,0.5525,Medium Risk,274.0
QLD,9 to 14,Global Developmental Delay,Capacity Building,79,19000,54.0,19,617000,4.1579,46.0,7810,0.4704,Medium Risk,184.0
QLD,9 to 14,Global Developmental Delay,Capital,10,12500,68.0,19,0,0.5263,32.0,0,0.2074,Low Risk,50.0
QLD,9 to 14,Global Developmental Delay,Core,79,6000,82.0,19,163000,4.1579,18.0,2063,0.1714,Low Risk,131.0
QLD,9 to 14,Hearing Impairment,Capacity Building,1090,11000,38.0,34,4367000,32.0588,62.0,4006,0.7594,High Risk,875.0
QLD,9 to 14,Hearing Impairment,Capital,35,4000,89.0,34,0,1.0294,11.0,0,0.0453,Low Risk,40.0
QLD,9 to 14,Hearing Impairment,Core,1084,3000,57.0,34,2009000,31.8824,43.0,1853,0.677,High Risk,483.0
QLD,9 to 14,Intellectual Disability,Capacity Building,2711,22000,62.0,275,34943000,9.8582,38.0,12889,0.5693,High Risk,2607.0
QLD,9 to 14,Intellectual Disability,Capital,364,14000,78.0,6,2099000,60.6667,22.0,5766,0.5404,Medium Risk,251.0
QLD,9 to 14,Intellectual Disability,Core,2461,22000,80.0,38,45755000,64.7632,20.0,18592,0.5835,High Risk,1692.0
QLD,9 to 14,Other,Capacity Building,376,16000,57.0,25,3123000,15.04,43.0,8306,0.6453,High Risk,380.0
QLD,9 to 14,Other,Capital,44,22000,75.0,1,0,44.0,25.0,0,0.6182,High Risk,120.0
QLD,9 to 14,Other,Core,327,6000,68.0,6,1067000,54.5,32.0,3263,0.5985,High Risk,204.0
QLD,9 to 14,Other Neurological,Capacity Building,316,24000,63.0,41,4561000,7.7073,37.0,14434,0.5372,Medium Risk,319.0
QLD,9 to 14,Other Neurological,Capital,155,32000,63.0,3,2055000,51.6667,37.0,13258,0.7694,High Risk,154.0
QLD,9 to 14,Other Neurological,Core,301,56000,82.0,10,13123000,30.1,18.0,43598,0.5894,High Risk,268.0
QLD,9 to 14,Other Physical,Capacity Building,261,18000,53.0,21,2298000,12.4286,47.0,8805,0.6509,High Risk,260.0
QLD,9 to 14,Other Physical,Capital,119,20000,52.0,1,503000,119.0,48.0,4227,0.813,High Risk,119.0
QLD,9 to 14,Other Physical,Core,251,19000,67.0,1,3162000,251.0,33.0,12598,0.6825,High Risk,209.0
QLD,9 to 14,Other Sensory/Speech,Capacity Building,99,13000,54.0,6,320000,16.5,46.0,3232,0.6585,High Risk,142.0
QLD,9 to 14,Other Sensory/Speech,Capital,10,7000,49.0,6,0,1.6667,51.0,0,0.3679,Low Risk,10.0
QLD,9 to 14,Other Sensory/Speech,Core,77,1000,44.0,6,0,12.8333,56.0,0,0.6345,High Risk,100.0
QLD,9 to 14,Psychosocial Disability,Capacity Building,10,20000,61.5,4,0,2.5,38.5,0,0.3753,Low Risk,70.0
QLD,9 to 14,Psychosocial Disability,Core,10,88000,77.0,4,0,2.5,23.0,0,0.3231,Low Risk,40.0
QLD,9 to 14,Spinal Cord Injury,Capacity Building,10,20000,61.5,2,0,5.0,38.5,0,0.4546,Medium Risk,60.0
QLD,9 to 14,Spinal Cord Injury,Capital,10,21000,75.0,2,0,5.0,25.0,0,0.344,Low Risk,40.0
QLD,9 to 14,Spinal Cord Injury,Core,10,88000,77.0,2,0,5.0,23.0,0,0.4024,Low Risk,60.0
QLD,9 to 14,Stroke,Capacity Building,19,16000,66.0,2,0,9.5,34.0,0,0.4702,Medium Risk,80.0
QLD,9 to 14,Stroke,Capital,10,16000,57.5,2,0,5.0,42.5,0,0.4631,Medium Risk,10.0
QLD,9 to 14,Stroke,Core,12,16000,49.0,2,0,6.0,51.0,0,0.5332,Medium Risk,60.0
QLD,9 to 14,Visual Impairment,Capacity Building,117,15000,49.0,10,510000,11.7,51.0,4359,0.6429,High Risk,147.0
QLD,9 to 14,Visual Impairment,Capital,31,8000,40.0,6,0,5.1667,60.0,0,0.5088,Medium Risk,90.0
QLD,9 to 14,Visual Impairment,Core,113,6000,63.0,2,65000,56.5,37.0,575,0.646,High Risk,133.0
SA,0 to 8,ABI,Capacity Building,21,38000,81.0,1,0,21.0,19.0,0,0.5583,Medium Risk,70.0
SA,0 to 8,ABI,Capital,10,37500,66.5,1,0,10.0,33.5,0,0.5829,High Risk,30.0
SA,0 to 8,ABI,Core,14,37000,52.0,1,0,14.0,48.0,0,0.7609,High Risk,40.0
SA,0 to 8,Autism,Capacity Building,5320,24000,69.0,101,77138000,52.6733,31.0,14500,0.688,High Risk,5176.0
SA,0 to 8,Autism,Capital,297,6000,43.0,1,453000,297.0,57.0,1525,0.7806,High Risk,201.0
SA,0 to 8,Autism,Core,5010,5000,68.0,12,15040000,417.5,32.0,3002,0.6207,High Risk,2728.0
SA,0 to 8,Cerebral Palsy,Capacity Building,200,29000,75.0,4,3257000,50.0,25.0,16285,0.6582,High Risk,232.0
SA,0 to 8,Cerebral Palsy,Capital,143,16000,60.0,4,717000,35.75,40.0,5014,0.6916,High Risk,157.0
SA,0 to 8,Cerebral Palsy,Core,198,20000,74.0,4,1866000,49.5,26.0,9424,0.6142,High Risk,200.0
SA,0 to 8,Developmental Delay,Capacity Building,3657,22000,62.0,62,45581000,58.9839,38.0,12464,0.7434,High Risk,4230.0
SA,0 to 8,Developmental Delay,Capital,219,8000,63.0,34,319000,6.4412,37.0,1457,0.4173,Low Risk,180.0
SA,0 to 8,Developmental Delay,Core,3414,2000,48.0,5,2753000,682.8,52.0,806,0.7654,High Risk,1319.0
SA,0 to 8,Disability_Missing,Capacity Building,53,21000,48.0,13,0,4.0769,52.0,0,0.516,Medium Risk,
SA,0 to 8,Disability_Missing,Core,53,84500,28.0,13,0,4.0769,72.0,0,0.6207,High Risk,
SA,0 to 8,Down Syndrome,Capacity Building,93,29000,77.0,3,1250000,31.0,23.0,13441,0.6143,High Risk,147.0
SA,0 to 8,Down Syndrome,Capital,52,10000,71.0,3,123000,17.3333,29.0,2365,0.5072,Medium Risk,94.0
SA,0 to 8,Down Syndrome,Core,90,16000,61.0,3,616000,30.0,39.0,6844,0.673,High Risk,137.0
SA,0 to 8,Global Developmental Delay,Capacity Building,2134,23000,67.0,48,26965000,44.4583,33.0,12636,0.6909,High Risk,2071.0
SA,0 to 8,Global Developmental Delay,Capital,200,10000,60.0,1,836000,200.0,40.0,4180,0.7087,High Risk,178.0
SA,0 to 8,Global Developmental Delay,Core,2011,4000,60.0,6,4039000,335.1667,40.0,2008,0.6954,High Risk,858.0
SA,0 to 8,Hearing Impairment,Capacity Building,326,17000,59.0,7,2655000,46.5714,41.0,8144,0.718,High Risk,307.0
SA,0 to 8,Hearing Impairment,Capital,13,8000,45.0,4,0,3.25,55.0,0,0.4285,Low Risk,40.0
SA,0 to 8,Hearing Impairment,Core,319,3000,59.0,2,510000,159.5,41.0,1599,0.6976,High Risk,182.0
SA,0 to 8,Intellectual Disability,Capacity Building,313,26000,70.0,12,5323000,26.0833,30.0,17006,0.6519,High Risk,318.0
SA,0 to 8,Intellectual Disability,Capital,81,16000,52.0,7,214000,11.5714,48.0,2642,0.635,High Risk,118.0
SA,0 to 8,Intellectual Disability,Core,300,13000,64.0,2,1495000,150.0,36.0,4983,0.6734,High Risk,214.0
SA,0 to 8,Other,Capacity Building,88,22000,70.0,2,767000,44.0,30.0,8716,0.6569,High Risk,149.0
SA,0 to 8,Other,Capital,10,14500,73.0,2,0,5.0,27.0,0,0.3128,Low Risk,40.0
SA,0 to 8,Other,Core,86,7000,76.0,2,27000,43.0,24.0,314,0.5254,Medium Risk,93.0
SA,0 to 8,Other Neurological,Capacity Building,43,30000,77.0,1,265000,43.0,23.0,6163,0.6322,High Risk,102.0
SA,0 to 8,Other Neurological,Capital,25,16000,91.0,1,0,25.0,9.0,0,0.4334,Medium Risk,70.0
SA,0 to 8,Other Neurological,Core,43,16000,72.0,1,0,43.0,28.0,0,0.5895,High Risk,90.0
SA,0 to 8,Other Physical,Capacity Building,54,26000,64.0,2,519000,27.0,36.0,9611,0.7062,High Risk,108.0
SA,0 to 8,Other Physical,Capital,31,21000,40.0,1,0,31.0,60.0,0,0.8141,High Risk,90.0
SA,0 to 8,Other Physical,Core,51,24000,41.0,2,245000,25.5,59.0,4804,0.8226,High Risk,103.0
SA,0 to 8,Other Sensory/Speech,Capacity Building,10,21000,63.0,13,0,0.7692,37.0,0,0.3163,Low Risk,30.0
SA,0 to 8,Other Sensory/Speech,Core,10,84500,76.0,13,0,0.7692,24.0,0,0.28,Low Risk,10.0
SA,0 to 8,Spinal Cord Injury,Capacity Building,10,21000,63.0,13,0,0.7692,37.0,0,0.3163,Low Risk,10.0
SA,0 to 8,Spinal Cord Injury,Capital,10,18000,64.0,6,0,1.6667,36.0,0,0.3013,Low Risk,
SA,0 to 8,Spinal Cord Injury,Core,10,84500,76.0,13,0,0.7692,24.0,0,0.28,Low Risk,
SA,0 to 8,Stroke,Capacity Building,10,21000,63.0,13,0,0.7692,37.0,0,0.3163,Low Risk,30.0
SA,0 to 8,Stroke,Capital,10,18000,64.0,6,0,1.6667,36.0,0,0.3013,Low Risk,20.0
SA,0 to 8,Stroke,Core,10,84500,76.0,13,0,0.7692,24.0,0,0.28,Low Risk,20.0
SA,0 to 8,Visual Impairment,Capacity Building,19,23000,60.0,13,0,1.4615,40.0,0,0.3828,Low Risk,100.0
SA,0 to 8,Visual Impairment,Capital,10,13500,62.5,6,0,1.6667,37.5,0,0.2973,Low Risk,20.0
SA,0 to 8,Visual Impairment,Core,23,4000,65.0,13,0,1.7692,35.0,0,0.2469,Low Risk,100.0
SA,15 to 18,ABI,Capacity Building,25,20000,61.0,4,0,6.25,39.0,0,0.4964,Medium Risk,90.0
SA,15 to 18,ABI,Capital,10,29000,57.5,4,0,2.5,42.5,0,0.4695,Medium Risk,30.0
SA,15 to 18,ABI,Core,25,38000,54.0,4,0,6.25,46.0,0,0.6159,High Risk,80.0
SA,15 to 18,Autism,Capacity Building,6056,18000,52.0,157,52306000,38.5732,48.0,8637,0.7633,High Risk,5782.0
SA,15 to 18,Autism,Capital,183,8000,29.0,1,159000,183.0,71.0,869,0.7991,High Risk,159.0
SA,15 to 18,Autism,Core,5119,25000,68.0,28,81926000,182.8214,32.0,16004,0.7214,High Risk,3696.0
SA,15 to 18,Cerebral Palsy,Capacity Building,152,25000,73.0,13,2299000,11.6923,27.0,15125,0.5355,Medium Risk,196.0
SA,15 to 18,Cerebral Palsy,Capital,120,19000,69.0,2,682000,60.0,31.0,5683,0.6467,High Risk,129.0
SA,15 to 18,Cerebral Palsy,Core,145,88000,74.0,4,6263000,36.25,26.0,43193,0.6906,High Risk,162.0
SA,15 to 18,Developmental Delay,Capacity Building,20,21000,63.0,13,0,1.5385,37.0,0,0.3368,Low Risk,20.0
SA,15 to 18,Down Syndrome,Capacity Building,57,28000,68.0,5,563000,11.4,32.0,9877,0.5811,High Risk,111.0
SA,15 to 18,Down Syndrome,Capital,10,37500,12.0,5,0,2.0,88.0,0,0.5435,Medium Risk,40.0
SA,15 to 18,Down Syndrome,Core,52,47000,91.0,5,1127000,10.4,9.0,21673,0.434,Medium Risk,112.0
SA,15 to 18,Global Developmental Delay,Capacity Building,10,21000,63.0,13,0,0.7692,37.0,0,0.3163,Low Risk,10.0
SA,15 to 18,Global Developmental Delay,Core,10,84500,76.0,13,0,0.7692,24.0,0,0.28,Low Risk,20.0
SA,15 to 18,Hearing Impairment,Capacity Building,189,8000,38.0,3,355000,63.0,62.0,1878,0.7768,High Risk,189.0
SA,15 to 18,Hearing Impairment,Capital,11,4000,0.0,2,0,5.5,100.0,0,0.5248,Medium Risk,10.0
SA,15 to 18,Hearing Impairment,Core,193,4000,50.0,1,384000,193.0,50.0,1990,0.7543,High Risk,143.0
SA,15 to 18,Intellectual Disability,Capacity Building,890,26000,58.0,81,12290000,10.9877,42.0,13809,0.6682,High Risk,874.0
SA,15 to 18,Intellectual Disability,Capital,108,13000,58.0,1,220000,108.0,42.0,2037,0.7338,High Risk,127.0
SA,15 to 18,Intellectual Disability,Core,817,59000,77.0,17,32428000,48.0588,23.0,39692,0.6586,High Risk,672.0
SA,15 to 18,Other,Capacity Building,32,15000,62.0,1,0,32.0,38.0,0,0.6627,High Risk,100.0
SA,15 to 18,Other,Capital,13,54000,52.0,1,0,13.0,48.0,0,0.7596,High Risk,30.0
SA,15 to 18,Other,Core,30,31000,42.0,1,0,30.0,58.0,0,0.8553,High Risk,70.0
SA,15 to 18,Other Neurological,Capacity Building,77,23000,65.0,10,667000,7.7,35.0,8662,0.5076,Medium Risk,140.0
SA,15 to 18,Other Neurological,Capital,45,25000,85.0,10,0,4.5,15.0,0,0.2697,Low Risk,100.0
SA,15 to 18,Other Neurological,Core,69,82000,61.0,10,1449000,6.9,39.0,21000,0.5936,High Risk,107.0
SA,15 to 18,Other Physical,Capacity Building,53,13000,50.0,3,229000,17.6667,50.0,4321,0.6845,High Risk,98.0
SA,15 to 18,Other Physical,Capital,21,36000,21.0,1,0,21.0,79.0,0,0.8497,High Risk,50.0
SA,15 to 18,Other Physical,Core,46,22000,42.0,1,337000,46.0,58.0,7326,0.8382,High Risk,81.0
SA,15 to 18,Other Sensory/Speech,Capacity Building,102,10000,41.0,3,180000,34.0,59.0,1765,0.755,High Risk,149.0
SA,15 to 18,Other Sensory/Speech,Capital,10,7000,33.5,3,0,3.3333,66.5,0,0.4454,Medium Risk,
SA,15 to 18,Other Sensory/Speech,Core,72,4000,26.0,3,0,24.0,74.0,0,0.7277,High Risk,90.0
SA,15 to 18,Psychosocial Disability,Capacity Building,10,21000,63.0,13,0,0.7692,37.0,0,0.3163,Low Risk,20.0
SA,15 to 18,Psychosocial Disability,Core,10,84500,76.0,13,0,0.7692,24.0,0,0.28,Low Risk,20.0
SA,15 to 18,Spinal Cord Injury,Capacity Building,10,21000,63.0,13,0,0.7692,37.0,0,0.3163,Low Risk,10.0
SA,15 to 18,Spinal Cord Injury,Capital,10,18000,64.0,6,0,1.6667,36.0,0,0.3013,Low Risk,10.0
SA,15 to 18,Spinal Cord Injury,Core,10,84500,76.0,13,0,0.7692,24.0,0,0.28,Low Risk,10.0
SA,15 to 18,Stroke,Capacity Building,10,21000,63.0,13,0,0.7692,37.0,0,0.3163,Low Risk,20.0
SA,15 to 18,Stroke,Capital,10,18000,64.0,6,0,1.6667,36.0,0,0.3013,Low Risk,
SA,15 to 18,Stroke,Core,10,84500,76.0,13,0,0.7692,24.0,0,0.28,Low Risk,20.0
SA,15 to 18,Visual Impairment,Capacity Building,47,11000,38.0,3,54000,15.6667,62.0,1149,0.6927,High Risk,94.0
SA,15 to 18,Visual Impairment,Capital,15,7000,0.0,3,0,5.0,100.0,0,0.5099,Medium Risk,30.0
SA,15 to 18,Visual Impairment,Core,47,10000,39.0,3,55000,15.6667,61.0,1170,0.688,High Risk,81.0
SA,19 to 24,ABI,Capacity Building,56,26000,52.0,6,296000,9.3333,48.0,5286,0.6599,High Risk,116.0
SA,19 to 24,ABI,Capital,15,16000,65.0,1,0,15.0,35.0,0,0.5611,Medium Risk,50.0
SA,19 to 24,ABI,Core,55,130000,75.0,2,3388000,27.5,25.0,61600,0.6758,High Risk,105.0
SA,19 to 24,Autism,Capacity Building,4405,22000,47.0,166,42584000,26.5361,53.0,9667,0.7964,High Risk,4147.0
SA,19 to 24,Autism,Capital,168,13000,70.0,10,1105000,16.8,30.0,6577,0.5209,Medium Risk,127.0
SA,19 to 24,Autism,Core,4029,60000,76.0,86,176499000,46.8488,24.0,43807,0.6685,High Risk,3318.0
SA,19 to 24,Cerebral Palsy,Capacity Building,152,28000,66.0,19,2337000,8.0,34.0,15375,0.5274,Medium Risk,187.0
SA,19 to 24,Cerebral Palsy,Capital,103,24000,72.0,9,654000,11.4444,28.0,6350,0.534,Medium Risk,140.0
SA,19 to 24,Cerebral Palsy,Core,146,154000,81.0,10,14220000,14.6,19.0,97397,0.5609,Medium Risk,174.0
SA,19 to 24,Developmental Delay,Capacity Building,10,21000,63.0,13,0,0.7692,37.0,0,0.3163,Low Risk,
SA,19 to 24,Developmental Delay,Core,10,84500,76.0,13,0,0.7692,24.0,0,0.28,Low Risk,10.0
SA,19 to 24,Down Syndrome,Capacity Building,86,28000,74.0,9,1195000,9.5556,26.0,13895,0.4907,Medium Risk,132.0
SA,19 to 24,Down Syndrome,Capital,21,9000,87.0,1,0,21.0,13.0,0,0.404,Low Risk,40.0
SA,19 to 24,Down Syndrome,Core,85,149000,81.0,4,7097000,21.25,19.0,83494,0.5981,High Risk,134.0
SA,19 to 24,Hearing Impairment,Capacity Building,195,8000,31.0,3,354000,65.0,69.0,1815,0.7843,High Risk,173.0
SA,19 to 24,Hearing Impairment,Capital,17,1000,42.0,2,0,8.5,58.0,0,0.5585,Medium Risk,20.0
SA,19 to 24,Hearing Impairment,Core,209,6000,43.0,2,456000,104.5,57.0,2182,0.7722,High Risk,161.0
SA,19 to 24,Intellectual Disability,Capacity Building,1351,27000,54.0,134,20092000,10.0821,46.0,14872,0.6848,High Risk,1292.0
SA,19 to 24,Intellectual Disability,Capital,139,17000,70.0,9,602000,15.4444,30.0,4331,0.5281,Medium Risk,118.0
SA,19 to 24,Intellectual Disability,Core,1314,120000,80.0,83,123392000,15.8313,20.0,93906,0.5721,High Risk,1179.0
SA,19 to 24,Multiple Sclerosis,Capacity Building,10,21000,63.0,13,0,0.7692,37.0,0,0.3163,Low Risk,20.0
SA,19 to 24,Multiple Sclerosis,Core,10,84500,76.0,13,0,0.7692,24.0,0,0.28,Low Risk,20.0
SA,19 to 24,Other,Capacity Building,22,25000,60.0,3,0,7.3333,40.0,0,0.5654,Medium Risk,80.0
SA,19 to 24,Other,Capital,14,25000,61.0,2,0,7.0,39.0,0,0.5508,Medium Risk,60.0
SA,19 to 24,Other,Core,21,76000,74.0,2,0,10.5,26.0,0,0.5549,Medium Risk,70.0
SA,19 to 24,Other Neurological,Capacity Building,70,27000,62.0,8,696000,8.75,38.0,9943,0.5797,High Risk,140.0
SA,19 to 24,Other Neurological,Capital,38,24000,48.0,3,0,12.6667,52.0,0,0.7295,High Risk,70.0
SA,19 to 24,Other Neurological,Core,67,137000,76.0,3,4481000,22.3333,24.0,66881,0.6493,High Risk,137.0
SA,19 to 24,Other Physical,Capacity Building,60,17000,42.0,6,255000,10.0,58.0,4250,0.6394,High Risk,132.0
SA,19 to 24,Other Physical,Capital,32,21000,59.0,2,0,16.0,41.0,0,0.6738,High Risk,90.0
SA,19 to 24,Other Physical,Core,58,54000,40.0,3,932000,19.3333,60.0,16069,0.8352,High Risk,118.0
SA,19 to 24,Other Sensory/Speech,Capacity Building,49,14000,44.0,4,136000,12.25,56.0,2776,0.6601,High Risk,88.0
SA,19 to 24,Other Sensory/Speech,Capital,10,13500,44.5,3,0,3.3333,55.5,0,0.4506,Medium Risk,
SA,19 to 24,Other Sensory/Speech,Core,48,13000,45.0,2,0,24.0,55.0,0,0.733,High Risk,70.0
SA,19 to 24,Psychosocial Disability,Capacity Building,65,32000,53.0,22,697000,2.9545,47.0,10723,0.5116,Medium Risk,115.0
SA,19 to 24,Psychosocial Disability,Capital,10,100000,64.5,1,0,10.0,35.5,0,0.6279,High Risk,20.0
SA,19 to 24,Psychosocial Disability,Core,66,168000,76.0,5,5013000,13.2,24.0,75955,0.6008,High Risk,113.0
SA,19 to 24,Spinal Cord Injury,Capacity Building,10,21000,63.0,1,0,10.0,37.0,0,0.5613,Medium Risk,50.0
SA,19 to 24,Spinal Cord Injury,Capital,10,18000,64.0,1,0,10.0,36.0,0,0.5192,Medium Risk,30.0
SA,19 to 24,Spinal Cord Injury,Core,10,84500,76.0,1,0,10.0,24.0,0,0.525,Medium Risk,60.0
SA,19 to 24,Stroke,Capacity Building,10,21000,63.0,13,0,0.7692,37.0,0,0.3163,Low Risk,40.0
SA,19 to 24,Stroke,Capital,10,18000,64.0,6,0,1.6667,36.0,0,0.3013,Low Risk,10.0
SA,19 to 24,Stroke,Core,10,84500,76.0,13,0,0.7692,24.0,0,0.28,Low Risk,30.0
SA,19 to 24,Visual Impairment,Capacity Building,60,19000,47.0,3,361000,20.0,53.0,6017,0.7401,High Risk,131.0
SA,19 to 24,Visual Impairment,Capital,16,12000,24.0,3,0,5.3333,76.0,0,0.5386,Medium Risk,30.0
SA,19 to 24,Visual Impairment,Core,59,46000,76.0,3,1098000,19.6667,24.0,18610,0.6031,High Risk,129.0
SA,25 to 34,ABI,Capacity Building,163,27000,63.0,42,2201000,3.881,37.0,13503,0.4458,Medium Risk,200.0
SA,25 to 34,ABI,Capital,33,18000,74.0,7,0,4.7143,26.0,0,0.307,Low Risk,60.0
SA,25 to 34,ABI,Core,162,175000,76.0,27,17318000,6.0,24.0,106901,0.4694,Medium Risk,196.0
SA,25 to 34,Autism,Capacity Building,2395,17000,58.0,111,22279000,21.5766,42.0,9302,0.6801,High Risk,2222.0
SA,25 to 34,Autism,Capital,132,16000,73.0,14,1064000,9.4286,27.0,8061,0.4142,Low Risk,139.0
SA,25 to 34,Autism,Core,2230,86000,81.0,89,152922000,25.0562,19.0,68575,0.5977,High Risk,2018.0
SA,25 to 34,Cerebral Palsy,Capacity Building,212,27000,71.0,39,2743000,5.4359,29.0,12939,0.4311,Low Risk,226.0
SA,25 to 34,Cerebral Palsy,Capital,157,26000,69.0,13,1174000,12.0769,31.0,7478,0.5744,High Risk,158.0
SA,25 to 34,Cerebral Palsy,Core,207,223000,84.0,23,30298000,9.0,16.0,146367,0.4667,Medium Risk,227.0
SA,25 to 34,Down Syndrome,Capacity Building,126,18000,65.0,32,1048000,3.9375,35.0,8317,0.3585,Low Risk,169.0
SA,25 to 34,Down Syndrome,Capital,23,18000,100.0,6,0,3.8333,0.0,0,0.1659,Low Risk,40.0
SA,25 to 34,Down Syndrome,Core,126,175000,87.0,17,12071000,7.4118,13.0,95802,0.4189,Low Risk,170.0
SA,25 to 34,Hearing Impairment,Capacity Building,179,6000,48.0,2,305000,89.5,52.0,1704,0.757,High Risk,182.0
SA,25 to 34,Hearing Impairment,Capital,51,7000,52.0,1,0,51.0,48.0,0,0.7331,High Risk,100.0
SA,25 to 34,Hearing Impairment,Core,192,8000,55.0,3,677000,64.0,45.0,3526,0.7266,High Risk,168.0
SA,25 to 34,Intellectual Disability,Capacity Building,1493,20000,62.0,160,18615000,9.3312,38.0,12468,0.5422,Medium Risk,1409.0
SA,25 to 34,Intellectual Disability,Capital,220,18000,71.0,23,1912000,9.5652,29.0,8691,0.4427,Medium Risk,183.0
SA,25 to 34,Intellectual Disability,Core,1482,143000,84.0,133,179973000,11.1429,16.0,121439,0.4998,Medium Risk,1420.0
SA,25 to 34,Multiple Sclerosis,Capacity Building,50,15000,58.0,2,96000,25.0,42.0,1920,0.6853,High Risk,111.0
SA,25 to 34,Multiple Sclerosis,Capital,10,26000,60.0,2,0,5.0,40.0,0,0.5103,Medium Risk,10.0
SA,25 to 34,Multiple Sclerosis,Core,52,37000,62.0,1,0,52.0,38.0,0,0.788,High Risk,110.0
SA,25 to 34,Other,Capacity Building,44,21000,53.0,2,153000,22.0,47.0,3477,0.7482,High Risk,111.0
SA,25 to 34,Other,Capital,31,40000,51.0,2,0,15.5,49.0,0,0.7791,High Risk,100.0
SA,25 to 34,Other,Core,43,134000,58.0,2,0,21.5,42.0,0,0.8092,High Risk,110.0
SA,25 to 34,Other Neurological,Capacity Building,97,25000,65.0,15,1024000,6.4667,35.0,10557,0.4939,Medium Risk,146.0
SA,25 to 34,Other Neurological,Capital,56,32000,81.0,10,336000,5.6,19.0,6000,0.3594,Low Risk,106.0
SA,25 to 34,Other Neurological,Core,97,217000,78.0,16,12529000,6.0625,22.0,129165,0.4571,Medium Risk,147.0
SA,25 to 34,Other Physical,Capacity Building,106,17000,62.0,10,693000,10.6,38.0,6538,0.5546,Medium Risk,151.0
SA,25 to 34,Other Physical,Capital,72,24000,79.0,6,708000,12.0,21.0,9833,0.4786,Medium Risk,113.0
SA,25 to 34,Other Physical,Core,103,95000,82.0,5,5079000,20.6,18.0,49311,0.5743,High Risk,145.0
SA,25 to 34,Other Sensory/Speech,Capacity Building,10,21000,63.0,13,0,0.7692,37.0,0,0.3163,Low Risk,30.0
SA,25 to 34,Other Sensory/Speech,Core,10,84500,76.0,13,0,0.7692,24.0,0,0.28,Low Risk,40.0
SA,25 to 34,Psychosocial Disability,Capacity Building,455,27000,60.0,87,6470000,5.2299,40.0,14220,0.5288,Medium Risk,465.0
SA,25 to 34,Psychosocial Disability,Capital,17,15000,61.0,3,0,5.6667,39.0,0,0.4483,Medium Risk,40.0
SA,25 to 34,Psychosocial Disability,Core,450,148000,71.0,50,43867000,9.0,29.0,97482,0.5588,Medium Risk,441.0
SA,25 to 34,Spinal Cord Injury,Capacity Building,34,21000,71.0,3,0,11.3333,29.0,0,0.5161,Medium Risk,90.0
SA,25 to 34,Spinal Cord Injury,Capital,31,39000,54.0,4,0,7.75,46.0,0,0.6472,High Risk,80.0
SA,25 to 34,Spinal Cord Injury,Core,34,140000,69.0,4,0,8.5,31.0,0,0.5647,Medium Risk,100.0
SA,25 to 34,Stroke,Capacity Building,23,24000,53.0,1,0,23.0,47.0,0,0.777,High Risk,50.0
SA,25 to 34,Stroke,Capital,10,71000,58.0,1,0,10.0,42.0,0,0.6818,High Risk,30.0
SA,25 to 34,Stroke,Core,16,118000,64.0,1,0,16.0,36.0,0,0.7118,High Risk,50.0
SA,25 to 34,Visual Impairment,Capacity Building,76,13000,59.0,5,321000,15.2,41.0,4224,0.6137,High Risk,125.0
SA,25 to 34,Visual Impairment,Capital,20,12000,3.0,4,0,5.0,97.0,0,0.5251,Medium Risk,30.0
SA,25 to 34,Visual Impairment,Core,76,60000,76.0,3,2673000,25.3333,24.0,35171,0.6348,High Risk,129.0
SA,35 to 44,ABI,Capacity Building,236,24000,61.0,49,3047000,4.8163,39.0,12911,0.4792,Medium Risk,265.0
SA,35 to 44,ABI,Capital,62,16000,69.0,6,266000,10.3333,31.0,4290,0.4777,Medium Risk,88.0
SA,35 to 44,ABI,Core,236,150000,76.0,27,23295000,8.7407,24.0,98708,0.5151,Medium Risk,263.0
SA,35 to 44,Autism,Capacity Building,1127,17000,62.0,85,10684000,13.2588,38.0,9480,0.5873,High Risk,1057.0
SA,35 to 44,Autism,Capital,55,15000,67.0,6,430000,9.1667,33.0,7818,0.4532,Medium Risk,73.0
SA,35 to 44,Autism,Core,1057,73000,82.0,57,61553000,18.5439,18.0,58234,0.5493,Medium Risk,961.0
SA,35 to 44,Cerebral Palsy,Capacity Building,154,23000,72.0,28,2051000,5.5,28.0,13318,0.406,Low Risk,190.0
SA,35 to 44,Cerebral Palsy,Capital,111,26000,72.0,17,1136000,6.5294,28.0,10234,0.4429,Medium Risk,144.0
SA,35 to 44,Cerebral Palsy,Core,154,226000,83.0,23,22739000,6.6957,17.0,147656,0.4293,Low Risk,190.0
SA,35 to 44,Down Syndrome,Capacity Building,148,18000,66.0,27,1198000,5.4815,34.0,8095,0.4068,Low Risk,178.0
SA,35 to 44,Down Syndrome,Capital,40,12000,60.0,5,166000,8.0,40.0,4150,0.4927,Medium Risk,91.0
SA,35 to 44,Down Syndrome,Core,149,171000,81.0,24,14919000,6.2083,19.0,100128,0.4245,Low Risk,185.0
SA,35 to 44,Hearing Impairment,Capacity Building,145,5000,53.0,5,290000,29.0,47.0,2000,0.6933,High Risk,159.0
SA,35 to 44,Hearing Impairment,Capital,49,9000,15.0,1,0,49.0,85.0,0,0.7851,High Risk,90.0
SA,35 to 44,Hearing Impairment,Core,147,12000,80.0,4,799000,36.75,20.0,5435,0.4974,Medium Risk,155.0
SA,35 to 44,Intellectual Disability,Capacity Building,1158,21000,64.0,146,15141000,7.9315,36.0,13075,0.5055,Medium Risk,1130.0
SA,35 to 44,Intellectual Disability,Capital,262,19000,63.0,24,2445000,10.9167,37.0,9332,0.5617,Medium Risk,213.0
SA,35 to 44,Intellectual Disability,Core,1149,159000,83.0,112,155269000,10.2589,17.0,135134,0.4998,Medium Risk,1134.0
SA,35 to 44,Multiple Sclerosis,Capacity Building,138,17000,61.0,9,929000,15.3333,39.0,6732,0.6141,High Risk,176.0
SA,35 to 44,Multiple Sclerosis,Capital,56,18000,58.0,6,0,9.3333,42.0,0,0.5623,Medium Risk,80.0
SA,35 to 44,Multiple Sclerosis,Core,130,68000,82.0,3,5050000,43.3333,18.0,38846,0.6105,High Risk,176.0
SA,35 to 44,Other,Capacity Building,76,22000,71.0,6,633000,12.6667,29.0,8329,0.5415,Medium Risk,145.0
SA,35 to 44,Other,Capital,60,26000,71.0,5,473000,12.0,29.0,7883,0.557,Medium Risk,119.0
SA,35 to 44,Other,Core,76,161000,73.0,5,5912000,15.2,27.0,77789,0.6424,High Risk,144.0
SA,35 to 44,Other Neurological,Capacity Building,136,23000,64.0,17,1380000,8.0,36.0,10147,0.5228,Medium Risk,180.0
SA,35 to 44,Other Neurological,Capital,81,31000,86.0,13,375000,6.2308,14.0,4630,0.3416,Low Risk,132.0
SA,35 to 44,Other Neurological,Core,136,220000,79.0,13,11405000,10.4615,21.0,83860,0.5467,Medium Risk,178.0
SA,35 to 44,Other Physical,Capacity Building,183,16000,60.0,15,1415000,12.2,40.0,7732,0.587,High Risk,212.0
SA,35 to 44,Other Physical,Capital,125,27000,78.0,10,678000,12.5,22.0,5424,0.505,Medium Risk,147.0
SA,35 to 44,Other Physical,Core,183,82000,75.0,16,9341000,11.4375,25.0,51044,0.559,Medium Risk,217.0
SA,35 to 44,Other Sensory/Speech,Capacity Building,10,21000,63.0,13,0,0.7692,37.0,0,0.3163,Low Risk,10.0
SA,35 to 44,Other Sensory/Speech,Core,10,84500,76.0,13,0,0.7692,24.0,0,0.28,Low Risk,10.0
SA,35 to 44,Psychosocial Disability,Capacity Building,909,23000,61.0,105,12176000,8.6571,39.0,13395,0.5688,High Risk,914.0
SA,35 to 44,Psychosocial Disability,Capital,33,9000,52.0,4,0,8.25,48.0,0,0.5432,Medium Risk,80.0
SA,35 to 44,Psychosocial Disability,Core,897,109000,80.0,80,78274000,11.2125,20.0,87262,0.5218,Medium Risk,885.0
SA,35 to 44,Spinal Cord Injury,Capacity Building,61,18000,66.0,6,364000,10.1667,34.0,5967,0.5138,Medium Risk,110.0
SA,35 to 44,Spinal Cord Injury,Capital,52,40000,100.0,7,401000,7.4286,0.0,7712,0.3546,Low Risk,93.0
SA,35 to 44,Spinal Cord Injury,Core,60,147000,79.0,4,4537000,15.0,21.0,75617,0.579,High Risk,110.0
SA,35 to 44,Stroke,Capacity Building,69,23000,68.0,4,677000,17.25,32.0,9812,0.6111,High Risk,131.0
SA,35 to 44,Stroke,Capital,38,13000,51.0,1,0,38.0,49.0,0,0.7435,High Risk,50.0
SA,35 to 44,Stroke,Core,67,130000,82.0,1,4589000,67.0,18.0,68493,0.6494,High Risk,119.0
SA,35 to 44,Visual Impairment,Capacity Building,108,12000,56.0,4,565000,27.0,44.0,5231,0.6943,High Risk,166.0
SA,35 to 44,Visual Impairment,Capital,33,20000,78.0,4,0,8.25,22.0,0,0.3796,Low Risk,50.0
SA,35 to 44,Visual Impairment,Core,110,62000,85.0,4,4855000,27.5,15.0,44136,0.5691,High Risk,170.0
SA,45 to 54,ABI,Capacity Building,395,24000,65.0,55,5513000,7.1818,35.0,13957,0.5044,Medium Risk,398.0
SA,45 to 54,ABI,Capital,161,18000,68.0,14,1266000,11.5,32.0,7863,0.5131,Medium Risk,158.0
SA,45 to 54,ABI,Core,394,174000,83.0,45,51162000,8.7556,17.0,129853,0.4602,Medium Risk,396.0
SA,45 to 54,Autism,Capacity Building,570,17000,62.0,45,5509000,12.6667,38.0,9665,0.5798,High Risk,567.0
SA,45 to 54,Autism,Capital,56,17000,58.0,10,114000,5.6,42.0,2036,0.4853,Medium Risk,94.0
SA,45 to 54,Autism,Core,524,83000,84.0,31,34228000,16.9032,16.0,65321,0.5331,Medium Risk,505.0
SA,45 to 54,Cerebral Palsy,Capacity Building,128,26000,65.0,34,1690000,3.7647,35.0,13203,0.417,Low Risk,178.0
SA,45 to 54,Cerebral Palsy,Capital,103,27000,76.0,18,1191000,5.7222,24.0,11563,0.3968,Low Risk,145.0
SA,45 to 54,Cerebral Palsy,Core,127,298000,89.0,30,25463000,4.2333,11.0,200496,0.3337,Low Risk,181.0
SA,45 to 54,Down Syndrome,Capacity Building,109,25000,73.0,47,1293000,2.3191,27.0,11862,0.3023,Low Risk,156.0
SA,45 to 54,Down Syndrome,Capital,48,14000,60.0,9,190000,5.3333,40.0,3958,0.445,Medium Risk,84.0
SA,45 to 54,Down Syndrome,Core,109,265000,88.0,32,15077000,3.4062,12.0,138321,0.314,Low Risk,169.0
SA,45 to 54,Hearing Impairment,Capacity Building,197,6000,50.0,6,478000,32.8333,50.0,2426,0.7172,High Risk,204.0
SA,45 to 54,Hearing Impairment,Capital,67,8000,67.0,4,0,16.75,33.0,0,0.5305,Medium Risk,100.0
SA,45 to 54,Hearing Impairment,Core,200,17000,58.0,2,1982000,100.0,42.0,9910,0.7484,High Risk,195.0
SA,45 to 54,Intellectual Disability,Capacity Building,893,21000,65.0,124,11717000,7.2016,35.0,13121,0.4816,Medium Risk,871.0
SA,45 to 54,Intellectual Disability,Capital,267,16000,66.0,21,2259000,12.7143,34.0,8461,0.5326,Medium Risk,214.0
SA,45 to 54,Intellectual Disability,Core,900,165000,86.0,101,130360000,8.9109,14.0,144844,0.4463,Medium Risk,895.0
SA,45 to 54,Multiple Sclerosis,Capacity Building,252,18000,67.0,11,2558000,22.9091,33.0,10151,0.6029,High Risk,258.0
SA,45 to 54,Multiple Sclerosis,Capital,157,22000,82.0,7,1534000,22.4286,18.0,9771,0.5089,Medium Risk,145.0
SA,45 to 54,Multiple Sclerosis,Core,249,127000,76.0,17,19793000,14.6471,24.0,79490,0.6024,High Risk,255.0
SA,45 to 54,Other,Capacity Building,153,20000,56.0,11,1386000,13.9091,44.0,9059,0.6728,High Risk,191.0
SA,45 to 54,Other,Capital,119,23000,83.0,5,525000,23.8,17.0,4412,0.5177,Medium Risk,143.0
SA,45 to 54,Other,Core,151,128000,65.0,6,11233000,25.1667,35.0,74391,0.751,High Risk,187.0
SA,45 to 54,Other Neurological,Capacity Building,248,24000,65.0,49,3352000,5.0612,35.0,13516,0.4585,Medium Risk,269.0
SA,45 to 54,Other Neurological,Capital,155,21000,65.0,10,1358000,15.5,35.0,8761,0.6082,High Risk,174.0
SA,45 to 54,Other Neurological,Core,249,199000,78.0,26,36449000,9.5769,22.0,146382,0.5201,Medium Risk,272.0
SA,45 to 54,Other Physical,Capacity Building,253,16000,59.0,22,2060000,11.5,41.0,8142,0.5874,High Risk,267.0
SA,45 to 54,Other Physical,Capital,198,23000,64.0,6,1625000,33.0,36.0,8207,0.7044,High Risk,168.0
SA,45 to 54,Other Physical,Core,252,77000,78.0,11,14097000,22.9091,22.0,55940,0.6092,High Risk,259.0
SA,45 to 54,Other Sensory/Speech,Capacity Building,10,21000,63.0,13,0,0.7692,37.0,0,0.3163,Low Risk,20.0
SA,45 to 54,Other Sensory/Speech,Capital,10,18000,64.0,6,0,1.6667,36.0,0,0.3013,Low Risk,10.0
SA,45 to 54,Other Sensory/Speech,Core,10,84500,76.0,13,0,0.7692,24.0,0,0.28,Low Risk,20.0
SA,45 to 54,Psychosocial Disability,Capacity Building,1103,21000,61.0,110,13464000,10.0273,39.0,12207,0.5958,High Risk,1116.0
SA,45 to 54,Psychosocial Disability,Capital,40,12000,67.0,6,99000,6.6667,33.0,2475,0.3969,Low Risk,91.0
SA,45 to 54,Psychosocial Disability,Core,1095,103000,77.0,77,86549000,14.2208,23.0,79040,0.5808,High Risk,1102.0
SA,45 to 54,Spinal Cord Injury,Capacity Building,102,22000,62.0,12,873000,8.5,38.0,8559,0.5473,Medium Risk,166.0
SA,45 to 54,Spinal Cord Injury,Capital,96,37000,79.0,7,869000,13.7143,21.0,9052,0.5301,Medium Risk,151.0
SA,45 to 54,Spinal Cord Injury,Core,104,161000,70.0,5,7091000,20.8,30.0,68183,0.6973,High Risk,167.0
SA,45 to 54,Stroke,Capacity Building,139,24000,71.0,27,1662000,5.1481,29.0,11957,0.4109,Low Risk,183.0
SA,45 to 54,Stroke,Capital,89,23000,81.0,12,584000,7.4167,19.0,6562,0.3628,Low Risk,99.0
SA,45 to 54,Stroke,Core,138,167000,85.0,22,13212000,6.2727,15.0,95739,0.401,Low Risk,184.0
SA,45 to 54,Visual Impairment,Capacity Building,151,11000,60.0,11,766000,13.7273,40.0,5073,0.5867,High Risk,181.0
SA,45 to 54,Visual Impairment,Capital,40,15000,100.0,1,0,40.0,0.0,0,0.45,Medium Risk,60.0
SA,45 to 54,Visual Impairment,Core,145,63000,75.0,9,5558000,16.1111,25.0,38331,0.5995,High Risk,195.0
SA,55 to 64,ABI,Capacity Building,598,24000,67.0,88,10142000,6.7955,33.0,16960,0.4804,Medium Risk,626.0
SA,55 to 64,ABI,Capital,310,20000,61.0,23,3093000,13.4783,39.0,9977,0.627,High Risk,241.0
SA,55 to 64,ABI,Core,600,192000,78.0,60,95695000,10.0,22.0,159492,0.5351,Medium Risk,633.0
SA,55 to 64,Autism,Capacity Building,233,17000,62.0,25,2252000,9.32,38.0,9665,0.515,Medium Risk,257.0
SA,55 to 64,Autism,Capital,39,15000,61.0,8,125000,4.875,39.0,3205,0.4109,Low Risk,55.0
SA,55 to 64,Autism,Core,222,98000,80.0,17,16897000,13.0588,20.0,76113,0.5433,Medium Risk,241.0
SA,55 to 64,Cerebral Palsy,Capacity Building,122,24000,69.0,28,1739000,4.3571,31.0,14254,0.3893,Low Risk,183.0
SA,55 to 64,Cerebral Palsy,Capital,96,29000,69.0,20,1365000,4.8,31.0,14219,0.4197,Low Risk,131.0
SA,55 to 64,Cerebral Palsy,Core,122,285000,88.0,23,26288000,5.3043,12.0,215475,0.382,Low Risk,183.0
SA,55 to 64,Down Syndrome,Capacity Building,91,25000,66.0,31,851000,2.9355,34.0,9352,0.3781,Low Risk,139.0
SA,55 to 64,Down Syndrome,Capital,58,22000,87.0,9,386000,6.4444,13.0,6655,0.3032,Low Risk,97.0
SA,55 to 64,Down Syndrome,Core,88,327000,87.0,27,14210000,3.2593,13.0,161477,0.3119,Low Risk,139.0
SA,55 to 64,Hearing Impairment,Capacity Building,303,6000,53.0,11,679000,27.5455,47.0,2241,0.6921,High Risk,272.0
SA,55 to 64,Hearing Impairment,Capital,98,7000,70.0,1,0,98.0,30.0,0,0.5967,High Risk,90.0
SA,55 to 64,Hearing Impairment,Core,306,18000,57.0,9,2795000,34.0,43.0,9134,0.7325,High Risk,257.0
SA,55 to 64,Intellectual Disability,Capacity Building,922,22000,65.0,125,12925000,7.376,35.0,14018,0.4932,Medium Risk,943.0
SA,55 to 64,Intellectual Disability,Capital,339,17000,71.0,24,3039000,14.125,29.0,8965,0.5105,Medium Risk,294.0
SA,55 to 64,Intellectual Disability,Core,924,192000,86.0,106,156258000,8.717,14.0,169110,0.449,Medium Risk,963.0
SA,55 to 64,Multiple Sclerosis,Capacity Building,374,20000,65.0,20,4764000,18.7,35.0,12738,0.6178,High Risk,386.0
SA,55 to 64,Multiple Sclerosis,Capital,252,24000,88.0,9,2870000,28.0,12.0,11389,0.5169,Medium Risk,219.0
SA,55 to 64,Multiple Sclerosis,Core,370,142000,79.0,16,40716000,23.125,21.0,110043,0.6261,High Risk,382.0
SA,55 to 64,Other,Capacity Building,307,23000,63.0,44,4066000,6.9773,37.0,13244,0.5147,Medium Risk,324.0
SA,55 to 64,Other,Capital,230,28000,69.0,16,2358000,14.375,31.0,10252,0.6053,High Risk,203.0
SA,55 to 64,Other,Core,309,156000,71.0,26,30803000,11.8846,29.0,99686,0.622,High Risk,317.0
SA,55 to 64,Other Neurological,Capacity Building,612,26000,63.0,86,9992000,7.1163,37.0,16327,0.5341,Medium Risk,647.0
SA,55 to 64,Other Neurological,Capital,340,25000,72.0,23,4546000,14.7826,28.0,13371,0.5744,High Risk,299.0
SA,55 to 64,Other Neurological,Core,607,209000,74.0,46,99005000,13.1957,26.0,163105,0.6269,High Risk,637.0
SA,55 to 64,Other Physical,Capacity Building,537,15000,60.0,34,4890000,15.7941,40.0,9106,0.6169,High Risk,533.0
SA,55 to 64,Other Physical,Capital,425,22000,64.0,13,3839000,32.6923,36.0,9033,0.696,High Risk,289.0
SA,55 to 64,Other Physical,Core,538,77000,71.0,20,31370000,26.9,29.0,58309,0.6835,High Risk,546.0
SA,55 to 64,Other Sensory/Speech,Capacity Building,10,21000,63.0,13,0,0.7692,37.0,0,0.3163,Low Risk,30.0
SA,55 to 64,Other Sensory/Speech,Capital,10,18000,64.0,6,0,1.6667,36.0,0,0.3013,Low Risk,
SA,55 to 64,Other Sensory/Speech,Core,10,84500,76.0,13,0,0.7692,24.0,0,0.28,Low Risk,30.0
SA,55 to 64,Psychosocial Disability,Capacity Building,1169,19000,65.0,109,14146000,10.7248,35.0,12101,0.5374,Medium Risk,1173.0
SA,55 to 64,Psychosocial Disability,Capital,95,10000,56.0,4,211000,23.75,44.0,2221,0.6783,High Risk,118.0
SA,55 to 64,Psychosocial Disability,Core,1165,103000,79.0,75,98017000,15.5333,21.0,84135,0.5738,High Risk,1180.0
SA,55 to 64,Spinal Cord Injury,Capacity Building,159,20000,64.0,14,1550000,11.3571,36.0,9748,0.5663,Medium Risk,202.0
SA,55 to 64,Spinal Cord Injury,Capital,142,24000,80.0,6,1188000,23.6667,20.0,8366,0.5487,Medium Risk,152.0
SA,55 to 64,Spinal Cord Injury,Core,159,161000,73.0,7,16786000,22.7143,27.0,105572,0.6861,High Risk,211.0
SA,55 to 64,Stroke,Capacity Building,334,25000,66.0,41,5260000,8.1463,34.0,15749,0.5187,Medium Risk,353.0
SA,55 to 64,Stroke,Capital,226,20000,70.0,20,1408000,11.3,30.0,6230,0.5131,Medium Risk,176.0
SA,55 to 64,Stroke,Core,333,184000,74.0,29,42871000,11.4828,26.0,128742,0.6013,High Risk,356.0
SA,55 to 64,Visual Impairment,Capacity Building,204,11000,58.0,13,995000,15.6923,42.0,4877,0.6237,High Risk,222.0
SA,55 to 64,Visual Impairment,Capital,63,15000,63.0,4,0,15.75,37.0,0,0.5856,High Risk,100.0
SA,55 to 64,Visual Impairment,Core,204,65000,77.0,11,7041000,18.5455,23.0,34515,0.5926,High Risk,233.0
SA,65+,ABI,Capacity Building,335,22000,67.0,61,4866000,5.4918,33.0,14525,0.4378,Medium Risk,365.0
SA,65+,ABI,Capital,218,19000,56.0,14,2095000,15.5714,44.0,9610,0.6753,High Risk,196.0
SA,65+,ABI,Core,336,185000,76.0,43,56536000,7.814,24.0,168262,0.5076,Medium Risk,377.0
SA,65+,Autism,Capacity Building,46,19000,65.0,14,396000,3.2857,35.0,8609,0.346,Low Risk,93.0
SA,65+,Autism,Capital,10,87000,47.0,3,0,3.3333,53.0,0,0.5746,High Risk,50.0
SA,65+,Autism,Core,43,155000,88.0,8,1770000,5.375,12.0,41163,0.3694,Low Risk,82.0
SA,65+,Cerebral Palsy,Capacity Building,73,21000,81.0,17,1258000,4.2941,19.0,17233,0.2581,Low Risk,129.0
SA,65+,Cerebral Palsy,Capital,61,23000,77.0,7,225000,8.7143,23.0,3689,0.4228,Low Risk,86.0
SA,65+,Cerebral Palsy,Core,73,274000,89.0,17,16520000,4.2941,11.0,226301,0.334,Low Risk,120.0
SA,65+,Down Syndrome,Capacity Building,27,23000,73.0,11,187000,2.4545,27.0,6926,0.2943,Low Risk,81.0
SA,65+,Down Syndrome,Capital,19,25000,49.0,3,0,6.3333,51.0,0,0.6108,High Risk,40.0
SA,65+,Down Syndrome,Core,25,287000,93.0,10,2884000,2.5,7.0,115360,0.2748,Low Risk,84.0
SA,65+,Hearing Impairment,Capacity Building,187,6000,52.0,5,434000,37.4,48.0,2321,0.7164,High Risk,203.0
SA,65+,Hearing Impairment,Capital,50,7000,49.0,4,0,12.5,51.0,0,0.6266,High Risk,30.0
SA,65+,Hearing Impairment,Core,192,20000,61.0,3,1969000,64.0,39.0,10255,0.7381,High Risk,200.0
SA,65+,Intellectual Disability,Capacity Building,481,20000,67.0,94,6338000,5.117,33.0,13177,0.4087,Low Risk,495.0
SA,65+,Intellectual Disability,Capital,224,18000,77.0,20,1942000,11.2,23.0,8670,0.432,Medium Risk,207.0
SA,65+,Intellectual Disability,Core,487,203000,86.0,65,89388000,7.4923,14.0,183548,0.4288,Low Risk,519.0
SA,65+,Multiple Sclerosis,Capacity Building,286,19000,65.0,13,3245000,22.0,35.0,11346,0.6241,High Risk,299.0
SA,65+,Multiple Sclerosis,Capital,213,20000,62.0,11,1621000,19.3636,38.0,7610,0.6552,High Risk,176.0
SA,65+,Multiple Sclerosis,Core,286,150000,71.0,13,34863000,22.0,29.0,121899,0.6919,High Risk,308.0
SA,65+,Other,Capacity Building,169,21000,63.0,26,1803000,6.5,37.0,10669,0.4882,Medium Risk,208.0
SA,65+,Other,Capital,122,24000,56.0,8,674000,15.25,44.0,5525,0.7171,High Risk,143.0
SA,65+,Other,Core,170,160000,78.0,15,17272000,11.3333,22.0,101600,0.5545,Medium Risk,211.0
SA,65+,Other Neurological,Capacity Building,564,23000,59.0,78,8591000,7.2308,41.0,15232,0.5598,Medium Risk,618.0
SA,65+,Other Neurological,Capital,342,21000,66.0,22,3338000,15.5455,34.0,9760,0.6002,High Risk,270.0
SA,65+,Other Neurological,Core,560,189000,74.0,56,95640000,10.0,26.0,170786,0.5739,High Risk,632.0
SA,65+,Other Physical,Capacity Building,430,14000,63.0,28,3738000,15.3571,37.0,8693,0.5785,High Risk,430.0
SA,65+,Other Physical,Capital,355,19000,69.0,11,2736000,32.2727,31.0,7707,0.6218,High Risk,241.0
SA,65+,Other Physical,Core,428,83000,75.0,21,27697000,20.381,25.0,64713,0.6309,High Risk,427.0
SA,65+,Other Sensory/Speech,Capacity Building,10,21000,63.0,1,0,10.0,37.0,0,0.5613,Medium Risk,20.0
SA,65+,Other Sensory/Speech,Capital,10,18000,64.0,1,0,10.0,36.0,0,0.5192,Medium Risk,
SA,65+,Other Sensory/Speech,Core,10,84500,76.0,1,0,10.0,24.0,0,0.525,Medium Risk,20.0
SA,65+,Psychosocial Disability,Capacity Building,465,18000,60.0,62,5157000,7.5,40.0,11090,0.5108,Medium Risk,490.0
SA,65+,Psychosocial Disability,Capital,50,14000,80.0,3,306000,16.6667,20.0,6120,0.4368,Medium Risk,105.0
SA,65+,Psychosocial Disability,Core,462,116000,77.0,39,44042000,11.8462,23.0,95329,0.5596,Medium Risk,492.0
SA,65+,Spinal Cord Injury,Capacity Building,105,19000,61.0,10,1220000,10.5,39.0,11619,0.5799,High Risk,162.0
SA,65+,Spinal Cord Injury,Capital,87,22000,75.0,9,505000,9.6667,25.0,5805,0.4518,Medium Risk,119.0
SA,65+,Spinal Cord Injury,Core,104,153000,76.0,10,10384000,10.4,24.0,99846,0.5625,Medium Risk,153.0
SA,65+,Stroke,Capacity Building,273,22000,67.0,34,3607000,8.0294,33.0,13212,0.4892,Medium Risk,303.0
SA,65+,Stroke,Capital,206,18000,73.0,16,1357000,12.875,27.0,6587,0.4917,Medium Risk,183.0
SA,65+,Stroke,Core,272,178000,78.0,23,38076000,11.8261,22.0,139985,0.5652,Medium Risk,308.0
SA,65+,Visual Impairment,Capacity Building,158,10000,51.0,9,781000,17.5556,49.0,4943,0.6716,High Risk,191.0
SA,65+,Visual Impairment,Capital,57,12000,33.0,3,0,19.0,67.0,0,0.7206,High Risk,60.0
SA,65+,Visual Impairment,Core,161,57000,79.0,12,5961000,13.4167,21.0,37025,0.5374,Medium Risk,206.0
SA,9 to 14,ABI,Capacity Building,26,29000,65.0,4,0,6.5,35.0,0,0.5091,Medium Risk,80.0
SA,9 to 14,ABI,Capital,10,49000,62.5,4,0,2.5,37.5,0,0.4364,Medium Risk,40.0
SA,9 to 14,ABI,Core,34,69000,60.0,4,0,8.5,40.0,0,0.6263,High Risk,60.0
SA,9 to 14,Autism,Capacity Building,11627,19000,63.0,183,128085000,63.5355,37.0,11016,0.7041,High Risk,11259.0
SA,9 to 14,Autism,Capital,379,7000,42.0,1,593000,379.0,58.0,1565,0.7881,High Risk,248.0
SA,9 to 14,Autism,Core,9770,11000,70.0,30,69006000,325.6667,30.0,7063,0.6193,High Risk,6153.0
SA,9 to 14,Cerebral Palsy,Capacity Building,161,27000,73.0,14,2688000,11.5,27.0,16696,0.5413,Medium Risk,193.0
SA,9 to 14,Cerebral Palsy,Capital,129,22000,60.0,4,855000,32.25,40.0,6628,0.738,High Risk,135.0
SA,9 to 14,Cerebral Palsy,Core,151,58000,82.0,6,5742000,25.1667,18.0,38026,0.5773,High Risk,166.0
SA,9 to 14,Developmental Delay,Capacity Building,121,15000,54.0,8,891000,15.125,46.0,7364,0.6556,High Risk,235.0
SA,9 to 14,Developmental Delay,Capital,10,8500,56.0,8,0,1.25,44.0,0,0.3279,Low Risk,10.0
SA,9 to 14,Developmental Delay,Core,96,2000,58.0,8,41000,12.0,42.0,427,0.5653,Medium Risk,103.0
SA,9 to 14,Down Syndrome,Capacity Building,71,25000,72.0,13,680000,5.4615,28.0,9577,0.4169,Low Risk,126.0
SA,9 to 14,Down Syndrome,Capital,22,8000,18.0,7,0,3.1429,82.0,0,0.4492,Medium Risk,40.0
SA,9 to 14,Down Syndrome,Core,71,24000,83.0,1,735000,71.0,17.0,10352,0.5761,High Risk,121.0
SA,9 to 14,Global Developmental Delay,Capacity Building,83,17000,59.0,4,802000,20.75,41.0,9663,0.6638,High Risk,186.0
SA,9 to 14,Global Developmental Delay,Capital,10,10500,66.5,2,0,5.0,33.5,0,0.35,Low Risk,30.0
SA,9 to 14,Global Developmental Delay,Core,77,4000,74.0,1,183000,77.0,26.0,2377,0.5558,Medium Risk,89.0
SA,9 to 14,Hearing Impairment,Capacity Building,314,10000,47.0,9,1192000,34.8889,53.0,3796,0.7426,High Risk,306.0
SA,9 to 14,Hearing Impairment,Capital,25,4000,2.0,6,0,4.1667,98.0,0,0.4725,Medium Risk,20.0
SA,9 to 14,Hearing Impairment,Core,312,2000,59.0,3,412000,104.0,41.0,1321,0.6915,High Risk,199.0
SA,9 to 14,Intellectual Disability,Capacity Building,1043,23000,68.0,71,14954000,14.6901,32.0,14337,0.5933,High Risk,1027.0
SA,9 to 14,Intellectual Disability,Capital,148,17000,55.0,41,395000,3.6098,45.0,2669,0.4358,Medium Risk,147.0
SA,9 to 14,Intellectual Disability,Core,897,25000,76.0,11,16961000,81.5455,24.0,18909,0.6456,High Risk,648.0
SA,9 to 14,Other,Capacity Building,115,17000,65.0,6,689000,19.1667,35.0,5991,0.5934,High Risk,156.0
SA,9 to 14,Other,Capital,10,12500,17.0,4,0,2.5,83.0,0,0.4457,Medium Risk,50.0
SA,9 to 14,Other,Core,94,8000,57.0,2,71000,47.0,43.0,755,0.7078,High Risk,104.0
SA,9 to 14,Other Neurological,Capacity Building,97,26000,67.0,8,994000,12.125,33.0,10247,0.592,High Risk,146.0
SA,9 to 14,Other Neurological,Capital,57,26000,62.0,8,261000,7.125,38.0,4579,0.5464,Medium Risk,124.0
SA,9 to 14,Other Neurological,Core,87,50000,56.0,8,1343000,10.875,44.0,15437,0.7108,High Risk,138.0
SA,9 to 14,Other Physical,Capacity Building,92,18000,75.0,10,719000,9.2,25.0,7815,0.4059,Low Risk,149.0
SA,9 to 14,Other Physical,Capital,47,21000,69.0,1,0,47.0,31.0,0,0.6604,High Risk,90.0
SA,9 to 14,Other Physical,Core,86,25000,68.0,6,1251000,14.3333,32.0,14547,0.6027,High Risk,126.0
SA,9 to 14,Other Sensory/Speech,Capacity Building,115,10000,47.0,6,369000,19.1667,53.0,3209,0.693,High Risk,150.0
SA,9 to 14,Other Sensory/Speech,Capital,10,6000,47.0,6,0,1.6667,53.0,0,0.3712,Low Risk,
SA,9 to 14,Other Sensory/Speech,Core,58,2000,47.0,6,0,9.6667,53.0,0,0.5674,High Risk,70.0
SA,9 to 14,Psychosocial Disability,Capacity Building,10,21000,63.0,13,0,0.7692,37.0,0,0.3163,Low Risk,20.0
SA,9 to 14,Psychosocial Disability,Core,10,84500,76.0,13,0,0.7692,24.0,0,0.28,Low Risk,10.0
SA,9 to 14,Spinal Cord Injury,Capacity Building,10,21000,63.0,13,0,0.7692,37.0,0,0.3163,Low Risk,40.0
SA,9 to 14,Spinal Cord Injury,Capital,10,18000,64.0,6,0,1.6667,36.0,0,0.3013,Low Risk,20.0
SA,9 to 14,Spinal Cord Injury,Core,10,84500,76.0,13,0,0.7692,24.0,0,0.28,Low Risk,30.0
SA,9 to 14,Stroke,Capacity Building,10,21000,63.0,1,0,10.0,37.0,0,0.5613,Medium Risk,40.0
SA,9 to 14,Stroke,Core,10,84500,76.0,1,0,10.0,24.0,0,0.525,Medium Risk,10.0
SA,9 to 14,Visual Impairment,Capacity Building,48,15000,45.0,2,131000,24.0,55.0,2729,0.7398,High Risk,130.0
SA,9 to 14,Visual Impairment,Capital,18,7000,35.0,2,0,9.0,65.0,0,0.5878,High Risk,30.0
SA,9 to 14,Visual Impairment,Core,52,9000,85.0,2,91000,26.0,15.0,1750,0.4322,Medium Risk,114.0
TAS,0 to 8,ABI,Capacity Building,10,20000,53.0,11,0,0.9091,47.0,0,0.392,Low Risk,10.0
TAS,0 to 8,ABI,Core,10,110000,77.0,8,0,1.25,23.0,0,0.293,Low Risk,
TAS,0 to 8,Autism,Capacity Building,1166,23000,54.0,27,12502000,43.1852,46.0,10722,0.8028,High Risk,1108.0
TAS,0 to 8,Autism,Capital,89,7000,82.0,27,191000,3.2963,18.0,2146,0.1476,Low Risk,49.0
TAS,0 to 8,Autism,Core,1080,6000,76.0,27,7208000,40.0,24.0,6674,0.5199,Medium Risk,834.0
TAS,0 to 8,Cerebral Palsy,Capacity Building,59,29000,60.0,2,984000,29.5,40.0,16678,0.7654,High Risk,58.0
TAS,0 to 8,Cerebral Palsy,Capital,44,27000,94.0,2,187000,22.0,6.0,4250,0.4959,Medium Risk,42.0
TAS,0 to 8,Cerebral Palsy,Core,59,32000,57.0,1,950000,59.0,43.0,16102,0.8344,High Risk,53.0
TAS,0 to 8,Developmental Delay,Capacity Building,1152,20000,46.0,14,8896000,82.2857,54.0,7722,0.8266,High Risk,1185.0
TAS,0 to 8,Developmental Delay,Capital,43,8000,53.0,8,10000,5.375,47.0,233,0.4769,Medium Risk,41.0
TAS,0 to 8,Developmental Delay,Core,991,2000,72.0,1,1759000,991.0,28.0,1775,0.5861,High Risk,508.0
TAS,0 to 8,Down Syndrome,Capacity Building,36,25000,55.0,4,374000,9.0,45.0,10389,0.6351,High Risk,46.0
TAS,0 to 8,Down Syndrome,Capital,19,8000,42.0,4,0,4.75,58.0,0,0.4775,Medium Risk,40.0
TAS,0 to 8,Down Syndrome,Core,36,9000,70.0,4,74000,9.0,30.0,2056,0.4056,Low Risk,41.0
TAS,0 to 8,Global Developmental Delay,Capacity Building,243,22000,53.0,13,2345000,18.6923,47.0,9650,0.7389,High Risk,229.0
TAS,0 to 8,Global Developmental Delay,Capital,20,9000,98.0,13,0,1.5385,2.0,0,0.0611,Low Risk,40.0
TAS,0 to 8,Global Developmental Delay,Core,229,3000,80.0,13,869000,17.6154,20.0,3795,0.4123,Low Risk,156.0
TAS,0 to 8,Hearing Impairment,Capacity Building,96,18000,47.0,3,648000,32.0,53.0,6750,0.7712,High Risk,87.0
TAS,0 to 8,Hearing Impairment,Capital,10,10500,56.0,3,0,3.3333,44.0,0,0.3962,Low Risk,40.0
TAS,0 to 8,Hearing Impairment,Core,96,3000,65.0,3,132000,32.0,35.0,1375,0.5944,High Risk,53.0
TAS,0 to 8,Intellectual Disability,Capacity Building,90,25000,52.0,4,1116000,22.5,48.0,12400,0.785,High Risk,90.0
TAS,0 to 8,Intellectual Disability,Capital,33,12000,77.0,4,0,8.25,23.0,0,0.3421,Low Risk,40.0
TAS,0 to 8,Intellectual Disability,Core,84,14000,78.0,4,1315000,21.0,22.0,15655,0.4789,Medium Risk,78.0
TAS,0 to 8,Other,Capacity Building,49,19000,54.0,11,373000,4.4545,46.0,7612,0.4784,Medium Risk,57.0
TAS,0 to 8,Other,Capital,10,10000,64.0,2,0,5.0,36.0,0,0.3715,Low Risk,30.0
TAS,0 to 8,Other,Core,49,1000,74.0,8,51000,6.125,26.0,1041,0.3038,Low Risk,45.0
TAS,0 to 8,Other Neurological,Capacity Building,10,20000,53.0,11,0,0.9091,47.0,0,0.392,Low Risk,40.0
TAS,0 to 8,Other Neurological,Capital,10,17000,69.0,2,0,5.0,31.0,0,0.3538,Low Risk,20.0
TAS,0 to 8,Other Neurological,Core,10,110000,77.0,8,0,1.25,23.0,0,0.293,Low Risk,40.0
TAS,0 to 8,Other Physical,Capacity Building,20,21000,46.0,11,0,1.8182,54.0,0,0.4562,Medium Risk,40.0
TAS,0 to 8,Other Physical,Capital,10,13000,63.0,2,0,5.0,37.0,0,0.3929,Low Risk,20.0
TAS,0 to 8,Other Physical,Core,12,5000,80.0,8,0,1.5,20.0,0,0.1073,Low Risk,40.0
TAS,0 to 8,Other Sensory/Speech,Capacity Building,10,20000,53.0,11,0,0.9091,47.0,0,0.392,Low Risk,30.0
TAS,0 to 8,Other Sensory/Speech,Core,10,110000,77.0,8,0,1.25,23.0,0,0.293,Low Risk,10.0
TAS,0 to 8,Visual Impairment,Capacity Building,10,20000,53.0,11,0,0.9091,47.0,0,0.392,Low Risk,30.0
TAS,0 to 8,Visual Impairment,Capital,10,17000,69.0,2,0,5.0,31.0,0,0.3538,Low Risk,
TAS,0 to 8,Visual Impairment,Core,10,110000,77.0,8,0,1.25,23.0,0,0.293,Low Risk,20.0
TAS,15 to 18,ABI,Capacity Building,10,20000,53.0,4,0,2.5,47.0,0,0.438,Medium Risk,30.0
TAS,15 to 18,ABI,Capital,10,17000,69.0,4,0,2.5,31.0,0,0.2745,Low Risk,10.0
TAS,15 to 18,ABI,Core,10,110000,77.0,4,0,2.5,23.0,0,0.3305,Low Risk,30.0
TAS,15 to 18,Autism,Capacity Building,1238,20000,48.0,61,10986000,20.2951,52.0,8874,0.7501,High Risk,1164.0
TAS,15 to 18,Autism,Capital,21,7000,100.0,1,0,21.0,0.0,0,0.3778,Low Risk,40.0
TAS,15 to 18,Autism,Core,1079,32000,67.0,13,24561000,83.0,33.0,22763,0.7416,High Risk,867.0
TAS,15 to 18,Cerebral Palsy,Capacity Building,55,28000,55.0,18,738000,3.0556,45.0,13418,0.4931,Medium Risk,56.0
TAS,15 to 18,Cerebral Palsy,Capital,44,23000,48.0,10,196000,4.4,52.0,4455,0.5402,Medium Risk,41.0
TAS,15 to 18,Cerebral Palsy,Core,54,145000,90.0,3,5589000,18.0,10.0,103500,0.5387,Medium Risk,51.0
TAS,15 to 18,Down Syndrome,Capacity Building,23,17000,47.0,1,0,23.0,53.0,0,0.7395,High Risk,40.0
TAS,15 to 18,Down Syndrome,Capital,10,23000,63.5,1,0,10.0,36.5,0,0.571,High Risk,10.0
TAS,15 to 18,Down Syndrome,Core,30,29000,80.0,1,0,30.0,20.0,0,0.5851,High Risk,40.0
TAS,15 to 18,Hearing Impairment,Capacity Building,38,10000,35.0,11,62000,3.4545,65.0,1632,0.4578,Medium Risk,41.0
TAS,15 to 18,Hearing Impairment,Capital,10,8500,58.0,2,0,5.0,42.0,0,0.4307,Low Risk,
TAS,15 to 18,Hearing Impairment,Core,38,7000,81.0,8,0,4.75,19.0,0,0.1978,Low Risk,40.0
TAS,15 to 18,Intellectual Disability,Capacity Building,313,23000,52.0,46,3321000,6.8043,48.0,10610,0.5987,High Risk,293.0
TAS,15 to 18,Intellectual Disability,Capital,30,17000,77.0,1,0,30.0,23.0,0,0.5318,Medium Risk,40.0
TAS,15 to 18,Intellectual Disability,Core,275,49000,71.0,6,9509000,45.8333,29.0,34578,0.7048,High Risk,264.0
TAS,15 to 18,Multiple Sclerosis,Capacity Building,10,20000,53.0,11,0,0.9091,47.0,0,0.392,Low Risk,10.0
TAS,15 to 18,Multiple Sclerosis,Core,10,110000,77.0,8,0,1.25,23.0,0,0.293,Low Risk,10.0
TAS,15 to 18,Other,Capacity Building,10,20000,53.0,2,0,5.0,47.0,0,0.5173,Medium Risk,40.0
TAS,15 to 18,Other,Capital,10,17000,69.0,2,0,5.0,31.0,0,0.3538,Low Risk,30.0
TAS,15 to 18,Other,Core,10,110000,77.0,2,0,5.0,23.0,0,0.4098,Low Risk,30.0
TAS,15 to 18,Other Neurological,Capacity Building,21,28000,56.0,8,0,2.625,44.0,0,0.4779,Medium Risk,40.0
TAS,15 to 18,Other Neurological,Capital,10,38000,68.0,8,0,1.25,32.0,0,0.3399,Low Risk,40.0
TAS,15 to 18,Other Neurological,Core,25,48000,80.0,8,0,3.125,20.0,0,0.2963,Low Risk,40.0
TAS,15 to 18,Other Physical,Capacity Building,20,20000,37.0,2,0,10.0,63.0,0,0.6738,High Risk,40.0
TAS,15 to 18,Other Physical,Capital,10,28000,43.0,2,0,5.0,57.0,0,0.5998,High Risk,40.0
TAS,15 to 18,Other Physical,Core,16,36000,70.0,2,0,8.0,30.0,0,0.5095,Medium Risk,40.0
TAS,15 to 18,Other Sensory/Speech,Capacity Building,10,20000,53.0,11,0,0.9091,47.0,0,0.392,Low Risk,10.0
TAS,15 to 18,Other Sensory/Speech,Core,10,110000,77.0,8,0,1.25,23.0,0,0.293,Low Risk,10.0
TAS,15 to 18,Psychosocial Disability,Capacity Building,10,20000,53.0,4,0,2.5,47.0,0,0.438,Medium Risk,40.0
TAS,15 to 18,Psychosocial Disability,Core,10,110000,77.0,4,0,2.5,23.0,0,0.3305,Low Risk,30.0
TAS,15 to 18,Spinal Cord Injury,Capacity Building,10,20000,53.0,11,0,0.9091,47.0,0,0.392,Low Risk,20.0
TAS,15 to 18,Spinal Cord Injury,Capital,10,17000,69.0,2,0,5.0,31.0,0,0.3538,Low Risk,
TAS,15 to 18,Spinal Cord Injury,Core,10,110000,77.0,8,0,1.25,23.0,0,0.293,Low Risk,10.0
TAS,15 to 18,Visual Impairment,Capacity Building,10,20000,24.0,1,0,10.0,76.0,0,0.682,High Risk,30.0
TAS,15 to 18,Visual Impairment,Capital,10,17000,39.5,1,0,10.0,60.5,0,0.6433,High Risk,
TAS,15 to 18,Visual Impairment,Core,10,110000,55.0,1,0,10.0,45.0,0,0.7189,High Risk,40.0
TAS,19 to 24,ABI,Capacity Building,28,30000,49.0,17,0,1.6471,51.0,0,0.4817,Medium Risk,40.0
TAS,19 to 24,ABI,Capital,10,97000,62.0,1,0,10.0,38.0,0,0.6563,High Risk,20.0
TAS,19 to 24,ABI,Core,24,164000,75.0,3,0,8.0,25.0,0,0.5163,Medium Risk,40.0
TAS,19 to 24,Autism,Capacity Building,950,23000,46.0,75,9661000,12.6667,54.0,10169,0.7278,High Risk,896.0
TAS,19 to 24,Autism,Capital,27,12000,55.0,3,0,9.0,45.0,0,0.5499,Medium Risk,30.0
TAS,19 to 24,Autism,Core,853,70000,72.0,30,43811000,28.4333,28.0,51361,0.679,High Risk,733.0
TAS,19 to 24,Cerebral Palsy,Capacity Building,44,26000,57.0,8,445000,5.5,43.0,10114,0.5623,Medium Risk,47.0
TAS,19 to 24,Cerebral Palsy,Capital,30,21000,100.0,1,0,30.0,0.0,0,0.4813,Medium Risk,40.0
TAS,19 to 24,Cerebral Palsy,Core,41,169000,86.0,8,4446000,5.125,14.0,108439,0.3712,Low Risk,44.0
TAS,19 to 24,Down Syndrome,Capacity Building,33,30000,52.0,11,143000,3.0,48.0,4333,0.5138,Medium Risk,41.0
TAS,19 to 24,Down Syndrome,Capital,10,99000,68.0,1,0,10.0,32.0,0,0.598,High Risk,40.0
TAS,19 to 24,Down Syndrome,Core,33,168000,84.0,3,1477000,11.0,16.0,44758,0.5065,Medium Risk,41.0
TAS,19 to 24,Hearing Impairment,Capacity Building,47,9000,21.0,3,0,15.6667,79.0,0,0.6971,High Risk,40.0
TAS,19 to 24,Hearing Impairment,Capital,10,6500,19.5,2,0,5.0,80.5,0,0.505,Medium Risk,10.0
TAS,19 to 24,Hearing Impairment,Core,46,4000,18.0,1,0,46.0,82.0,0,0.7678,High Risk,40.0
TAS,19 to 24,Intellectual Disability,Capacity Building,470,25000,48.0,61,5649000,7.7049,52.0,12019,0.6429,High Risk,437.0
TAS,19 to 24,Intellectual Disability,Capital,31,20000,56.0,7,0,4.4286,44.0,0,0.4792,Medium Risk,40.0
TAS,19 to 24,Intellectual Disability,Core,445,99000,78.0,27,35224000,16.4815,22.0,79155,0.5874,High Risk,416.0
TAS,19 to 24,Other,Capacity Building,10,20000,53.0,11,0,0.9091,47.0,0,0.392,Low Risk,40.0
TAS,19 to 24,Other,Core,10,110000,77.0,8,0,1.25,23.0,0,0.293,Low Risk,30.0
TAS,19 to 24,Other Neurological,Capacity Building,32,31000,65.0,9,232000,3.5556,35.0,7250,0.4259,Low Risk,42.0
TAS,19 to 24,Other Neurological,Capital,18,33000,85.0,1,0,18.0,15.0,0,0.5144,Medium Risk,40.0
TAS,19 to 24,Other Neurological,Core,33,285000,83.0,4,3015000,8.25,17.0,91364,0.4618,Medium Risk,42.0
TAS,19 to 24,Other Physical,Capacity Building,17,21000,50.0,3,0,5.6667,50.0,0,0.5662,Medium Risk,40.0
TAS,19 to 24,Other Physical,Capital,10,32500,58.5,2,0,5.0,41.5,0,0.5429,Medium Risk,20.0
TAS,19 to 24,Other Physical,Core,18,44000,67.0,2,0,9.0,33.0,0,0.5577,Medium Risk,40.0
TAS,19 to 24,Other Sensory/Speech,Capacity Building,10,20000,53.0,11,0,0.9091,47.0,0,0.392,Low Risk,20.0
TAS,19 to 24,Other Sensory/Speech,Capital,10,17000,69.0,2,0,5.0,31.0,0,0.3538,Low Risk,
TAS,19 to 24,Other Sensory/Speech,Core,10,110000,77.0,8,0,1.25,23.0,0,0.293,Low Risk,20.0
TAS,19 to 24,Psychosocial Disability,Capacity Building,41,31000,49.0,19,373000,2.1579,51.0,9098,0.5002,Medium Risk,43.0
TAS,19 to 24,Psychosocial Disability,Core,39,164000,50.0,2,2999000,19.5,50.0,76897,0.8486,High Risk,42.0
TAS,19 to 24,Spinal Cord Injury,Capacity Building,10,20000,53.0,4,0,2.5,47.0,0,0.438,Medium Risk,40.0
TAS,19 to 24,Spinal Cord Injury,Capital,10,17000,69.0,4,0,2.5,31.0,0,0.2745,Low Risk,40.0
TAS,19 to 24,Spinal Cord Injury,Core,10,110000,77.0,4,0,2.5,23.0,0,0.3305,Low Risk,40.0
TAS,19 to 24,Stroke,Capacity Building,10,20000,53.0,1,0,10.0,47.0,0,0.6318,High Risk,20.0
TAS,19 to 24,Stroke,Core,10,110000,77.0,1,0,10.0,23.0,0,0.5243,Medium Risk,20.0
TAS,19 to 24,Visual Impairment,Capacity Building,18,19000,20.0,1,0,18.0,80.0,0,0.7576,High Risk,40.0
TAS,19 to 24,Visual Impairment,Capital,10,23500,42.5,1,0,10.0,57.5,0,0.6962,High Risk,10.0
TAS,19 to 24,Visual Impairment,Core,20,28000,65.0,1,0,20.0,35.0,0,0.675,High Risk,40.0
TAS,25 to 34,ABI,Capacity Building,46,24000,55.0,21,420000,2.1905,45.0,9130,0.4504,Medium Risk,45.0
TAS,25 to 34,ABI,Capital,14,32000,100.0,1,0,14.0,0.0,0,0.4563,Medium Risk,40.0
TAS,25 to 34,ABI,Core,46,165000,83.0,8,3405000,5.75,17.0,74022,0.4005,Low Risk,45.0
TAS,25 to 34,Autism,Capacity Building,653,18000,54.0,72,6291000,9.0694,46.0,9634,0.5824,High Risk,593.0
TAS,25 to 34,Autism,Capital,24,13000,71.0,4,0,6.0,29.0,0,0.353,Low Risk,40.0
TAS,25 to 34,Autism,Core,623,109000,81.0,53,56544000,11.7547,19.0,90761,0.5183,Medium Risk,586.0
TAS,25 to 34,Cerebral Palsy,Capacity Building,64,21000,51.0,14,516000,4.5714,49.0,8062,0.5188,Medium Risk,63.0
TAS,25 to 34,Cerebral Palsy,Capital,48,29000,100.0,4,327000,12.0,0.0,6812,0.4273,Low Risk,43.0
TAS,25 to 34,Cerebral Palsy,Core,63,218000,82.0,11,9726000,5.7273,18.0,154381,0.4146,Low Risk,66.0
TAS,25 to 34,Down Syndrome,Capacity Building,63,20000,60.0,16,724000,3.9375,40.0,11492,0.4317,Medium Risk,59.0
TAS,25 to 34,Down Syndrome,Capital,15,8000,34.0,1,0,15.0,66.0,0,0.6817,High Risk,20.0
TAS,25 to 34,Down Syndrome,Core,65,157000,88.0,15,8420000,4.3333,12.0,129538,0.3252,Low Risk,65.0
TAS,25 to 34,Global Developmental Delay,Core,10,110000,77.0,8,0,1.25,23.0,0,0.293,Low Risk,10.0
TAS,25 to 34,Hearing Impairment,Capacity Building,47,5000,32.0,1,0,47.0,68.0,0,0.7649,High Risk,40.0
TAS,25 to 34,Hearing Impairment,Capital,13,6000,44.0,1,0,13.0,56.0,0,0.645,High Risk,20.0
TAS,25 to 34,Hearing Impairment,Core,54,7000,78.0,1,23000,54.0,22.0,426,0.5153,Medium Risk,41.0
TAS,25 to 34,Intellectual Disability,Capacity Building,600,20000,53.0,76,6081000,7.8947,47.0,10135,0.5866,High Risk,555.0
TAS,25 to 34,Intellectual Disability,Capital,39,18000,100.0,4,0,9.75,0.0,0,0.3053,Low Risk,40.0
TAS,25 to 34,Intellectual Disability,Core,592,112000,80.0,50,55921000,11.84,20.0,94461,0.5321,Medium Risk,555.0
TAS,25 to 34,Multiple Sclerosis,Capacity Building,10,20000,47.0,1,0,10.0,53.0,0,0.6549,High Risk,30.0
TAS,25 to 34,Multiple Sclerosis,Capital,10,17000,48.0,1,0,10.0,52.0,0,0.625,High Risk,
TAS,25 to 34,Multiple Sclerosis,Core,10,110000,49.0,1,0,10.0,51.0,0,0.7458,High Risk,30.0
TAS,25 to 34,Other,Capacity Building,19,17000,52.0,1,0,19.0,48.0,0,0.7005,High Risk,30.0
TAS,25 to 34,Other,Capital,10,28500,58.5,1,0,10.0,41.5,0,0.6469,High Risk,20.0
TAS,25 to 34,Other,Core,13,40000,65.0,1,0,13.0,35.0,0,0.6458,High Risk,40.0
TAS,25 to 34,Other Neurological,Capacity Building,39,20000,51.0,10,292000,3.9,49.0,7487,0.4907,Medium Risk,51.0
TAS,25 to 34,Other Neurological,Capital,15,16000,36.0,1,0,15.0,64.0,0,0.7067,High Risk,40.0
TAS,25 to 34,Other Neurological,Core,40,119000,79.0,8,2501000,5.0,21.0,62525,0.3954,Low Risk,48.0
TAS,25 to 34,Other Physical,Capacity Building,39,14000,51.0,8,94000,4.875,49.0,2410,0.4754,Medium Risk,42.0
TAS,25 to 34,Other Physical,Capital,25,38000,52.0,2,0,12.5,48.0,0,0.7454,High Risk,40.0
TAS,25 to 34,Other Physical,Core,40,110000,59.0,1,1037000,40.0,41.0,25925,0.8357,High Risk,42.0
TAS,25 to 34,Other Sensory/Speech,Capacity Building,10,20000,53.0,11,0,0.9091,47.0,0,0.392,Low Risk,10.0
TAS,25 to 34,Other Sensory/Speech,Capital,10,17000,69.0,2,0,5.0,31.0,0,0.3538,Low Risk,
TAS,25 to 34,Other Sensory/Speech,Core,10,110000,77.0,8,0,1.25,23.0,0,0.293,Low Risk,10.0
TAS,25 to 34,Psychosocial Disability,Capacity Building,177,23000,59.0,41,2318000,4.3171,41.0,13096,0.476,Medium Risk,177.0
TAS,25 to 34,Psychosocial Disability,Capital,10,73500,64.5,1,0,10.0,35.5,0,0.6134,High Risk,20.0
TAS,25 to 34,Psychosocial Disability,Core,183,124000,70.0,24,14419000,7.625,30.0,78792,0.5383,Medium Risk,173.0
TAS,25 to 34,Spinal Cord Injury,Capacity Building,18,23000,62.0,6,0,3.0,38.0,0,0.4101,Low Risk,40.0
TAS,25 to 34,Spinal Cord Injury,Capital,15,34000,83.0,1,0,15.0,17.0,0,0.5043,Medium Risk,40.0
TAS,25 to 34,Spinal Cord Injury,Core,18,190000,66.0,4,0,4.5,34.0,0,0.5018,Medium Risk,40.0
TAS,25 to 34,Stroke,Capacity Building,10,20000,53.0,11,0,0.9091,47.0,0,0.392,Low Risk,30.0
TAS,25 to 34,Stroke,Capital,10,17000,69.0,2,0,5.0,31.0,0,0.3538,Low Risk,
TAS,25 to 34,Stroke,Core,10,110000,77.0,8,0,1.25,23.0,0,0.293,Low Risk,30.0
TAS,25 to 34,Visual Impairment,Capacity Building,19,12000,71.0,2,0,9.5,29.0,0,0.4149,Low Risk,40.0
TAS,25 to 34,Visual Impairment,Capital,10,32000,76.0,3,0,3.3333,24.0,0,0.3295,Low Risk,20.0
TAS,25 to 34,Visual Impairment,Core,18,52000,81.0,4,0,4.5,19.0,0,0.3279,Low Risk,40.0
TAS,35 to 44,ABI,Capacity Building,68,19000,61.0,18,654000,3.7778,39.0,9618,0.4085,Low Risk,66.0
TAS,35 to 44,ABI,Capital,23,17000,45.0,3,0,7.6667,55.0,0,0.5848,High Risk,40.0
TAS,35 to 44,ABI,Core,68,134000,79.0,9,6038000,7.5556,21.0,88794,0.4619,Medium Risk,64.0
TAS,35 to 44,Autism,Capacity Building,206,20000,64.0,42,2427000,4.9048,36.0,11782,0.414,Low Risk,199.0
TAS,35 to 44,Autism,Capital,18,20000,83.0,3,0,6.0,17.0,0,0.2935,Low Risk,40.0
TAS,35 to 44,Autism,Core,199,123000,85.0,32,20360000,6.2188,15.0,102312,0.3893,Low Risk,184.0
TAS,35 to 44,Cerebral Palsy,Capacity Building,69,22000,57.0,25,778000,2.76,43.0,11275,0.4458,Medium Risk,69.0
TAS,35 to 44,Cerebral Palsy,Capital,44,27000,69.0,5,132000,8.8,31.0,3000,0.5132,Medium Risk,44.0
TAS,35 to 44,Cerebral Palsy,Core,70,259000,89.0,24,12938000,2.9167,11.0,184829,0.2937,Low Risk,68.0
TAS,35 to 44,Down Syndrome,Capacity Building,54,16000,54.0,12,287000,4.5,46.0,5315,0.4583,Medium Risk,51.0
TAS,35 to 44,Down Syndrome,Capital,10,95000,70.0,14,0,0.7143,30.0,0,0.3316,Low Risk,10.0
TAS,35 to 44,Down Syndrome,Core,47,174000,86.0,17,5399000,2.7647,14.0,114872,0.2908,Low Risk,54.0
TAS,35 to 44,Hearing Impairment,Capacity Building,40,7000,56.0,2,0,20.0,44.0,0,0.6502,High Risk,40.0
TAS,35 to 44,Hearing Impairment,Capital,24,3000,100.0,2,0,12.0,0.0,0,0.3031,Low Risk,40.0
TAS,35 to 44,Hearing Impairment,Core,40,15000,65.0,2,0,20.0,35.0,0,0.5885,High Risk,40.0
TAS,35 to 44,Intellectual Disability,Capacity Building,283,19000,59.0,53,3191000,5.3396,41.0,11276,0.4834,Medium Risk,270.0
TAS,35 to 44,Intellectual Disability,Capital,47,15000,72.0,2,139000,23.5,28.0,2957,0.5498,Medium Risk,41.0
TAS,35 to 44,Intellectual Disability,Core,282,149000,83.0,47,35208000,6.0,17.0,124851,0.3985,Low Risk,276.0
TAS,35 to 44,Multiple Sclerosis,Capacity Building,51,19000,49.0,4,417000,12.75,51.0,8176,0.6824,High Risk,51.0
TAS,35 to 44,Multiple Sclerosis,Capital,29,13000,90.0,1,0,29.0,10.0,0,0.4351,Medium Risk,40.0
TAS,35 to 44,Multiple Sclerosis,Core,52,75000,64.0,2,2099000,26.0,36.0,40365,0.7413,High Risk,51.0
TAS,35 to 44,Other,Capacity Building,20,20000,38.0,3,0,6.6667,62.0,0,0.6034,High Risk,40.0
TAS,35 to 44,Other,Capital,13,31000,2.0,1,0,13.0,98.0,0,0.792,High Risk,40.0
TAS,35 to 44,Other,Core,19,102000,73.0,2,0,9.5,27.0,0,0.5426,Medium Risk,40.0
TAS,35 to 44,Other Neurological,Capacity Building,50,24000,59.0,12,674000,4.1667,41.0,13480,0.4801,Medium Risk,50.0
TAS,35 to 44,Other Neurological,Capital,29,17000,43.0,1,91000,29.0,57.0,3138,0.767,High Risk,41.0
TAS,35 to 44,Other Neurological,Core,50,210000,81.0,10,8789000,5.0,19.0,175780,0.3947,Low Risk,53.0
TAS,35 to 44,Other Physical,Capacity Building,40,15000,52.0,10,264000,4.0,48.0,6600,0.4522,Medium Risk,49.0
TAS,35 to 44,Other Physical,Capital,32,20000,62.0,1,0,32.0,38.0,0,0.6993,High Risk,40.0
TAS,35 to 44,Other Physical,Core,40,93000,68.0,10,2042000,4.0,32.0,51050,0.448,Medium Risk,49.0
TAS,35 to 44,Other Sensory/Speech,Capacity Building,10,20000,53.0,11,0,0.9091,47.0,0,0.392,Low Risk,20.0
TAS,35 to 44,Other Sensory/Speech,Core,10,110000,77.0,8,0,1.25,23.0,0,0.293,Low Risk,
TAS,35 to 44,Psychosocial Disability,Capacity Building,266,23000,56.0,51,3452000,5.2157,44.0,12977,0.5429,Medium Risk,262.0
TAS,35 to 44,Psychosocial Disability,Capital,10,70500,67.5,1,0,10.0,32.5,0,0.5873,High Risk,20.0
TAS,35 to 44,Psychosocial Disability,Core,274,118000,79.0,25,25092000,10.96,21.0,91577,0.532,Medium Risk,261.0
TAS,35 to 44,Spinal Cord Injury,Capacity Building,19,27000,49.0,1,0,19.0,51.0,0,0.7846,High Risk,40.0
TAS,35 to 44,Spinal Cord Injury,Capital,18,40000,70.0,1,0,18.0,30.0,0,0.6406,High Risk,40.0
TAS,35 to 44,Spinal Cord Injury,Core,19,157000,87.0,1,0,19.0,13.0,0,0.5581,Medium Risk,40.0
TAS,35 to 44,Stroke,Capacity Building,13,25000,63.0,3,0,4.3333,37.0,0,0.4493,Medium Risk,40.0
TAS,35 to 44,Stroke,Capital,10,96500,60.5,3,0,3.3333,39.5,0,0.5022,Medium Risk,30.0
TAS,35 to 44,Stroke,Core,12,168000,58.0,3,0,4.0,42.0,0,0.5661,Medium Risk,40.0
TAS,35 to 44,Visual Impairment,Capacity Building,29,16000,71.0,6,126000,4.8333,29.0,4345,0.3188,Low Risk,42.0
TAS,35 to 44,Visual Impairment,Capital,10,62000,25.0,4,0,2.5,75.0,0,0.5647,Medium Risk,40.0
TAS,35 to 44,Visual Impairment,Core,34,108000,84.0,2,0,17.0,16.0,0,0.5459,Medium Risk,40.0
TAS,45 to 54,ABI,Capacity Building,110,23000,64.0,41,1481000,2.6829,36.0,13464,0.3789,Low Risk,114.0
TAS,45 to 54,ABI,Capital,46,19000,61.0,3,0,15.3333,39.0,0,0.63,High Risk,40.0
TAS,45 to 54,ABI,Core,111,167000,83.0,18,14896000,6.1667,17.0,134198,0.4085,Low Risk,115.0
TAS,45 to 54,Autism,Capacity Building,116,18000,56.0,24,1111000,4.8333,44.0,9578,0.4688,Medium Risk,111.0
TAS,45 to 54,Autism,Capital,10,68500,70.0,23,0,0.4348,30.0,0,0.3128,Low Risk,30.0
TAS,45 to 54,Autism,Core,113,119000,84.0,22,10822000,5.1364,16.0,95770,0.3685,Low Risk,100.0
TAS,45 to 54,Cerebral Palsy,Capacity Building,54,21000,71.0,17,611000,3.1765,29.0,11315,0.3148,Low Risk,56.0
TAS,45 to 54,Cerebral Palsy,Capital,44,16000,55.0,3,163000,14.6667,45.0,3705,0.6517,High Risk,42.0
TAS,45 to 54,Cerebral Palsy,Core,54,276000,89.0,14,10163000,3.8571,11.0,188204,0.3239,Low Risk,55.0
TAS,45 to 54,Down Syndrome,Capacity Building,43,15000,56.0,11,0,3.9091,44.0,0,0.429,Low Risk,40.0
TAS,45 to 54,Down Syndrome,Capital,12,7000,68.5,1,0,12.0,31.5,0,0.472,Medium Risk,40.0
TAS,45 to 54,Down Syndrome,Core,37,191000,81.0,14,1471000,2.6429,19.0,39757,0.3185,Low Risk,42.0
TAS,45 to 54,Hearing Impairment,Capacity Building,57,8000,49.0,6,145000,9.5,51.0,2544,0.5714,High Risk,46.0
TAS,45 to 54,Hearing Impairment,Capital,20,7000,65.0,4,0,5.0,35.0,0,0.352,Low Risk,40.0
TAS,45 to 54,Hearing Impairment,Core,60,32000,82.0,3,928000,20.0,18.0,15467,0.5381,Medium Risk,44.0
TAS,45 to 54,Intellectual Disability,Capacity Building,239,21000,62.0,69,2903000,3.4638,38.0,12146,0.4093,Low Risk,229.0
TAS,45 to 54,Intellectual Disability,Capital,56,14000,65.0,5,292000,11.2,35.0,5214,0.5139,Medium Risk,45.0
TAS,45 to 54,Intellectual Disability,Core,247,172000,89.0,48,38309000,5.1458,11.0,155097,0.3633,Low Risk,247.0
TAS,45 to 54,Multiple Sclerosis,Capacity Building,96,21000,50.0,8,1058000,12.0,50.0,11021,0.6902,High Risk,99.0
TAS,45 to 54,Multiple Sclerosis,Capital,63,17000,88.0,1,441000,63.0,12.0,7000,0.4928,Medium Risk,47.0
TAS,45 to 54,Multiple Sclerosis,Core,97,86000,69.0,1,6388000,97.0,31.0,65856,0.7554,High Risk,98.0
TAS,45 to 54,Other,Capacity Building,53,20000,52.0,12,393000,4.4167,48.0,7415,0.4998,Medium Risk,58.0
TAS,45 to 54,Other,Capital,37,23000,64.0,6,0,6.1667,36.0,0,0.4864,Medium Risk,40.0
TAS,45 to 54,Other,Core,55,103000,69.0,1,3349000,55.0,31.0,60891,0.7504,High Risk,57.0
TAS,45 to 54,Other Neurological,Capacity Building,78,27000,47.0,14,1063000,5.5714,53.0,13628,0.6098,High Risk,82.0
TAS,45 to 54,Other Neurological,Capital,53,23000,72.0,4,303000,13.25,28.0,5717,0.5498,Medium Risk,41.0
TAS,45 to 54,Other Neurological,Core,79,181000,72.0,10,11105000,7.9,28.0,140570,0.5422,Medium Risk,78.0
TAS,45 to 54,Other Physical,Capacity Building,55,16000,58.0,6,489000,9.1667,42.0,8891,0.5477,Medium Risk,53.0
TAS,45 to 54,Other Physical,Capital,38,23000,68.0,3,0,12.6667,32.0,0,0.5742,High Risk,40.0
TAS,45 to 54,Other Physical,Core,55,74000,73.0,4,2922000,13.75,27.0,53127,0.6004,High Risk,55.0
TAS,45 to 54,Other Sensory/Speech,Capacity Building,10,20000,53.0,11,0,0.9091,47.0,0,0.392,Low Risk,10.0
TAS,45 to 54,Other Sensory/Speech,Core,10,110000,77.0,8,0,1.25,23.0,0,0.293,Low Risk,10.0
TAS,45 to 54,Psychosocial Disability,Capacity Building,295,20000,60.0,61,3250000,4.8361,40.0,11017,0.4547,Medium Risk,293.0
TAS,45 to 54,Psychosocial Disability,Capital,14,14000,4.0,48,0,0.2917,96.0,0,0.3871,Low Risk,30.0
TAS,45 to 54,Psychosocial Disability,Core,293,111000,77.0,35,25704000,8.3714,23.0,87727,0.49,Medium Risk,286.0
TAS,45 to 54,Spinal Cord Injury,Capacity Building,36,21000,47.0,8,101000,4.5,53.0,2806,0.53,Medium Risk,41.0
TAS,45 to 54,Spinal Cord Injury,Capital,30,54000,100.0,3,400000,10.0,0.0,13333,0.413,Low Risk,41.0
TAS,45 to 54,Spinal Cord Injury,Core,36,228000,75.0,5,2129000,7.2,25.0,59139,0.5114,Medium Risk,43.0
TAS,45 to 54,Stroke,Capacity Building,41,22000,45.0,8,293000,5.125,55.0,7146,0.5757,High Risk,43.0
TAS,45 to 54,Stroke,Capital,22,18000,48.0,1,0,22.0,52.0,0,0.7379,High Risk,40.0
TAS,45 to 54,Stroke,Core,41,125000,87.0,2,2619000,20.5,13.0,63878,0.5589,Medium Risk,43.0
TAS,45 to 54,Visual Impairment,Capacity Building,39,13000,34.0,4,98000,9.75,66.0,2513,0.6191,High Risk,41.0
TAS,45 to 54,Visual Impairment,Capital,16,20000,10.0,4,0,4.0,90.0,0,0.5365,Medium Risk,40.0
TAS,45 to 54,Visual Impairment,Core,39,45000,64.0,3,806000,13.0,36.0,20667,0.6584,High Risk,46.0
TAS,55 to 64,ABI,Capacity Building,158,21000,56.0,41,2052000,3.8537,44.0,12987,0.4745,Medium Risk,164.0
TAS,55 to 64,ABI,Capital,73,19000,58.0,5,684000,14.6,42.0,9370,0.6539,High Risk,57.0
TAS,55 to 64,ABI,Core,158,197000,80.0,25,27127000,6.32,20.0,171690,0.4415,Medium Risk,168.0
TAS,55 to 64,Autism,Capacity Building,41,21000,51.0,17,140000,2.4118,49.0,3415,0.4532,Medium Risk,41.0
TAS,55 to 64,Autism,Capital,10,98500,68.5,16,0,0.625,31.5,0,0.3439,Low Risk,20.0
TAS,55 to 64,Autism,Core,39,176000,86.0,16,0,2.4375,14.0,0,0.2777,Low Risk,40.0
TAS,55 to 64,Cerebral Palsy,Capacity Building,36,24000,65.0,21,213000,1.7143,35.0,5917,0.349,Low Risk,42.0
TAS,55 to 64,Cerebral Palsy,Capital,31,23000,86.0,5,0,6.2,14.0,0,0.3099,Low Risk,40.0
TAS,55 to 64,Cerebral Palsy,Core,36,282000,79.0,12,3739000,3.0,21.0,103861,0.3545,Low Risk,43.0
TAS,55 to 64,Down Syndrome,Capacity Building,35,20000,70.0,14,220000,2.5,30.0,6286,0.293,Low Risk,42.0
TAS,55 to 64,Down Syndrome,Capital,23,5000,86.0,15,0,1.5333,14.0,0,0.0693,Low Risk,30.0
TAS,55 to 64,Down Syndrome,Core,26,269000,83.0,16,3734000,1.625,17.0,143615,0.2764,Low Risk,44.0
TAS,55 to 64,Hearing Impairment,Capacity Building,89,7000,52.0,9,301000,9.8889,48.0,3382,0.5631,Medium Risk,74.0
TAS,55 to 64,Hearing Impairment,Capital,25,6000,51.0,1,0,25.0,49.0,0,0.6953,High Risk,40.0
TAS,55 to 64,Hearing Impairment,Core,90,29000,67.0,5,1946000,18.0,33.0,21622,0.6508,High Risk,67.0
TAS,55 to 64,Intellectual Disability,Capacity Building,253,20000,65.0,60,3287000,4.2167,35.0,12992,0.3855,Low Risk,240.0
TAS,55 to 64,Intellectual Disability,Capital,74,11000,42.0,5,125000,14.8,58.0,1689,0.6801,High Risk,41.0
TAS,55 to 64,Intellectual Disability,Core,257,203000,87.0,57,48835000,4.5088,13.0,190019,0.343,Low Risk,261.0
TAS,55 to 64,Multiple Sclerosis,Capacity Building,164,19000,54.0,15,1769000,10.9333,46.0,10787,0.6371,High Risk,165.0
TAS,55 to 64,Multiple Sclerosis,Capital,114,14000,61.0,3,721000,38.0,39.0,6325,0.6787,High Risk,78.0
TAS,55 to 64,Multiple Sclerosis,Core,164,89000,67.0,6,10075000,27.3333,33.0,61433,0.7295,High Risk,165.0
TAS,55 to 64,Other,Capacity Building,104,19000,50.0,18,1043000,5.7778,50.0,10029,0.548,Medium Risk,111.0
TAS,55 to 64,Other,Capital,84,30000,70.0,4,1171000,21.0,30.0,13940,0.6436,High Risk,62.0
TAS,55 to 64,Other,Core,102,116000,57.0,4,8193000,25.5,43.0,80324,0.8329,High Risk,102.0
TAS,55 to 64,Other Neurological,Capacity Building,170,24000,62.0,34,2453000,5.0,38.0,14429,0.4821,Medium Risk,179.0
TAS,55 to 64,Other Neurological,Capital,98,19000,71.0,3,1071000,32.6667,29.0,10929,0.6061,High Risk,76.0
TAS,55 to 64,Other Neurological,Core,168,180000,73.0,16,23288000,10.5,27.0,138619,0.5977,High Risk,180.0
TAS,55 to 64,Other Physical,Capacity Building,117,16000,51.0,14,974000,8.3571,49.0,8325,0.5732,High Risk,117.0
TAS,55 to 64,Other Physical,Capital,90,23000,94.0,3,759000,30.0,6.0,8433,0.5016,Medium Risk,62.0
TAS,55 to 64,Other Physical,Core,114,91000,70.0,5,6846000,22.8,30.0,60053,0.6892,High Risk,119.0
TAS,55 to 64,Other Sensory/Speech,Capacity Building,10,20000,53.0,1,0,10.0,47.0,0,0.6318,High Risk,20.0
TAS,55 to 64,Other Sensory/Speech,Core,10,110000,77.0,1,0,10.0,23.0,0,0.5243,Medium Risk,20.0
TAS,55 to 64,Psychosocial Disability,Capacity Building,299,20000,60.0,44,3505000,6.7955,40.0,11722,0.5165,Medium Risk,300.0
TAS,55 to 64,Psychosocial Disability,Capital,31,8000,31.0,1,0,31.0,69.0,0,0.7536,High Risk,40.0
TAS,55 to 64,Psychosocial Disability,Core,299,124000,78.0,37,28860000,8.0811,22.0,96522,0.4774,Medium Risk,304.0
TAS,55 to 64,Spinal Cord Injury,Capacity Building,35,21000,52.0,8,61000,4.375,48.0,1743,0.509,Medium Risk,41.0
TAS,55 to 64,Spinal Cord Injury,Capital,31,24000,80.0,1,0,31.0,20.0,0,0.5682,High Risk,40.0
TAS,55 to 64,Spinal Cord Injury,Core,35,179000,83.0,5,399000,7.0,17.0,11400,0.4291,Low Risk,41.0
TAS,55 to 64,Stroke,Capacity Building,92,23000,53.0,19,1121000,4.8421,47.0,12185,0.5311,Medium Risk,95.0
TAS,55 to 64,Stroke,Capital,70,16000,71.0,5,309000,14.0,29.0,4414,0.5037,Medium Risk,48.0
TAS,55 to 64,Stroke,Core,92,162000,72.0,11,11666000,8.3636,28.0,126804,0.5472,Medium Risk,103.0
TAS,55 to 64,Visual Impairment,Capacity Building,57,14000,39.0,7,254000,8.1429,61.0,4456,0.59,High Risk,51.0
TAS,55 to 64,Visual Impairment,Capital,24,9000,100.0,5,0,4.8,0.0,0,0.1544,Low Risk,40.0
TAS,55 to 64,Visual Impairment,Core,58,71000,72.0,3,3109000,19.3333,28.0,53603,0.6433,High Risk,56.0
TAS,65+,ABI,Capacity Building,75,20000,60.0,24,984000,3.125,40.0,13120,0.406,Low Risk,75.0
TAS,65+,ABI,Capital,38,18000,82.0,3,191000,12.6667,18.0,5026,0.4057,Low Risk,41.0
TAS,65+,ABI,Core,76,216000,83.0,18,15046000,4.2222,17.0,197974,0.3526,Low Risk,81.0
TAS,65+,Autism,Capacity Building,18,21000,63.0,11,0,1.6364,37.0,0,0.3387,Low Risk,40.0
TAS,65+,Autism,Capital,10,125000,77.5,1,0,10.0,22.5,0,0.5226,Medium Risk,10.0
TAS,65+,Autism,Core,16,229000,92.0,11,0,1.4545,8.0,0,0.2409,Low Risk,40.0
TAS,65+,Cerebral Palsy,Capacity Building,15,21000,60.0,5,0,3.0,40.0,0,0.4133,Low Risk,40.0
TAS,65+,Cerebral Palsy,Capital,13,32000,100.0,1,0,13.0,0.0,0,0.4473,Medium Risk,40.0
TAS,65+,Cerebral Palsy,Core,15,224000,83.0,3,0,5.0,17.0,0,0.3825,Low Risk,40.0
TAS,65+,Down Syndrome,Capacity Building,10,20000,53.0,10,0,1.0,47.0,0,0.394,Low Risk,40.0
TAS,65+,Down Syndrome,Capital,10,17000,69.0,8,0,1.25,31.0,0,0.237,Low Risk,30.0
TAS,65+,Down Syndrome,Core,10,110000,77.0,7,0,1.4286,23.0,0,0.2979,Low Risk,40.0
TAS,65+,Hearing Impairment,Capacity Building,56,6000,49.0,3,71000,18.6667,51.0,1268,0.6709,High Risk,44.0
TAS,65+,Hearing Impairment,Capital,13,9000,100.0,4,0,3.25,0.0,0,0.1105,Low Risk,40.0
TAS,65+,Hearing Impairment,Core,55,20000,73.0,4,345000,13.75,27.0,6273,0.5206,Medium Risk,45.0
TAS,65+,Intellectual Disability,Capacity Building,148,20000,68.0,50,2076000,2.96,32.0,14027,0.3239,Low Risk,155.0
TAS,65+,Intellectual Disability,Capital,53,9000,33.0,2,0,26.5,67.0,0,0.7439,High Risk,40.0
TAS,65+,Intellectual Disability,Core,151,245000,88.0,37,36590000,4.0811,12.0,242318,0.3322,Low Risk,165.0
TAS,65+,Multiple Sclerosis,Capacity Building,109,21000,55.0,16,1227000,6.8125,45.0,11257,0.567,High Risk,108.0
TAS,65+,Multiple Sclerosis,Capital,83,14000,72.0,3,518000,27.6667,28.0,6241,0.5585,Medium Risk,59.0
TAS,65+,Multiple Sclerosis,Core,109,133000,72.0,4,10339000,27.25,28.0,94853,0.6999,High Risk,109.0
TAS,65+,Other,Capacity Building,51,19000,44.0,15,355000,3.4,56.0,6961,0.4862,Medium Risk,55.0
TAS,65+,Other,Capital,31,22000,45.0,8,0,3.875,55.0,0,0.5272,Medium Risk,40.0
TAS,65+,Other,Core,51,87000,53.0,1,2092000,51.0,47.0,41020,0.8784,High Risk,54.0
TAS,65+,Other Neurological,Capacity Building,142,23000,55.0,32,1929000,4.4375,45.0,13585,0.5107,Medium Risk,157.0
TAS,65+,Other Neurological,Capital,88,16000,58.0,2,681000,44.0,42.0,7739,0.7217,High Risk,67.0
TAS,65+,Other Neurological,Core,139,177000,75.0,10,21961000,13.9,25.0,157993,0.6184,High Risk,163.0
TAS,65+,Other Physical,Capacity Building,100,16000,45.0,15,794000,6.6667,55.0,7940,0.5588,Medium Risk,102.0
TAS,65+,Other Physical,Capital,85,22000,53.0,2,584000,42.5,47.0,6871,0.7994,High Risk,57.0
TAS,65+,Other Physical,Core,101,85000,72.0,5,6304000,20.2,28.0,62416,0.6576,High Risk,104.0
TAS,65+,Other Sensory/Speech,Capacity Building,10,20000,53.0,11,0,0.9091,47.0,0,0.392,Low Risk,20.0
TAS,65+,Other Sensory/Speech,Capital,10,17000,69.0,2,0,5.0,31.0,0,0.3538,Low Risk,
TAS,65+,Other Sensory/Speech,Core,10,110000,77.0,8,0,1.25,23.0,0,0.293,Low Risk,20.0
TAS,65+,Psychosocial Disability,Capacity Building,116,18000,60.0,30,1271000,3.8667,40.0,10957,0.41,Low Risk,118.0
TAS,65+,Psychosocial Disability,Capital,19,9000,17.0,27,0,0.7037,83.0,0,0.3801,Low Risk,30.0
TAS,65+,Psychosocial Disability,Core,115,140000,76.0,24,14057000,4.7917,24.0,122235,0.413,Low Risk,121.0
TAS,65+,Spinal Cord Injury,Capacity Building,25,23000,68.0,3,235000,8.3333,32.0,9400,0.494,Medium Risk,42.0
TAS,65+,Spinal Cord Injury,Capital,25,19000,100.0,2,71000,12.5,0.0,2840,0.3689,Low Risk,41.0
TAS,65+,Spinal Cord Injury,Core,25,148000,78.0,2,1378000,12.5,22.0,55120,0.5635,Medium Risk,43.0
TAS,65+,Stroke,Capacity Building,69,21000,62.0,18,872000,3.8333,38.0,12638,0.4202,Low Risk,71.0
TAS,65+,Stroke,Capital,45,19000,90.0,4,0,11.25,10.0,0,0.364,Low Risk,40.0
TAS,65+,Stroke,Core,69,176000,72.0,8,10008000,8.625,28.0,145043,0.5548,Medium Risk,74.0
TAS,65+,Visual Impairment,Capacity Building,35,12000,53.0,2,70000,17.5,47.0,2000,0.6677,High Risk,42.0
TAS,65+,Visual Impairment,Capital,15,13000,2.0,2,0,7.5,98.0,0,0.5917,High Risk,30.0
TAS,65+,Visual Impairment,Core,35,40000,83.0,2,267000,17.5,17.0,7629,0.527,Medium Risk,43.0
TAS,9 to 14,ABI,Capacity Building,10,20000,53.0,11,0,0.9091,47.0,0,0.392,Low Risk,30.0
TAS,9 to 14,ABI,Capital,10,17000,69.0,2,0,5.0,31.0,0,0.3538,Low Risk,10.0
TAS,9 to 14,ABI,Core,10,110000,77.0,8,0,1.25,23.0,0,0.293,Low Risk,30.0
TAS,9 to 14,Autism,Capacity Building,2303,19000,53.0,77,21345000,29.9091,47.0,9268,0.7517,High Risk,2193.0
TAS,9 to 14,Autism,Capital,60,10000,91.0,49,42000,1.2245,9.0,700,0.0585,Low Risk,42.0
TAS,9 to 14,Autism,Core,1990,14000,71.0,21,23843000,94.7619,29.0,11981,0.6104,High Risk,1557.0
TAS,9 to 14,Cerebral Palsy,Capacity Building,54,27000,65.0,12,699000,4.5,35.0,12944,0.4401,Medium Risk,55.0
TAS,9 to 14,Cerebral Palsy,Capital,40,18000,94.0,2,0,20.0,6.0,0,0.4195,Low Risk,40.0
TAS,9 to 14,Cerebral Palsy,Core,53,66000,68.0,2,1883000,26.5,32.0,35528,0.7047,High Risk,46.0
TAS,9 to 14,Developmental Delay,Capacity Building,10,20000,53.0,1,0,10.0,47.0,0,0.6318,High Risk,40.0
TAS,9 to 14,Developmental Delay,Core,10,110000,77.0,1,0,10.0,23.0,0,0.5243,Medium Risk,30.0
TAS,9 to 14,Down Syndrome,Capacity Building,30,26000,49.0,6,89000,5.0,51.0,2967,0.5766,High Risk,41.0
TAS,9 to 14,Down Syndrome,Capital,10,28500,64.0,6,0,1.6667,36.0,0,0.3731,Low Risk,40.0
TAS,9 to 14,Down Syndrome,Core,29,31000,79.0,6,236000,4.8333,21.0,8138,0.3392,Low Risk,41.0
TAS,9 to 14,Global Developmental Delay,Capacity Building,11,19000,41.0,2,0,5.5,59.0,0,0.5642,Medium Risk,30.0
TAS,9 to 14,Global Developmental Delay,Capital,10,19000,57.0,2,0,5.0,43.0,0,0.4868,Medium Risk,10.0
TAS,9 to 14,Global Developmental Delay,Core,10,19000,73.0,2,0,5.0,27.0,0,0.3403,Low Risk,40.0
TAS,9 to 14,Hearing Impairment,Capacity Building,61,11000,60.0,2,219000,30.5,40.0,3590,0.6656,High Risk,54.0
TAS,9 to 14,Hearing Impairment,Core,58,2000,52.0,1,75000,58.0,48.0,1293,0.7265,High Risk,43.0
TAS,9 to 14,Intellectual Disability,Capacity Building,364,24000,58.0,47,4603000,7.7447,42.0,12646,0.5894,High Risk,345.0
TAS,9 to 14,Intellectual Disability,Capital,53,16000,65.0,24,0,2.2083,35.0,0,0.292,Low Risk,40.0
TAS,9 to 14,Intellectual Disability,Core,318,28000,79.0,1,7967000,318.0,21.0,25053,0.6419,High Risk,310.0
TAS,9 to 14,Multiple Sclerosis,Capacity Building,10,20000,53.0,11,0,0.9091,47.0,0,0.392,Low Risk,10.0
TAS,9 to 14,Multiple Sclerosis,Core,10,110000,77.0,8,0,1.25,23.0,0,0.293,Low Risk,
TAS,9 to 14,Other,Capacity Building,42,15000,50.0,3,72000,14.0,50.0,1714,0.6651,High Risk,44.0
TAS,9 to 14,Other,Capital,10,11000,43.5,3,0,3.3333,56.5,0,0.445,Medium Risk,20.0
TAS,9 to 14,Other,Core,44,7000,37.0,3,0,14.6667,63.0,0,0.6739,High Risk,40.0
TAS,9 to 14,Other Neurological,Capacity Building,29,26000,55.0,4,0,7.25,45.0,0,0.6072,High Risk,40.0
TAS,9 to 14,Other Neurological,Capital,13,32000,44.0,4,0,3.25,56.0,0,0.5501,Medium Risk,40.0
TAS,9 to 14,Other Neurological,Core,28,42000,76.0,4,0,7.0,24.0,0,0.4463,Medium Risk,40.0
TAS,9 to 14,Other Physical,Capacity Building,25,17000,54.0,2,0,12.5,46.0,0,0.64,High Risk,40.0
TAS,9 to 14,Other Physical,Capital,10,14000,73.5,2,0,5.0,26.5,0,0.3076,Low Risk,30.0
TAS,9 to 14,Other Physical,Core,33,11000,93.0,2,0,16.5,7.0,0,0.3704,Low Risk,40.0
TAS,9 to 14,Other Sensory/Speech,Capacity Building,15,12000,46.0,1,0,15.0,54.0,0,0.6756,High Risk,40.0
TAS,9 to 14,Other Sensory/Speech,Capital,10,12000,73.0,1,0,10.0,27.0,0,0.4192,Low Risk,10.0
TAS,9 to 14,Other Sensory/Speech,Core,10,12000,100.0,1,0,10.0,0.0,0,0.2926,Low Risk,30.0
TAS,9 to 14,Psychosocial Disability,Capacity Building,10,20000,53.0,2,0,5.0,47.0,0,0.5173,Medium Risk,30.0
TAS,9 to 14,Psychosocial Disability,Core,10,110000,77.0,2,0,5.0,23.0,0,0.4098,Low Risk,20.0
TAS,9 to 14,Spinal Cord Injury,Capacity Building,10,20000,53.0,11,0,0.9091,47.0,0,0.392,Low Risk,10.0
TAS,9 to 14,Spinal Cord Injury,Capital,10,17000,69.0,2,0,5.0,31.0,0,0.3538,Low Risk,
TAS,9 to 14,Spinal Cord Injury,Core,10,110000,77.0,8,0,1.25,23.0,0,0.293,Low Risk,
TAS,9 to 14,Stroke,Capacity Building,10,20000,53.0,11,0,0.9091,47.0,0,0.392,Low Risk,30.0
TAS,9 to 14,Stroke,Capital,10,17000,69.0,2,0,5.0,31.0,0,0.3538,Low Risk,20.0
TAS,9 to 14,Stroke,Core,10,110000,77.0,8,0,1.25,23.0,0,0.293,Low Risk,30.0
TAS,9 to 14,Visual Impairment,Capacity Building,10,20000,53.0,11,0,0.9091,47.0,0,0.392,Low Risk,30.0
TAS,9 to 14,Visual Impairment,Capital,10,17000,69.0,2,0,5.0,31.0,0,0.3538,Low Risk,10.0
TAS,9 to 14,Visual Impairment,Core,10,110000,77.0,8,0,1.25,23.0,0,0.293,Low Risk,30.0
VIC,0 to 8,ABI,Capacity Building,60,35000,65.0,2,0,30.0,35.0,0,0.7256,High Risk,160.0
VIC,0 to 8,ABI,Capital,31,27000,67.0,2,0,15.5,33.0,0,0.6275,High Risk,110.0
VIC,0 to 8,ABI,Core,59,53000,78.0,2,0,29.5,22.0,0,0.6216,High Risk,140.0
VIC,0 to 8,Autism,Capacity Building,15154,24000,68.0,336,228432000,45.1012,32.0,15074,0.6904,High Risk,14847.0
VIC,0 to 8,Autism,Capital,758,6000,59.0,184,1702000,4.1196,41.0,2245,0.3796,Low Risk,447.0
VIC,0 to 8,Autism,Core,14354,7000,85.0,31,100320000,463.0323,15.0,6989,0.4889,Medium Risk,9394.0
VIC,0 to 8,Cerebral Palsy,Capacity Building,480,30000,67.0,20,8710000,24.0,33.0,18146,0.684,High Risk,484.0
VIC,0 to 8,Cerebral Palsy,Capital,360,22000,63.0,4,3308000,90.0,37.0,9189,0.7404,High Risk,311.0
VIC,0 to 8,Cerebral Palsy,Core,474,36000,84.0,2,12975000,237.0,16.0,27373,0.6175,High Risk,419.0
VIC,0 to 8,Developmental Delay,Capacity Building,23721,20000,61.0,245,271280000,96.8204,39.0,11436,0.7459,High Risk,26236.0
VIC,0 to 8,Developmental Delay,Capital,854,10000,63.0,2,3210000,427.0,37.0,3759,0.6825,High Risk,584.0
VIC,0 to 8,Developmental Delay,Core,21754,2000,64.0,12,27029000,1812.8333,36.0,1242,0.6534,High Risk,9238.0
VIC,0 to 8,Disability_Missing,Capacity Building,160,21000,50.0,59,0,2.7119,50.0,0,0.4688,Medium Risk,
VIC,0 to 8,Disability_Missing,Core,160,81000,71.0,24,0,6.6667,29.0,0,0.4924,Medium Risk,
VIC,0 to 8,Down Syndrome,Capacity Building,365,26000,66.0,26,5260000,14.0385,34.0,14411,0.6213,High Risk,371.0
VIC,0 to 8,Down Syndrome,Capital,141,10000,70.0,2,156000,70.5,30.0,1106,0.5997,High Risk,163.0
VIC,0 to 8,Down Syndrome,Core,354,17000,81.0,14,5396000,25.2857,19.0,15243,0.4833,Medium Risk,304.0
VIC,0 to 8,Global Developmental Delay,Capacity Building,3571,22000,66.0,133,44113000,26.8496,34.0,12353,0.6626,High Risk,3436.0
VIC,0 to 8,Global Developmental Delay,Capital,311,12000,73.0,2,1466000,155.5,27.0,4714,0.597,High Risk,251.0
VIC,0 to 8,Global Developmental Delay,Core,3336,4000,80.0,6,11819000,556.0,20.0,3543,0.5163,Medium Risk,1572.0
VIC,0 to 8,Hearing Impairment,Capacity Building,1460,17000,50.0,43,10768000,33.9535,50.0,7375,0.7578,High Risk,1285.0
VIC,0 to 8,Hearing Impairment,Capital,58,11000,33.0,1,0,58.0,67.0,0,0.789,High Risk,130.0
VIC,0 to 8,Hearing Impairment,Core,1437,4000,65.0,4,3816000,359.25,35.0,2656,0.6431,High Risk,695.0
VIC,0 to 8,Intellectual Disability,Capacity Building,1368,26000,67.0,85,22532000,16.0941,33.0,16471,0.6289,High Risk,1345.0
VIC,0 to 8,Intellectual Disability,Capital,352,17000,68.0,46,2778000,7.6522,32.0,7892,0.4282,Low Risk,284.0
VIC,0 to 8,Intellectual Disability,Core,1304,21000,85.0,6,26546000,217.3333,15.0,20357,0.5571,Medium Risk,957.0
VIC,0 to 8,Other,Capacity Building,354,21000,70.0,7,4637000,50.5714,30.0,13099,0.6549,High Risk,374.0
VIC,0 to 8,Other,Capital,53,18000,99.0,4,0,13.25,1.0,0,0.3722,Low Risk,150.0
VIC,0 to 8,Other,Core,334,6000,69.0,1,717000,334.0,31.0,2147,0.6122,High Risk,222.0
VIC,0 to 8,Other Neurological,Capacity Building,186,28000,68.0,8,2395000,23.25,32.0,12876,0.667,High Risk,225.0
VIC,0 to 8,Other Neurological,Capital,105,22000,71.0,1,303000,105.0,29.0,2886,0.6714,High Risk,162.0
VIC,0 to 8,Other Neurological,Core,175,34000,86.0,4,3802000,43.75,14.0,21726,0.5768,High Risk,199.0
VIC,0 to 8,Other Physical,Capacity Building,144,22000,61.0,11,968000,13.0909,39.0,6722,0.6421,High Risk,196.0
VIC,0 to 8,Other Physical,Capital,63,18000,52.0,2,0,31.5,48.0,0,0.7527,High Risk,140.0
VIC,0 to 8,Other Physical,Core,139,20000,81.0,6,231000,23.1667,19.0,1662,0.5024,Medium Risk,161.0
VIC,0 to 8,Other Sensory/Speech,Capacity Building,27,18000,54.0,1,0,27.0,46.0,0,0.7303,High Risk,140.0
VIC,0 to 8,Other Sensory/Speech,Core,23,1000,97.0,1,0,23.0,3.0,0,0.38,Low Risk,60.0
VIC,0 to 8,Psychosocial Disability,Capacity Building,10,21000,63.0,59,0,0.1695,37.0,0,0.2999,Low Risk,70.0
VIC,0 to 8,Psychosocial Disability,Core,10,81000,79.0,24,0,0.4167,21.0,0,0.2385,Low Risk,30.0
VIC,0 to 8,Spinal Cord Injury,Capacity Building,10,21000,63.0,59,0,0.1695,37.0,0,0.2999,Low Risk,20.0
VIC,0 to 8,Spinal Cord Injury,Capital,10,20000,74.0,16,0,0.625,26.0,0,0.2082,Low Risk,20.0
VIC,0 to 8,Spinal Cord Injury,Core,10,81000,79.0,24,0,0.4167,21.0,0,0.2385,Low Risk,20.0
VIC,0 to 8,Stroke,Capacity Building,10,21000,69.0,1,0,10.0,31.0,0,0.5056,Medium Risk,80.0
VIC,0 to 8,Stroke,Capital,10,20000,67.0,1,0,10.0,33.0,0,0.5124,Medium Risk,20.0
VIC,0 to 8,Stroke,Core,10,81000,65.0,1,0,10.0,35.0,0,0.6113,High Risk,60.0
VIC,0 to 8,Visual Impairment,Capacity Building,95,20000,56.0,6,116000,15.8333,44.0,1221,0.6884,High Risk,172.0
VIC,0 to 8,Visual Impairment,Capital,24,8000,44.0,6,0,4.0,56.0,0,0.4546,Medium Risk,90.0
VIC,0 to 8,Visual Impairment,Core,94,5000,73.0,6,0,15.6667,27.0,0,0.4681,Medium Risk,160.0
VIC,15 to 18,ABI,Capacity Building,92,22000,59.0,14,0,6.5714,41.0,0,0.5382,Medium Risk,160.0
VIC,15 to 18,ABI,Capital,31,26000,51.0,14,0,2.2143,49.0,0,0.4802,Medium Risk,80.0
VIC,15 to 18,ABI,Core,88,51000,76.0,14,0,6.2857,24.0,0,0.4344,Medium Risk,160.0
VIC,15 to 18,Autism,Capacity Building,15196,20000,52.0,568,140713000,26.7535,48.0,9260,0.7608,High Risk,14142.0
VIC,15 to 18,Autism,Capital,225,9000,70.0,8,250000,28.125,30.0,1111,0.5585,Medium Risk,166.0
VIC,15 to 18,Autism,Core,13605,24000,73.0,70,243957000,194.3571,27.0,17931,0.6791,High Risk,9424.0
VIC,15 to 18,Cerebral Palsy,Capacity Building,434,24000,66.0,81,6121000,5.358,34.0,14104,0.458,Medium Risk,438.0
VIC,15 to 18,Cerebral Palsy,Capital,258,24000,77.0,4,2091000,64.5,23.0,8105,0.6252,High Risk,226.0
VIC,15 to 18,Cerebral Palsy,Core,427,98000,85.0,15,35355000,28.4667,15.0,82799,0.5882,High Risk,392.0
VIC,15 to 18,Developmental Delay,Capacity Building,10,21000,63.0,59,0,0.1695,37.0,0,0.2999,Low Risk,10.0
VIC,15 to 18,Developmental Delay,Core,10,81000,79.0,24,0,0.4167,21.0,0,0.2385,Low Risk,10.0
VIC,15 to 18,Down Syndrome,Capacity Building,231,23000,63.0,40,2868000,5.775,37.0,12416,0.4913,Medium Risk,259.0
VIC,15 to 18,Down Syndrome,Capital,48,8000,70.0,22,0,2.1818,30.0,0,0.2225,Low Risk,100.0
VIC,15 to 18,Down Syndrome,Core,226,59000,90.0,4,12304000,56.5,10.0,54442,0.5855,High Risk,267.0
VIC,15 to 18,Hearing Impairment,Capacity Building,551,8000,41.0,23,1653000,23.9565,59.0,3000,0.7242,High Risk,399.0
VIC,15 to 18,Hearing Impairment,Capital,29,2000,12.0,23,0,1.2609,88.0,0,0.3844,Low Risk,30.0
VIC,15 to 18,Hearing Impairment,Core,588,5000,54.0,23,1674000,25.5652,46.0,2847,0.6795,High Risk,320.0
VIC,15 to 18,Intellectual Disability,Capacity Building,2735,24000,60.0,363,36591000,7.5344,40.0,13379,0.5651,Medium Risk,2575.0
VIC,15 to 18,Intellectual Disability,Capital,261,14000,69.0,6,916000,43.5,31.0,3510,0.6057,High Risk,193.0
VIC,15 to 18,Intellectual Disability,Core,2578,46000,84.0,65,105371000,39.6615,16.0,40873,0.5892,High Risk,2208.0
VIC,15 to 18,Multiple Sclerosis,Capacity Building,10,21000,63.0,59,0,0.1695,37.0,0,0.2999,Low Risk,20.0
VIC,15 to 18,Multiple Sclerosis,Capital,10,20000,74.0,16,0,0.625,26.0,0,0.2082,Low Risk,
VIC,15 to 18,Multiple Sclerosis,Core,10,81000,79.0,24,0,0.4167,21.0,0,0.2385,Low Risk,10.0
VIC,15 to 18,Other,Capacity Building,71,18000,63.0,7,0,10.1429,37.0,0,0.5438,Medium Risk,170.0
VIC,15 to 18,Other,Capital,24,20000,72.0,4,0,6.0,28.0,0,0.3898,Low Risk,100.0
VIC,15 to 18,Other,Core,65,35000,67.0,1,0,65.0,33.0,0,0.742,High Risk,160.0
VIC,15 to 18,Other Neurological,Capacity Building,234,23000,60.0,36,2593000,6.5,40.0,11081,0.5354,Medium Risk,248.0
VIC,15 to 18,Other Neurological,Capital,124,23000,88.0,1,141000,124.0,12.0,1137,0.5582,Medium Risk,173.0
VIC,15 to 18,Other Neurological,Core,227,88000,88.0,1,14272000,227.0,12.0,62872,0.6268,High Risk,228.0
VIC,15 to 18,Other Physical,Capacity Building,147,18000,59.0,17,976000,8.6471,41.0,6639,0.5393,Medium Risk,199.0
VIC,15 to 18,Other Physical,Capital,77,28000,44.0,10,135000,7.7,56.0,1753,0.6645,High Risk,142.0
VIC,15 to 18,Other Physical,Core,142,33000,79.0,2,1978000,71.0,21.0,13930,0.6388,High Risk,188.0
VIC,15 to 18,Other Sensory/Speech,Capacity Building,76,13000,55.0,7,131000,10.8571,45.0,1724,0.5987,High Risk,154.0
VIC,15 to 18,Other Sensory/Speech,Capital,10,10000,60.5,7,0,1.4286,39.5,0,0.2981,Low Risk,10.0
VIC,15 to 18,Other Sensory/Speech,Core,67,7000,66.0,7,0,9.5714,34.0,0,0.4417,Medium Risk,130.0
VIC,15 to 18,Psychosocial Disability,Capacity Building,46,30000,51.0,17,0,2.7059,49.0,0,0.5108,Medium Risk,140.0
VIC,15 to 18,Psychosocial Disability,Capital,10,53000,49.5,17,0,0.5882,50.5,0,0.47,Medium Risk,
VIC,15 to 18,Psychosocial Disability,Core,45,76000,48.0,17,0,2.6471,52.0,0,0.5443,Medium Risk,130.0
VIC,15 to 18,Spinal Cord Injury,Capacity Building,13,31000,46.0,1,0,13.0,54.0,0,0.7631,High Risk,70.0
VIC,15 to 18,Spinal Cord Injury,Capital,12,34000,80.0,1,0,12.0,20.0,0,0.499,Medium Risk,40.0
VIC,15 to 18,Spinal Cord Injury,Core,14,126000,93.0,1,0,14.0,7.0,0,0.503,Medium Risk,70.0
VIC,15 to 18,Stroke,Capacity Building,10,21000,72.0,2,0,5.0,28.0,0,0.3682,Low Risk,70.0
VIC,15 to 18,Stroke,Capital,10,20000,81.0,2,0,5.0,19.0,0,0.2754,Low Risk,20.0
VIC,15 to 18,Stroke,Core,10,81000,90.0,2,0,5.0,10.0,0,0.3168,Low Risk,60.0
VIC,15 to 18,Visual Impairment,Capacity Building,152,12000,46.0,12,361000,12.6667,54.0,2375,0.6549,High Risk,174.0
VIC,15 to 18,Visual Impairment,Capital,28,11000,28.0,7,0,4.0,72.0,0,0.4817,Medium Risk,50.0
VIC,15 to 18,Visual Impairment,Core,147,12000,79.0,2,487000,73.5,21.0,3313,0.5305,Medium Risk,170.0
VIC,19 to 24,ABI,Capacity Building,153,28000,59.0,44,1403000,3.4773,41.0,9170,0.4771,Medium Risk,205.0
VIC,19 to 24,ABI,Capital,32,26000,84.0,5,0,6.4,16.0,0,0.3385,Low Risk,100.0
VIC,19 to 24,ABI,Core,156,103000,78.0,7,4044000,22.2857,22.0,25923,0.6201,High Risk,196.0
VIC,19 to 24,Autism,Capacity Building,10183,23000,51.0,568,116095000,17.9278,49.0,11401,0.7525,High Risk,9553.0
VIC,19 to 24,Autism,Capital,321,24000,77.0,41,3870000,7.8293,23.0,12056,0.4144,Low Risk,227.0
VIC,19 to 24,Autism,Core,9508,60000,77.0,188,429537000,50.5745,23.0,45176,0.6609,High Risk,7910.0
VIC,19 to 24,Cerebral Palsy,Capacity Building,521,31000,65.0,108,10458000,4.8241,35.0,20073,0.4581,Medium Risk,519.0
VIC,19 to 24,Cerebral Palsy,Capital,349,25000,70.0,20,3951000,17.45,30.0,11321,0.6072,High Risk,297.0
VIC,19 to 24,Cerebral Palsy,Core,516,199000,85.0,41,82050000,12.5854,15.0,159012,0.5272,Medium Risk,506.0
VIC,19 to 24,Developmental Delay,Capacity Building,10,21000,63.0,59,0,0.1695,37.0,0,0.2999,Low Risk,10.0
VIC,19 to 24,Developmental Delay,Core,10,81000,79.0,24,0,0.4167,21.0,0,0.2385,Low Risk,10.0
VIC,19 to 24,Down Syndrome,Capacity Building,314,26000,66.0,80,4872000,3.925,34.0,15516,0.4125,Low Risk,314.0
VIC,19 to 24,Down Syndrome,Capital,44,14000,56.0,4,0,11.0,44.0,0,0.5999,High Risk,90.0
VIC,19 to 24,Down Syndrome,Core,315,132000,85.0,13,28736000,24.2308,15.0,91225,0.5855,High Risk,326.0
VIC,19 to 24,Hearing Impairment,Capacity Building,636,9000,36.0,35,1936000,18.1714,64.0,3044,0.7057,High Risk,419.0
VIC,19 to 24,Hearing Impairment,Capital,58,3000,35.0,18,0,3.2222,65.0,0,0.4312,Medium Risk,80.0
VIC,19 to 24,Hearing Impairment,Core,713,9000,55.0,2,3258000,356.5,45.0,4569,0.7487,High Risk,372.0
VIC,19 to 24,Intellectual Disability,Capacity Building,4058,27000,58.0,495,62740000,8.198,42.0,15461,0.6094,High Risk,3891.0
VIC,19 to 24,Intellectual Disability,Capital,356,19000,69.0,31,3942000,11.4839,31.0,11073,0.5126,Medium Risk,239.0
VIC,19 to 24,Intellectual Disability,Core,3945,102000,81.0,199,324550000,19.8241,19.0,82269,0.5788,High Risk,3685.0
VIC,19 to 24,Multiple Sclerosis,Capacity Building,37,20000,61.0,5,0,7.4,39.0,0,0.5197,Medium Risk,110.0
VIC,19 to 24,Multiple Sclerosis,Capital,10,35500,64.5,1,0,10.0,35.5,0,0.5989,High Risk,30.0
VIC,19 to 24,Multiple Sclerosis,Core,33,51000,68.0,3,0,11.0,32.0,0,0.6008,High Risk,110.0
VIC,19 to 24,Other,Capacity Building,81,25000,54.0,14,336000,5.7857,46.0,4148,0.5794,High Risk,158.0
VIC,19 to 24,Other,Capital,43,40000,46.0,1,0,43.0,54.0,0,0.8759,High Risk,110.0
VIC,19 to 24,Other,Core,80,95000,66.0,4,660000,20.0,34.0,8250,0.7095,High Risk,154.0
VIC,19 to 24,Other Neurological,Capacity Building,271,25000,55.0,59,3594000,4.5932,45.0,13262,0.5273,Medium Risk,285.0
VIC,19 to 24,Other Neurological,Capital,144,25000,73.0,14,734000,10.2857,27.0,5097,0.5188,Medium Risk,174.0
VIC,19 to 24,Other Neurological,Core,264,151000,81.0,16,30983000,16.5,19.0,117360,0.574,High Risk,265.0
VIC,19 to 24,Other Physical,Capacity Building,185,17000,47.0,14,1048000,13.2143,53.0,5665,0.6787,High Risk,210.0
VIC,19 to 24,Other Physical,Capital,106,23000,100.0,9,0,11.7778,0.0,0,0.398,Low Risk,140.0
VIC,19 to 24,Other Physical,Core,186,40000,63.0,4,3791000,46.5,37.0,20382,0.7734,High Risk,201.0
VIC,19 to 24,Other Sensory/Speech,Capacity Building,31,19000,50.0,6,0,5.1667,50.0,0,0.5323,Medium Risk,140.0
VIC,19 to 24,Other Sensory/Speech,Core,27,25000,59.0,6,0,4.5,41.0,0,0.4941,Medium Risk,100.0
VIC,19 to 24,Psychosocial Disability,Capacity Building,306,31000,58.0,101,4759000,3.0297,42.0,15552,0.4813,Medium Risk,332.0
VIC,19 to 24,Psychosocial Disability,Capital,10,75000,64.0,3,0,3.3333,36.0,0,0.4507,Medium Risk,20.0
VIC,19 to 24,Psychosocial Disability,Core,296,119000,70.0,22,18944000,13.4545,30.0,64000,0.6399,High Risk,312.0
VIC,19 to 24,Spinal Cord Injury,Capacity Building,31,38000,60.0,11,0,2.8182,40.0,0,0.4657,Medium Risk,120.0
VIC,19 to 24,Spinal Cord Injury,Capital,28,45000,76.0,4,0,7.0,24.0,0,0.4475,Medium Risk,110.0
VIC,19 to 24,Spinal Cord Injury,Core,32,185000,84.0,1,0,32.0,16.0,0,0.6231,High Risk,120.0
VIC,19 to 24,Stroke,Capacity Building,23,20000,66.0,8,0,2.875,34.0,0,0.3381,Low Risk,100.0
VIC,19 to 24,Stroke,Capital,10,34500,64.5,4,0,2.5,35.5,0,0.4042,Low Risk,20.0
VIC,19 to 24,Stroke,Core,28,49000,63.0,1,0,28.0,37.0,0,0.7508,High Risk,90.0
VIC,19 to 24,Visual Impairment,Capacity Building,196,13000,46.0,17,1038000,11.5294,54.0,5296,0.644,High Risk,193.0
VIC,19 to 24,Visual Impairment,Capital,36,12000,14.0,10,0,3.6,86.0,0,0.479,Medium Risk,70.0
VIC,19 to 24,Visual Impairment,Core,196,27000,80.0,3,3659000,65.3333,20.0,18668,0.6117,High Risk,209.0
VIC,25 to 34,ABI,Capacity Building,376,27000,59.0,127,5687000,2.9606,41.0,15125,0.4573,Medium Risk,386.0
VIC,25 to 34,ABI,Capital,108,24000,77.0,16,247000,6.75,23.0,2287,0.3937,Low Risk,175.0
VIC,25 to 34,ABI,Core,373,145000,82.0,38,40049000,9.8158,18.0,107370,0.4733,Medium Risk,380.0
VIC,25 to 34,Autism,Capacity Building,5724,19000,61.0,487,62874000,11.7536,39.0,10984,0.5949,High Risk,5384.0
VIC,25 to 34,Autism,Capital,364,25000,78.0,55,5262000,6.6182,22.0,14456,0.3859,Low Risk,283.0
VIC,25 to 34,Autism,Core,5418,82000,80.0,218,353330000,24.8532,20.0,65214,0.6014,High Risk,4937.0
VIC,25 to 34,Cerebral Palsy,Capacity Building,648,26000,67.0,153,11357000,4.2353,33.0,17526,0.4121,Low Risk,634.0
VIC,25 to 34,Cerebral Palsy,Capital,480,28000,69.0,42,7124000,11.4286,31.0,14842,0.5727,High Risk,348.0
VIC,25 to 34,Cerebral Palsy,Core,642,224000,85.0,60,118517000,10.7,15.0,184606,0.5066,Medium Risk,643.0
VIC,25 to 34,Down Syndrome,Capacity Building,510,20000,64.0,135,6256000,3.7778,36.0,12267,0.3851,Low Risk,490.0
VIC,25 to 34,Down Syndrome,Capital,100,14000,74.0,11,0,9.0909,26.0,0,0.3938,Low Risk,150.0
VIC,25 to 34,Down Syndrome,Core,510,149000,82.0,67,60520000,7.6119,18.0,118667,0.4372,Medium Risk,511.0
VIC,25 to 34,Hearing Impairment,Capacity Building,765,5000,40.0,28,1655000,27.3214,60.0,2163,0.7268,High Risk,533.0
VIC,25 to 34,Hearing Impairment,Capital,213,7000,69.0,2,107000,106.5,31.0,502,0.6068,High Risk,144.0
VIC,25 to 34,Hearing Impairment,Core,802,10000,55.0,12,4681000,66.8333,45.0,5837,0.7337,High Risk,527.0
VIC,25 to 34,Intellectual Disability,Capacity Building,4959,21000,63.0,591,63388000,8.3909,37.0,12782,0.5258,Medium Risk,4721.0
VIC,25 to 34,Intellectual Disability,Capital,697,19000,79.0,66,8186000,10.5606,21.0,11745,0.4169,Low Risk,426.0
VIC,25 to 34,Intellectual Disability,Core,4867,120000,83.0,320,479508000,15.2094,17.0,98522,0.543,Medium Risk,4698.0
VIC,25 to 34,Multiple Sclerosis,Capacity Building,155,18000,61.0,15,952000,10.3333,39.0,6142,0.5687,High Risk,201.0
VIC,25 to 34,Multiple Sclerosis,Capital,43,20000,58.0,4,0,10.75,42.0,0,0.6225,High Risk,140.0
VIC,25 to 34,Multiple Sclerosis,Core,149,71000,79.0,5,4838000,29.8,21.0,32470,0.6196,High Risk,201.0
VIC,25 to 34,Other,Capacity Building,180,30000,67.0,32,2767000,5.625,33.0,15372,0.4779,Medium Risk,218.0
VIC,25 to 34,Other,Capital,113,31000,78.0,9,697000,12.5556,22.0,6168,0.5175,Medium Risk,170.0
VIC,25 to 34,Other,Core,177,112000,72.0,6,10613000,29.5,28.0,59960,0.7014,High Risk,221.0
VIC,25 to 34,Other Neurological,Capacity Building,407,25000,64.0,94,6207000,4.3298,36.0,15251,0.4372,Medium Risk,403.0
VIC,25 to 34,Other Neurological,Capital,220,29000,89.0,24,2917000,9.1667,11.0,13259,0.383,Low Risk,206.0
VIC,25 to 34,Other Neurological,Core,400,176000,79.0,30,52675000,13.3333,21.0,131688,0.5762,High Risk,403.0
VIC,25 to 34,Other Physical,Capacity Building,281,17000,63.0,37,2473000,7.5946,37.0,8801,0.474,Medium Risk,286.0
VIC,25 to 34,Other Physical,Capital,170,28000,59.0,10,879000,17.0,41.0,5171,0.7197,High Risk,168.0
VIC,25 to 34,Other Physical,Core,277,81000,76.0,12,13732000,23.0833,24.0,49574,0.6326,High Risk,288.0
VIC,25 to 34,Other Sensory/Speech,Capacity Building,10,21000,63.0,59,0,0.1695,37.0,0,0.2999,Low Risk,60.0
VIC,25 to 34,Other Sensory/Speech,Core,10,81000,79.0,24,0,0.4167,21.0,0,0.2385,Low Risk,50.0
VIC,25 to 34,Psychosocial Disability,Capacity Building,2477,24000,63.0,412,35585000,6.0121,37.0,14366,0.5033,Medium Risk,2428.0
VIC,25 to 34,Psychosocial Disability,Capital,64,28000,80.0,20,0,3.2,20.0,0,0.2761,Low Risk,130.0
VIC,25 to 34,Psychosocial Disability,Core,2418,87000,77.0,126,156738000,19.1905,23.0,64821,0.6068,High Risk,2326.0
VIC,25 to 34,Spinal Cord Injury,Capacity Building,85,23000,62.0,17,204000,5.0,38.0,2400,0.4748,Medium Risk,162.0
VIC,25 to 34,Spinal Cord Injury,Capital,68,48000,88.0,15,0,4.5333,12.0,0,0.2945,Low Risk,160.0
VIC,25 to 34,Spinal Cord Injury,Core,92,175000,81.0,5,5003000,18.4,19.0,54380,0.5914,High Risk,164.0
VIC,25 to 34,Stroke,Capacity Building,53,25000,76.0,9,0,5.8889,24.0,0,0.3924,Low Risk,130.0
VIC,25 to 34,Stroke,Capital,23,22000,59.0,2,0,11.5,41.0,0,0.6386,High Risk,80.0
VIC,25 to 34,Stroke,Core,54,124000,82.0,2,0,27.0,18.0,0,0.6071,High Risk,130.0
VIC,25 to 34,Visual Impairment,Capacity Building,294,11000,57.0,29,1617000,10.1379,43.0,5500,0.5752,High Risk,273.0
VIC,25 to 34,Visual Impairment,Capital,55,11000,54.0,22,0,2.5,46.0,0,0.3825,Low Risk,120.0
VIC,25 to 34,Visual Impairment,Core,301,42000,80.0,15,9159000,20.0667,20.0,30429,0.5673,High Risk,325.0
VIC,35 to 44,ABI,Capacity Building,671,30000,64.0,215,12802000,3.1209,36.0,19079,0.4181,Low Risk,681.0
VIC,35 to 44,ABI,Capital,204,27000,77.0,30,2453000,6.8,23.0,12025,0.4079,Low Risk,199.0
VIC,35 to 44,ABI,Core,674,166000,80.0,87,89462000,7.7471,20.0,132733,0.4649,Medium Risk,675.0
VIC,35 to 44,Autism,Capacity Building,2590,19000,64.0,313,28824000,8.2748,36.0,11129,0.4913,Medium Risk,2452.0
VIC,35 to 44,Autism,Capital,255,20000,84.0,38,3229000,6.7105,16.0,12663,0.3031,Low Risk,236.0
VIC,35 to 44,Autism,Core,2429,87000,83.0,167,177330000,14.5449,17.0,73005,0.5264,Medium Risk,2214.0
VIC,35 to 44,Cerebral Palsy,Capacity Building,547,23000,67.0,154,8227000,3.5519,33.0,15040,0.3779,Low Risk,548.0
VIC,35 to 44,Cerebral Palsy,Capital,420,29000,80.0,53,7010000,7.9245,20.0,16690,0.4085,Low Risk,367.0
VIC,35 to 44,Cerebral Palsy,Core,547,233000,86.0,72,108108000,7.5972,14.0,197638,0.4337,Medium Risk,557.0
VIC,35 to 44,Down Syndrome,Capacity Building,526,19000,64.0,158,6444000,3.3291,36.0,12251,0.357,Low Risk,505.0
VIC,35 to 44,Down Syndrome,Capital,154,14000,74.0,26,219000,5.9231,26.0,1422,0.3331,Low Risk,177.0
VIC,35 to 44,Down Syndrome,Core,531,186000,85.0,84,84073000,6.3214,15.0,158330,0.4058,Low Risk,535.0
VIC,35 to 44,Hearing Impairment,Capacity Building,631,6000,43.0,20,1502000,31.55,57.0,2380,0.7341,High Risk,477.0
VIC,35 to 44,Hearing Impairment,Capital,265,8000,42.0,3,101000,88.3333,58.0,381,0.7774,High Risk,159.0
VIC,35 to 44,Hearing Impairment,Core,639,13000,59.0,5,4639000,127.8,41.0,7260,0.7236,High Risk,507.0
VIC,35 to 44,Intellectual Disability,Capacity Building,3268,21000,64.0,507,43535000,6.4458,36.0,13322,0.4757,Medium Risk,3156.0
VIC,35 to 44,Intellectual Disability,Capital,706,19000,80.0,70,8622000,10.0857,20.0,12212,0.4016,Low Risk,505.0
VIC,35 to 44,Intellectual Disability,Core,3252,138000,83.0,307,376766000,10.5928,17.0,115857,0.4979,Medium Risk,3173.0
VIC,35 to 44,Multiple Sclerosis,Capacity Building,597,18000,66.0,51,6466000,11.7059,34.0,10831,0.5318,Medium Risk,578.0
VIC,35 to 44,Multiple Sclerosis,Capital,234,16000,61.0,6,1064000,39.0,39.0,4547,0.6876,High Risk,184.0
VIC,35 to 44,Multiple Sclerosis,Core,594,66000,73.0,8,27278000,74.25,27.0,45923,0.7112,High Risk,583.0
VIC,35 to 44,Other,Capacity Building,255,19000,56.0,34,1929000,7.5,44.0,7565,0.5544,Medium Risk,273.0
VIC,35 to 44,Other,Capital,160,26000,80.0,8,872000,20.0,20.0,5450,0.539,Medium Risk,166.0
VIC,35 to 44,Other,Core,255,91000,72.0,12,11991000,21.25,28.0,47024,0.6677,High Risk,276.0
VIC,35 to 44,Other Neurological,Capacity Building,453,22000,64.0,91,6101000,4.978,36.0,13468,0.434,Medium Risk,445.0
VIC,35 to 44,Other Neurological,Capital,263,22000,75.0,16,2193000,16.4375,25.0,8338,0.5418,Medium Risk,220.0
VIC,35 to 44,Other Neurological,Core,455,146000,78.0,36,49552000,12.6389,22.0,108905,0.5652,Medium Risk,456.0
VIC,35 to 44,Other Physical,Capacity Building,498,17000,61.0,78,4706000,6.3846,39.0,9450,0.4713,Medium Risk,489.0
VIC,35 to 44,Other Physical,Capital,331,22000,74.0,16,2760000,20.6875,26.0,8338,0.5756,High Risk,238.0
VIC,35 to 44,Other Physical,Core,493,76000,76.0,30,26662000,16.4333,24.0,54081,0.5936,High Risk,491.0
VIC,35 to 44,Other Sensory/Speech,Capacity Building,10,21000,63.0,2,0,5.0,37.0,0,0.4468,Medium Risk,20.0
VIC,35 to 44,Other Sensory/Speech,Capital,10,20000,74.0,2,0,5.0,26.0,0,0.3429,Low Risk,10.0
VIC,35 to 44,Other Sensory/Speech,Core,10,81000,79.0,2,0,5.0,21.0,0,0.3775,Low Risk,20.0
VIC,35 to 44,Psychosocial Disability,Capacity Building,4136,21000,63.0,501,55484000,8.2555,37.0,13415,0.5237,Medium Risk,4105.0
VIC,35 to 44,Psychosocial Disability,Capital,121,19000,72.0,24,0,5.0417,28.0,0,0.3567,Low Risk,150.0
VIC,35 to 44,Psychosocial Disability,Core,4099,79000,80.0,238,256848000,17.2227,20.0,62661,0.562,Medium Risk,4018.0
VIC,35 to 44,Spinal Cord Injury,Capacity Building,166,29000,74.0,49,2729000,3.3878,26.0,16440,0.3448,Low Risk,210.0
VIC,35 to 44,Spinal Cord Injury,Capital,141,35000,77.0,15,1418000,9.4,23.0,10057,0.4721,Medium Risk,171.0
VIC,35 to 44,Spinal Cord Injury,Core,170,182000,81.0,23,15570000,7.3913,19.0,91588,0.4507,Medium Risk,212.0
VIC,35 to 44,Stroke,Capacity Building,170,25000,67.0,36,1753000,4.7222,33.0,10312,0.4209,Low Risk,190.0
VIC,35 to 44,Stroke,Capital,93,28000,98.0,6,0,15.5,2.0,0,0.4602,Medium Risk,140.0
VIC,35 to 44,Stroke,Core,176,137000,79.0,9,10684000,19.5556,21.0,60705,0.6063,High Risk,189.0
VIC,35 to 44,Visual Impairment,Capacity Building,373,13000,65.0,60,2783000,6.2167,35.0,7461,0.4076,Low Risk,349.0
VIC,35 to 44,Visual Impairment,Capital,94,16000,83.0,4,0,23.5,17.0,0,0.4576,Medium Risk,160.0
VIC,35 to 44,Visual Impairment,Core,374,62000,84.0,31,17421000,12.0645,16.0,46580,0.4842,Medium Risk,386.0
VIC,45 to 54,ABI,Capacity Building,1196,27000,68.0,324,22311000,3.6914,32.0,18655,0.3942,Low Risk,1234.0
VIC,45 to 54,ABI,Capital,476,24000,75.0,57,5972000,8.3509,25.0,12546,0.4457,Medium Risk,344.0
VIC,45 to 54,ABI,Core,1205,164000,78.0,117,168226000,10.2991,22.0,139607,0.5435,Medium Risk,1222.0
VIC,45 to 54,Autism,Capacity Building,1215,19000,67.0,215,14280000,5.6512,33.0,11753,0.412,Low Risk,1179.0
VIC,45 to 54,Autism,Capital,125,14000,78.0,17,405000,7.3529,22.0,3240,0.3229,Low Risk,175.0
VIC,45 to 54,Autism,Core,1136,84000,83.0,97,81055000,11.7113,17.0,71351,0.4932,Medium Risk,1045.0
VIC,45 to 54,Cerebral Palsy,Capacity Building,484,24000,73.0,163,7791000,2.9693,27.0,16097,0.3198,Low Risk,495.0
VIC,45 to 54,Cerebral Palsy,Capital,371,28000,74.0,37,5507000,10.027,26.0,14844,0.5188,Medium Risk,320.0
VIC,45 to 54,Cerebral Palsy,Core,484,241000,87.0,68,95452000,7.1176,13.0,197215,0.4215,Low Risk,497.0
VIC,45 to 54,Down Syndrome,Capacity Building,355,21000,69.0,151,5095000,2.351,31.0,14352,0.3048,Low Risk,359.0
VIC,45 to 54,Down Syndrome,Capital,180,16000,76.0,28,1051000,6.4286,24.0,5839,0.331,Low Risk,213.0
VIC,45 to 54,Down Syndrome,Core,356,224000,88.0,75,71744000,4.7467,12.0,201528,0.3472,Low Risk,371.0
VIC,45 to 54,Hearing Impairment,Capacity Building,681,6000,45.0,31,1766000,21.9677,55.0,2593,0.6997,High Risk,508.0
VIC,45 to 54,Hearing Impairment,Capital,259,8000,65.0,18,156000,14.3889,35.0,602,0.5302,Medium Risk,138.0
VIC,45 to 54,Hearing Impairment,Core,695,14000,61.0,5,5747000,139.0,39.0,8269,0.7105,High Risk,539.0
VIC,45 to 54,Intellectual Disability,Capacity Building,2531,21000,67.0,476,36065000,5.3172,33.0,14249,0.4252,Low Risk,2503.0
VIC,45 to 54,Intellectual Disability,Capital,739,19000,80.0,71,10222000,10.4085,20.0,13832,0.405,Low Risk,631.0
VIC,45 to 54,Intellectual Disability,Core,2541,158000,86.0,293,352064000,8.6724,14.0,138553,0.4408,Medium Risk,2546.0
VIC,45 to 54,Multiple Sclerosis,Capacity Building,977,19000,65.0,118,11790000,8.2797,35.0,12068,0.4812,Medium Risk,954.0
VIC,45 to 54,Multiple Sclerosis,Capital,534,19000,80.0,22,5273000,24.2727,20.0,9875,0.5062,Medium Risk,363.0
VIC,45 to 54,Multiple Sclerosis,Core,969,90000,75.0,31,65811000,31.2581,25.0,67916,0.6749,High Risk,954.0
VIC,45 to 54,Other,Capacity Building,433,20000,60.0,71,5338000,6.0986,40.0,12328,0.5018,Medium Risk,426.0
VIC,45 to 54,Other,Capital,321,27000,82.0,15,3218000,21.4,18.0,10025,0.532,Medium Risk,251.0
VIC,45 to 54,Other,Core,425,116000,61.0,16,31295000,26.5625,39.0,73635,0.7965,High Risk,424.0
VIC,45 to 54,Other Neurological,Capacity Building,822,26000,64.0,174,14134000,4.7241,36.0,17195,0.452,Medium Risk,829.0
VIC,45 to 54,Other Neurological,Capital,504,25000,78.0,41,7652000,12.2927,22.0,15183,0.4945,Medium Risk,386.0
VIC,45 to 54,Other Neurological,Core,815,175000,76.0,57,110341000,14.2982,24.0,135388,0.6118,High Risk,815.0
VIC,45 to 54,Other Physical,Capacity Building,766,16000,66.0,107,8538000,7.1589,34.0,11146,0.4291,Low Risk,739.0
VIC,45 to 54,Other Physical,Capital,498,24000,83.0,22,4932000,22.6364,17.0,9904,0.5193,Medium Risk,344.0
VIC,45 to 54,Other Physical,Core,766,86000,82.0,34,53500000,22.5294,18.0,69843,0.5791,High Risk,742.0
VIC,45 to 54,Other Sensory/Speech,Capacity Building,10,21000,63.0,2,0,5.0,37.0,0,0.4468,Medium Risk,20.0
VIC,45 to 54,Other Sensory/Speech,Capital,10,20000,74.0,2,0,5.0,26.0,0,0.3429,Low Risk,10.0
VIC,45 to 54,Other Sensory/Speech,Core,10,81000,79.0,2,0,5.0,21.0,0,0.3775,Low Risk,20.0
VIC,45 to 54,Psychosocial Disability,Capacity Building,5570,20000,65.0,583,73187000,9.554,35.0,13139,0.5125,Medium Risk,5576.0
VIC,45 to 54,Psychosocial Disability,Capital,217,14000,77.0,19,1037000,11.4211,23.0,4779,0.4142,Low Risk,174.0
VIC,45 to 54,Psychosocial Disability,Core,5515,74000,79.0,332,326877000,16.6114,21.0,59271,0.566,Medium Risk,5484.0
VIC,45 to 54,Spinal Cord Injury,Capacity Building,229,21000,68.0,34,2319000,6.7353,32.0,10127,0.4468,Medium Risk,245.0
VIC,45 to 54,Spinal Cord Injury,Capital,190,28000,75.0,16,1417000,11.875,25.0,7458,0.5314,Medium Risk,190.0
VIC,45 to 54,Spinal Cord Injury,Core,234,183000,85.0,12,26708000,19.5,15.0,114137,0.5747,High Risk,248.0
VIC,45 to 54,Stroke,Capacity Building,434,24000,69.0,82,6918000,5.2927,31.0,15940,0.4306,Low Risk,440.0
VIC,45 to 54,Stroke,Capital,246,23000,79.0,20,2759000,12.3,21.0,11215,0.4743,Medium Risk,225.0
VIC,45 to 54,Stroke,Core,431,157000,78.0,17,50125000,25.3529,22.0,116299,0.648,High Risk,438.0
VIC,45 to 54,Visual Impairment,Capacity Building,500,11000,63.0,67,3306000,7.4627,37.0,6612,0.4482,Medium Risk,457.0
VIC,45 to 54,Visual Impairment,Capital,154,15000,68.0,5,0,30.8,32.0,0,0.6009,High Risk,160.0
VIC,45 to 54,Visual Impairment,Core,499,54000,83.0,22,20934000,22.6818,17.0,41952,0.5597,Medium Risk,500.0
VIC,55 to 64,ABI,Capacity Building,1630,25000,68.0,379,28133000,4.3008,32.0,17260,0.4007,Low Risk,1718.0
VIC,55 to 64,ABI,Capital,819,21000,77.0,66,10893000,12.4091,23.0,13300,0.4761,Medium Risk,629.0
VIC,55 to 64,ABI,Core,1646,194000,82.0,169,277734000,9.7396,18.0,168733,0.4855,Medium Risk,1732.0
VIC,55 to 64,Autism,Capacity Building,500,18000,64.0,137,5813000,3.6496,36.0,11626,0.3615,Low Risk,497.0
VIC,55 to 64,Autism,Capital,83,17000,75.0,12,315000,6.9167,25.0,3795,0.3581,Low Risk,166.0
VIC,55 to 64,Autism,Core,478,105000,84.0,64,41755000,7.4688,16.0,87354,0.4137,Low Risk,463.0
VIC,55 to 64,Cerebral Palsy,Capacity Building,421,23000,73.0,147,6934000,2.8639,27.0,16470,0.3095,Low Risk,432.0
VIC,55 to 64,Cerebral Palsy,Capital,349,28000,83.0,44,5630000,7.9318,17.0,16132,0.3818,Low Risk,324.0
VIC,55 to 64,Cerebral Palsy,Core,421,256000,89.0,80,97904000,5.2625,11.0,232551,0.3764,Low Risk,438.0
VIC,55 to 64,Developmental Delay,Capacity Building,10,21000,63.0,59,0,0.1695,37.0,0,0.2999,Low Risk,10.0
VIC,55 to 64,Developmental Delay,Capital,10,20000,74.0,16,0,0.625,26.0,0,0.2082,Low Risk,10.0
VIC,55 to 64,Developmental Delay,Core,10,81000,79.0,24,0,0.4167,21.0,0,0.2385,Low Risk,10.0
VIC,55 to 64,Down Syndrome,Capacity Building,207,26000,63.0,125,3291000,1.656,37.0,15899,0.3718,Low Risk,256.0
VIC,55 to 64,Down Syndrome,Capital,154,19000,78.0,29,1302000,5.3103,22.0,8455,0.309,Low Risk,202.0
VIC,55 to 64,Down Syndrome,Core,210,304000,81.0,72,53311000,2.9167,19.0,253862,0.3328,Low Risk,272.0
VIC,55 to 64,Hearing Impairment,Capacity Building,936,6000,50.0,55,2865000,17.0182,50.0,3061,0.6587,High Risk,706.0
VIC,55 to 64,Hearing Impairment,Capital,349,8000,64.0,1,182000,349.0,36.0,521,0.663,High Risk,186.0
VIC,55 to 64,Hearing Impairment,Core,952,16000,63.0,23,9282000,41.3913,37.0,9750,0.6668,High Risk,694.0
VIC,55 to 64,Intellectual Disability,Capacity Building,2420,21000,69.0,441,34580000,5.4875,31.0,14289,0.4122,Low Risk,2428.0
VIC,55 to 64,Intellectual Disability,Capital,988,18000,80.0,79,13104000,12.5063,20.0,13263,0.4218,Low Risk,871.0
VIC,55 to 64,Intellectual Disability,Core,2430,181000,87.0,296,402902000,8.2095,13.0,165803,0.4345,Medium Risk,2498.0
VIC,55 to 64,Multiple Sclerosis,Capacity Building,1267,21000,67.0,180,17924000,7.0389,33.0,14147,0.4625,Medium Risk,1268.0
VIC,55 to 64,Multiple Sclerosis,Capital,871,21000,69.0,35,10299000,24.8857,31.0,11824,0.6242,High Risk,631.0
VIC,55 to 64,Multiple Sclerosis,Core,1263,126000,79.0,77,132219000,16.4026,21.0,104686,0.5861,High Risk,1259.0
VIC,55 to 64,Other,Capacity Building,836,22000,63.0,148,11306000,5.6486,37.0,13524,0.48,Medium Risk,851.0
VIC,55 to 64,Other,Capital,594,28000,86.0,27,9410000,22.0,14.0,15842,0.5179,Medium Risk,440.0
VIC,55 to 64,Other,Core,828,153000,74.0,51,94838000,16.2353,26.0,114539,0.6406,High Risk,842.0
VIC,55 to 64,Other Neurological,Capacity Building,1839,25000,65.0,309,30397000,5.9515,35.0,16529,0.4838,Medium Risk,1909.0
VIC,55 to 64,Other Neurological,Capital,1063,23000,74.0,62,16231000,17.1452,26.0,15269,0.5638,Medium Risk,818.0
VIC,55 to 64,Other Neurological,Core,1824,180000,74.0,104,259009000,17.5385,26.0,142001,0.6551,High Risk,1901.0
VIC,55 to 64,Other Physical,Capacity Building,1305,16000,63.0,172,13567000,7.5872,37.0,10396,0.4682,Medium Risk,1297.0
VIC,55 to 64,Other Physical,Capital,976,21000,60.0,29,8970000,33.6552,40.0,9191,0.7323,High Risk,622.0
VIC,55 to 64,Other Physical,Core,1298,85000,76.0,68,88453000,19.0882,24.0,68146,0.6166,High Risk,1303.0
VIC,55 to 64,Other Sensory/Speech,Capacity Building,15,10000,49.0,2,0,7.5,51.0,0,0.5438,Medium Risk,70.0
VIC,55 to 64,Other Sensory/Speech,Capital,10,19000,51.5,2,0,5.0,48.5,0,0.5148,Medium Risk,
VIC,55 to 64,Other Sensory/Speech,Core,14,28000,54.0,2,0,7.0,46.0,0,0.6144,High Risk,70.0
VIC,55 to 64,Psychosocial Disability,Capacity Building,5384,19000,67.0,575,68077000,9.3635,33.0,12644,0.4817,Medium Risk,5421.0
VIC,55 to 64,Psychosocial Disability,Capital,381,11000,69.0,18,1620000,21.1667,31.0,4252,0.5481,Medium Risk,237.0
VIC,55 to 64,Psychosocial Disability,Core,5366,75000,81.0,284,336225000,18.8944,19.0,62658,0.5589,Medium Risk,5378.0
VIC,55 to 64,Spinal Cord Injury,Capacity Building,324,22000,64.0,58,4458000,5.5862,36.0,13759,0.467,Medium Risk,343.0
VIC,55 to 64,Spinal Cord Injury,Capital,292,32000,75.0,18,5603000,16.2222,25.0,19188,0.5825,High Risk,254.0
VIC,55 to 64,Spinal Cord Injury,Core,334,197000,81.0,15,51319000,22.2667,19.0,153650,0.615,High Risk,365.0
VIC,55 to 64,Stroke,Capacity Building,958,24000,70.0,179,15571000,5.352,30.0,16254,0.4242,Low Risk,978.0
VIC,55 to 64,Stroke,Capital,657,21000,75.0,31,7396000,21.1935,25.0,11257,0.5613,Medium Risk,454.0
VIC,55 to 64,Stroke,Core,955,168000,77.0,67,125018000,14.2537,23.0,130909,0.5986,High Risk,974.0
VIC,55 to 64,Visual Impairment,Capacity Building,747,11000,58.0,92,4752000,8.1196,42.0,6361,0.5119,Medium Risk,694.0
VIC,55 to 64,Visual Impairment,Capital,261,12000,82.0,6,471000,43.5,18.0,1805,0.4862,Medium Risk,184.0
VIC,55 to 64,Visual Impairment,Core,749,61000,80.0,31,36405000,24.1613,20.0,48605,0.5934,High Risk,752.0
VIC,65+,ABI,Capacity Building,817,23000,66.0,244,13552000,3.3484,34.0,16588,0.3809,Low Risk,891.0
VIC,65+,ABI,Capital,461,18000,73.0,37,4602000,12.4595,27.0,9983,0.4851,Medium Risk,347.0
VIC,65+,ABI,Core,824,172000,73.0,96,142703000,8.5833,27.0,173183,0.5462,Medium Risk,940.0
VIC,65+,Autism,Capacity Building,113,21000,70.0,59,893000,1.9153,30.0,7903,0.2866,Low Risk,186.0
VIC,65+,Autism,Capital,34,18000,96.0,7,0,4.8571,4.0,0,0.1958,Low Risk,100.0
VIC,65+,Autism,Core,112,153000,86.0,24,8533000,4.6667,14.0,76188,0.3396,Low Risk,183.0
VIC,65+,Cerebral Palsy,Capacity Building,197,22000,72.0,83,2535000,2.3735,28.0,12868,0.2908,Low Risk,245.0
VIC,65+,Cerebral Palsy,Capital,166,28000,75.0,30,1959000,5.5333,25.0,11801,0.4058,Low Risk,201.0
VIC,65+,Cerebral Palsy,Core,197,263000,85.0,37,40099000,5.3243,15.0,203548,0.392,Low Risk,249.0
VIC,65+,Developmental Delay,Core,10,81000,79.0,24,0,0.4167,21.0,0,0.2385,Low Risk,10.0
VIC,65+,Down Syndrome,Capacity Building,34,20000,63.0,21,0,1.619,37.0,0,0.3274,Low Risk,130.0
VIC,65+,Down Syndrome,Capital,30,16000,72.0,8,0,3.75,28.0,0,0.2845,Low Risk,130.0
VIC,65+,Down Syndrome,Core,34,321000,82.0,25,0,1.36,18.0,0,0.2796,Low Risk,140.0
VIC,65+,Hearing Impairment,Capacity Building,527,6000,46.0,25,1240000,21.08,54.0,2353,0.6944,High Risk,405.0
VIC,65+,Hearing Impairment,Capital,191,8000,58.0,1,81000,191.0,42.0,424,0.7225,High Risk,156.0
VIC,65+,Hearing Impairment,Core,564,14000,56.0,10,4059000,56.4,44.0,7197,0.7369,High Risk,434.0
VIC,65+,Intellectual Disability,Capacity Building,1311,20000,68.0,325,18660000,4.0338,32.0,14233,0.3572,Low Risk,1349.0
VIC,65+,Intellectual Disability,Capital,684,16000,78.0,52,8002000,13.1538,22.0,11699,0.4355,Medium Risk,623.0
VIC,65+,Intellectual Disability,Core,1323,202000,85.0,214,258681000,6.1822,15.0,195526,0.4062,Low Risk,1420.0
VIC,65+,Multiple Sclerosis,Capacity Building,679,21000,63.0,116,9375000,5.8534,37.0,13807,0.4763,Medium Risk,702.0
VIC,65+,Multiple Sclerosis,Capital,535,19000,80.0,24,5580000,22.2917,20.0,10430,0.4967,Medium Risk,418.0
VIC,65+,Multiple Sclerosis,Core,676,130000,71.0,46,71712000,14.6957,29.0,106083,0.6441,High Risk,719.0
VIC,65+,Other,Capacity Building,435,20000,59.0,104,5555000,4.1827,41.0,12770,0.4468,Medium Risk,466.0
VIC,65+,Other,Capital,280,24000,79.0,17,2368000,16.4706,21.0,8457,0.5189,Medium Risk,215.0
VIC,65+,Other,Core,433,134000,69.0,33,49573000,13.1212,31.0,114487,0.6477,High Risk,477.0
VIC,65+,Other Neurological,Capacity Building,1552,23000,62.0,291,23866000,5.3333,38.0,15378,0.4924,Medium Risk,1728.0
VIC,65+,Other Neurological,Capital,983,20000,74.0,46,11492000,21.3696,26.0,11691,0.5608,Medium Risk,727.0
VIC,65+,Other Neurological,Core,1540,161000,71.0,99,221854000,15.5556,29.0,144061,0.6589,High Risk,1745.0
VIC,65+,Other Physical,Capacity Building,1038,15000,60.0,159,9889000,6.5283,40.0,9527,0.4732,Medium Risk,1053.0
VIC,65+,Other Physical,Capital,834,20000,65.0,24,6290000,34.75,35.0,7542,0.6699,High Risk,550.0
VIC,65+,Other Physical,Core,1042,68000,73.0,52,58941000,20.0385,27.0,56565,0.6413,High Risk,1088.0
VIC,65+,Other Sensory/Speech,Capacity Building,10,21000,63.0,4,0,2.5,37.0,0,0.3675,Low Risk,80.0
VIC,65+,Other Sensory/Speech,Capital,10,20000,74.0,2,0,5.0,26.0,0,0.3429,Low Risk,20.0
VIC,65+,Other Sensory/Speech,Core,10,81000,79.0,1,0,10.0,21.0,0,0.492,Medium Risk,80.0
VIC,65+,Psychosocial Disability,Capacity Building,2358,17000,67.0,362,28784000,6.5138,33.0,12207,0.4129,Low Risk,2456.0
VIC,65+,Psychosocial Disability,Capital,247,11000,62.0,17,775000,14.5294,38.0,3138,0.5749,High Risk,191.0
VIC,65+,Psychosocial Disability,Core,2367,82000,75.0,151,175525000,15.6755,25.0,74155,0.6019,High Risk,2481.0
VIC,65+,Spinal Cord Injury,Capacity Building,220,19000,62.0,51,2480000,4.3137,38.0,11273,0.4106,Low Risk,249.0
VIC,65+,Spinal Cord Injury,Capital,197,26000,80.0,19,2339000,10.3684,20.0,11873,0.4583,Medium Risk,210.0
VIC,65+,Spinal Cord Injury,Core,220,159000,74.0,17,25205000,12.9412,26.0,114568,0.6138,High Risk,254.0
VIC,65+,Stroke,Capacity Building,739,22000,70.0,181,11915000,4.0829,30.0,16123,0.3594,Low Risk,789.0
VIC,65+,Stroke,Capital,549,20000,75.0,38,6160000,14.4474,25.0,11220,0.5086,Medium Risk,383.0
VIC,65+,Stroke,Core,738,165000,78.0,74,114717000,9.973,22.0,155443,0.5179,Medium Risk,814.0
VIC,65+,Visual Impairment,Capacity Building,574,10000,58.0,62,3122000,9.2581,42.0,5439,0.528,Medium Risk,523.0
VIC,65+,Visual Impairment,Capital,191,12000,75.0,4,282000,47.75,25.0,1476,0.5574,Medium Risk,154.0
VIC,65+,Visual Impairment,Core,580,46000,80.0,50,20364000,11.6,20.0,35110,0.5017,Medium Risk,578.0
VIC,9 to 14,ABI,Capacity Building,120,25000,58.0,25,846000,4.8,42.0,7050,0.5128,Medium Risk,181.0
VIC,9 to 14,ABI,Capital,37,11000,47.0,1,0,37.0,53.0,0,0.7491,High Risk,90.0
VIC,9 to 14,ABI,Core,111,50000,85.0,13,356000,8.5385,15.0,3207,0.4061,Low Risk,172.0
VIC,9 to 14,Autism,Capacity Building,33797,19000,61.0,690,354954000,48.9812,39.0,10503,0.7191,High Risk,32417.0
VIC,9 to 14,Autism,Capital,710,8000,52.0,2,1488000,355.0,48.0,2096,0.7614,High Risk,379.0
VIC,9 to 14,Autism,Core,30114,11000,78.0,84,292709000,358.5,22.0,9720,0.5514,Medium Risk,19911.0
VIC,9 to 14,Cerebral Palsy,Capacity Building,731,24000,65.0,77,11021000,9.4935,35.0,15077,0.5443,Medium Risk,714.0
VIC,9 to 14,Cerebral Palsy,Capital,514,23000,73.0,9,5185000,57.1111,27.0,10088,0.6533,High Risk,387.0
VIC,9 to 14,Cerebral Palsy,Core,712,52000,86.0,8,35488000,89.0,14.0,49843,0.6061,High Risk,624.0
VIC,9 to 14,Developmental Delay,Capacity Building,154,17000,43.0,11,1644000,14.0,57.0,10675,0.6947,High Risk,393.0
VIC,9 to 14,Developmental Delay,Capital,10,10000,59.5,11,0,0.9091,40.5,0,0.2934,Low Risk,10.0
VIC,9 to 14,Developmental Delay,Core,132,3000,76.0,11,208000,12.0,24.0,1576,0.4022,Low Risk,185.0
VIC,9 to 14,Disability_Missing,Capacity Building,154,21000,40.0,59,0,2.6102,60.0,0,0.4906,Medium Risk,
VIC,9 to 14,Down Syndrome,Capacity Building,343,23000,67.0,51,4696000,6.7255,33.0,13691,0.4711,Medium Risk,352.0
VIC,9 to 14,Down Syndrome,Capital,97,12000,41.0,28,0,3.4643,59.0,0,0.4575,Medium Risk,150.0
VIC,9 to 14,Down Syndrome,Core,340,29000,88.0,4,12298000,85.0,12.0,36171,0.5786,High Risk,350.0
VIC,9 to 14,Global Developmental Delay,Capacity Building,76,18000,54.0,13,658000,5.8462,46.0,8658,0.521,Medium Risk,188.0
VIC,9 to 14,Global Developmental Delay,Capital,10,11000,58.5,13,0,0.7692,41.5,0,0.3003,Low Risk,20.0
VIC,9 to 14,Global Developmental Delay,Core,74,4000,63.0,13,0,5.6923,37.0,0,0.3932,Low Risk,140.0
VIC,9 to 14,Hearing Impairment,Capacity Building,1115,11000,43.0,39,5116000,28.5897,57.0,4588,0.7432,High Risk,939.0
VIC,9 to 14,Hearing Impairment,Capital,47,2000,47.0,20,0,2.35,53.0,0,0.3814,Low Risk,70.0
VIC,9 to 14,Hearing Impairment,Core,1114,3000,59.0,2,2614000,557.0,41.0,2346,0.7055,High Risk,587.0
VIC,9 to 14,Intellectual Disability,Capacity Building,4103,21000,64.0,353,52010000,11.6232,36.0,12676,0.5801,High Risk,3934.0
VIC,9 to 14,Intellectual Disability,Capital,413,16000,70.0,4,2386000,103.25,30.0,5777,0.6273,High Risk,290.0
VIC,9 to 14,Intellectual Disability,Core,3754,21000,87.0,37,84039000,101.4595,13.0,22387,0.542,Medium Risk,2864.0
VIC,9 to 14,Multiple Sclerosis,Capacity Building,10,21000,63.0,59,0,0.1695,37.0,0,0.2999,Low Risk,
VIC,9 to 14,Multiple Sclerosis,Core,10,81000,79.0,24,0,0.4167,21.0,0,0.2385,Low Risk,
VIC,9 to 14,Other,Capacity Building,432,17000,55.0,37,3744000,11.6757,45.0,8667,0.6256,High Risk,435.0
VIC,9 to 14,Other,Capital,38,21000,42.0,19,0,2.0,58.0,0,0.4686,Medium Risk,120.0
VIC,9 to 14,Other,Core,383,11000,89.0,1,3292000,383.0,11.0,8595,0.4871,Medium Risk,230.0
VIC,9 to 14,Other Neurological,Capacity Building,421,23000,69.0,52,6360000,8.0962,31.0,15107,0.4803,Medium Risk,425.0
VIC,9 to 14,Other Neurological,Capital,184,27000,65.0,5,2039000,36.8,35.0,11082,0.7194,High Risk,200.0
VIC,9 to 14,Other Neurological,Core,395,54000,85.0,2,19060000,197.5,15.0,48253,0.62,High Risk,343.0
VIC,9 to 14,Other Physical,Capacity Building,338,17000,53.0,27,2963000,12.5185,47.0,8766,0.6468,High Risk,341.0
VIC,9 to 14,Other Physical,Capital,144,22000,67.0,6,476000,24.0,33.0,3306,0.6471,High Risk,157.0
VIC,9 to 14,Other Physical,Core,318,23000,80.0,3,6176000,106.0,20.0,19421,0.6006,High Risk,282.0
VIC,9 to 14,Other Sensory/Speech,Capacity Building,202,12000,51.0,23,995000,8.7826,49.0,4926,0.5662,Medium Risk,229.0
VIC,9 to 14,Other Sensory/Speech,Capital,10,7500,62.0,23,0,0.4348,38.0,0,0.2496,Low Risk,20.0
VIC,9 to 14,Other Sensory/Speech,Core,162,3000,73.0,23,100000,7.0435,27.0,617,0.3346,Low Risk,162.0
VIC,9 to 14,Psychosocial Disability,Capacity Building,26,22000,70.0,5,0,5.2,30.0,0,0.4049,Low Risk,140.0
VIC,9 to 14,Psychosocial Disability,Core,26,29000,67.0,5,0,5.2,33.0,0,0.465,Medium Risk,120.0
VIC,9 to 14,Spinal Cord Injury,Capacity Building,10,21000,63.0,59,0,0.1695,37.0,0,0.2999,Low Risk,40.0
VIC,9 to 14,Spinal Cord Injury,Capital,10,20000,74.0,16,0,0.625,26.0,0,0.2082,Low Risk,40.0
VIC,9 to 14,Spinal Cord Injury,Core,10,81000,79.0,24,0,0.4167,21.0,0,0.2385,Low Risk,40.0
VIC,9 to 14,Stroke,Capacity Building,24,20000,48.0,2,0,12.0,52.0,0,0.6871,High Risk,100.0
VIC,9 to 14,Stroke,Capital,10,16500,58.0,2,0,5.0,42.0,0,0.458,Medium Risk,50.0
VIC,9 to 14,Stroke,Core,23,13000,68.0,1,0,23.0,32.0,0,0.572,High Risk,80.0
VIC,9 to 14,Visual Impairment,Capacity Building,181,14000,53.0,10,1005000,18.1,47.0,5552,0.6782,High Risk,210.0
VIC,9 to 14,Visual Impairment,Capital,57,9000,56.0,6,0,9.5,44.0,0,0.5429,Medium Risk,130.0
VIC,9 to 14,Visual Impairment,Core,176,7000,90.0,2,1272000,88.0,10.0,7227,0.4566,Medium Risk,188.0
WA,0 to 8,ABI,Capacity Building,21,62000,59.0,2,0,10.5,41.0,0,0.6848,High Risk,80.0
WA,0 to 8,ABI,Capital,13,29000,97.0,2,0,6.5,3.0,0,0.3221,Low Risk,50.0
WA,0 to 8,ABI,Core,21,99000,100.0,2,0,10.5,0.0,0,0.4501,Medium Risk,70.0
WA,0 to 8,Autism,Capacity Building,4854,26000,68.0,138,75085000,35.1739,32.0,15469,0.6881,High Risk,4699.0
WA,0 to 8,Autism,Capital,735,6000,66.0,2,1461000,367.5,34.0,1988,0.6384,High Risk,357.0
WA,0 to 8,Autism,Core,4522,6000,78.0,18,26046000,251.2222,22.0,5760,0.5334,Medium Risk,2675.0
WA,0 to 8,Cerebral Palsy,Capacity Building,292,48000,72.0,17,7905000,17.1765,28.0,27072,0.6248,High Risk,299.0
WA,0 to 8,Cerebral Palsy,Capital,227,32000,80.0,6,3675000,37.8333,20.0,16189,0.6051,High Risk,227.0
WA,0 to 8,Cerebral Palsy,Core,282,63000,81.0,5,13889000,56.4,19.0,49252,0.6278,High Risk,257.0
WA,0 to 8,Developmental Delay,Capacity Building,5291,23000,62.0,93,62996000,56.8925,38.0,11906,0.7503,High Risk,5618.0
WA,0 to 8,Developmental Delay,Capital,354,7000,74.0,2,737000,177.0,26.0,2082,0.5733,High Risk,211.0
WA,0 to 8,Developmental Delay,Core,4787,2000,63.0,11,5041000,435.1818,37.0,1053,0.6633,High Risk,1731.0
WA,0 to 8,Down Syndrome,Capacity Building,177,27000,72.0,17,2809000,10.4118,28.0,15870,0.5346,Medium Risk,196.0
WA,0 to 8,Down Syndrome,Capital,81,8000,54.0,3,0,27.0,46.0,0,0.6911,High Risk,90.0
WA,0 to 8,Down Syndrome,Core,161,11000,80.0,2,1232000,80.5,20.0,7652,0.519,Medium Risk,156.0
WA,0 to 8,Global Developmental Delay,Capacity Building,1121,26000,64.0,70,16146000,16.0143,36.0,14403,0.6556,High Risk,1076.0
WA,0 to 8,Global Developmental Delay,Capital,190,10000,67.0,2,662000,95.0,33.0,3484,0.6308,High Risk,131.0
WA,0 to 8,Global Developmental Delay,Core,1013,6000,78.0,5,4203000,202.6,22.0,4149,0.5321,Medium Risk,446.0
WA,0 to 8,Hearing Impairment,Capacity Building,522,18000,51.0,27,3749000,19.3333,49.0,7182,0.7136,High Risk,454.0
WA,0 to 8,Hearing Impairment,Capital,28,8000,100.0,14,0,2.0,0.0,0,0.0718,Low Risk,80.0
WA,0 to 8,Hearing Impairment,Core,512,4000,38.0,2,531000,256.0,62.0,1037,0.7841,High Risk,258.0
WA,0 to 8,Intellectual Disability,Capacity Building,351,35000,72.0,51,7807000,6.8824,28.0,22242,0.4734,Medium Risk,348.0
WA,0 to 8,Intellectual Disability,Capital,156,17000,68.0,4,1214000,39.0,32.0,7782,0.6235,High Risk,143.0
WA,0 to 8,Intellectual Disability,Core,330,38000,75.0,7,8467000,47.1429,25.0,25658,0.6706,High Risk,244.0
WA,0 to 8,Other,Capacity Building,136,22000,68.0,9,1268000,15.1111,32.0,9324,0.5885,High Risk,168.0
WA,0 to 8,Other,Capital,33,11000,69.0,1,0,33.0,31.0,0,0.5841,High Risk,80.0
WA,0 to 8,Other,Core,119,5000,55.0,5,32000,23.8,45.0,269,0.6688,High Risk,93.0
WA,0 to 8,Other Neurological,Capacity Building,70,48000,84.0,5,1120000,14.0,16.0,16000,0.5003,Medium Risk,105.0
WA,0 to 8,Other Neurological,Capital,49,24000,61.0,5,0,9.8,39.0,0,0.5943,High Risk,100.0
WA,0 to 8,Other Neurological,Core,70,50000,68.0,5,0,14.0,32.0,0,0.6342,High Risk,100.0
WA,0 to 8,Other Physical,Capacity Building,56,23000,66.0,6,287000,9.3333,34.0,5125,0.5266,Medium Risk,92.0
WA,0 to 8,Other Physical,Capital,28,15000,28.0,1,0,28.0,72.0,0,0.7708,High Risk,60.0
WA,0 to 8,Other Physical,Core,53,7000,68.0,1,0,53.0,32.0,0,0.6008,High Risk,70.0
WA,0 to 8,Other Sensory/Speech,Capacity Building,15,21000,58.0,1,0,15.0,42.0,0,0.6777,High Risk,90.0
WA,0 to 8,Other Sensory/Speech,Capital,10,10500,65.0,1,0,10.0,35.0,0,0.4774,Medium Risk,10.0
WA,0 to 8,Other Sensory/Speech,Core,20,0,72.0,1,0,20.0,28.0,0,0.4945,Medium Risk,20.0
WA,0 to 8,Psychosocial Disability,Capacity Building,10,23000,59.0,30,0,0.3333,41.0,0,0.3603,Low Risk,10.0
WA,0 to 8,Psychosocial Disability,Core,10,88000,74.0,18,0,0.5556,26.0,0,0.2967,Low Risk,
WA,0 to 8,Spinal Cord Injury,Capacity Building,10,23000,59.0,30,0,0.3333,41.0,0,0.3603,Low Risk,30.0
WA,0 to 8,Spinal Cord Injury,Capital,10,18000,63.0,6,0,1.6667,37.0,0,0.3129,Low Risk,30.0
WA,0 to 8,Spinal Cord Injury,Core,10,88000,74.0,18,0,0.5556,26.0,0,0.2967,Low Risk,30.0
WA,0 to 8,Stroke,Capacity Building,10,23000,59.0,30,0,0.3333,41.0,0,0.3603,Low Risk,20.0
WA,0 to 8,Stroke,Capital,10,18000,63.0,6,0,1.6667,37.0,0,0.3129,Low Risk,10.0
WA,0 to 8,Stroke,Core,10,88000,74.0,18,0,0.5556,26.0,0,0.2967,Low Risk,10.0
WA,0 to 8,Visual Impairment,Capacity Building,38,24000,64.0,3,0,12.6667,36.0,0,0.6168,High Risk,90.0
WA,0 to 8,Visual Impairment,Capital,13,16000,76.5,3,0,4.3333,23.5,0,0.2596,Low Risk,50.0
WA,0 to 8,Visual Impairment,Core,38,9000,89.0,3,0,12.6667,11.0,0,0.3402,Low Risk,70.0
WA,15 to 18,ABI,Capacity Building,53,38000,70.0,23,347000,2.3043,30.0,6547,0.3514,Low Risk,111.0
WA,15 to 18,ABI,Capital,17,14000,60.0,1,0,17.0,40.0,0,0.6209,High Risk,50.0
WA,15 to 18,ABI,Core,49,113000,85.0,9,0,5.4444,15.0,0,0.3712,Low Risk,80.0
WA,15 to 18,Autism,Capacity Building,5394,23000,48.0,230,54865000,23.4522,52.0,10171,0.7919,High Risk,5093.0
WA,15 to 18,Autism,Capital,215,6000,70.0,2,179000,107.5,30.0,833,0.5954,High Risk,126.0
WA,15 to 18,Autism,Core,3897,26000,65.0,66,63267000,59.0455,35.0,16235,0.7341,High Risk,2665.0
WA,15 to 18,Cerebral Palsy,Capacity Building,212,28000,62.0,51,3829000,4.1569,38.0,18061,0.4677,Medium Risk,252.0
WA,15 to 18,Cerebral Palsy,Capital,159,24000,68.0,9,1458000,17.6667,32.0,9170,0.6211,High Risk,158.0
WA,15 to 18,Cerebral Palsy,Core,199,91000,80.0,13,12804000,15.3077,20.0,64342,0.5594,Medium Risk,189.0
WA,15 to 18,Developmental Delay,Core,10,88000,74.0,18,0,0.5556,26.0,0,0.2967,Low Risk,10.0
WA,15 to 18,Down Syndrome,Capacity Building,110,30000,65.0,22,1505000,5.0,35.0,13682,0.47,Medium Risk,141.0
WA,15 to 18,Down Syndrome,Capital,40,9000,41.0,1,0,40.0,59.0,0,0.7594,High Risk,80.0
WA,15 to 18,Down Syndrome,Core,106,58000,89.0,3,4649000,35.3333,11.0,43858,0.5692,High Risk,136.0
WA,15 to 18,Global Developmental Delay,Capacity Building,10,23000,59.0,30,0,0.3333,41.0,0,0.3603,Low Risk,10.0
WA,15 to 18,Global Developmental Delay,Core,10,88000,74.0,18,0,0.5556,26.0,0,0.2967,Low Risk,10.0
WA,15 to 18,Hearing Impairment,Capacity Building,192,9000,36.0,12,463000,16.0,64.0,2411,0.6912,High Risk,168.0
WA,15 to 18,Hearing Impairment,Capital,12,3000,0.0,8,0,1.5,100.0,0,0.3909,Low Risk,20.0
WA,15 to 18,Hearing Impairment,Core,220,5000,45.0,3,288000,73.3333,55.0,1309,0.7593,High Risk,126.0
WA,15 to 18,Intellectual Disability,Capacity Building,872,31000,54.0,128,13674000,6.8125,46.0,15681,0.6185,High Risk,841.0
WA,15 to 18,Intellectual Disability,Capital,139,14000,59.0,5,582000,27.8,41.0,4187,0.6772,High Risk,134.0
WA,15 to 18,Intellectual Disability,Core,726,59000,74.0,42,28976000,17.2857,26.0,39912,0.6142,High Risk,601.0
WA,15 to 18,Multiple Sclerosis,Capacity Building,10,23000,59.0,30,0,0.3333,41.0,0,0.3603,Low Risk,
WA,15 to 18,Multiple Sclerosis,Capital,10,18000,63.0,6,0,1.6667,37.0,0,0.3129,Low Risk,
WA,15 to 18,Multiple Sclerosis,Core,10,88000,74.0,18,0,0.5556,26.0,0,0.2967,Low Risk,
WA,15 to 18,Other,Capacity Building,44,20000,50.0,6,0,7.3333,50.0,0,0.5893,High Risk,110.0
WA,15 to 18,Other,Capital,14,17000,63.0,4,0,3.5,37.0,0,0.3618,Low Risk,60.0
WA,15 to 18,Other,Core,39,24000,78.0,1,0,39.0,22.0,0,0.598,High Risk,100.0
WA,15 to 18,Other Neurological,Capacity Building,98,30000,52.0,20,1120000,4.9,48.0,11429,0.5675,High Risk,144.0
WA,15 to 18,Other Neurological,Capital,51,21000,44.0,12,0,4.25,56.0,0,0.5303,Medium Risk,100.0
WA,15 to 18,Other Neurological,Core,94,54000,68.0,4,2286000,23.5,32.0,24319,0.692,High Risk,133.0
WA,15 to 18,Other Physical,Capacity Building,65,18000,51.0,6,52000,10.8333,49.0,800,0.6422,High Risk,125.0
WA,15 to 18,Other Physical,Capital,36,18000,12.0,4,0,9.0,88.0,0,0.6398,High Risk,80.0
WA,15 to 18,Other Physical,Core,60,28000,45.0,1,0,60.0,55.0,0,0.8726,High Risk,120.0
WA,15 to 18,Other Sensory/Speech,Capacity Building,22,16000,48.0,9,0,2.4444,52.0,0,0.4213,Low Risk,50.0
WA,15 to 18,Other Sensory/Speech,Capital,10,10000,48.0,9,0,1.1111,52.0,0,0.3624,Low Risk,
WA,15 to 18,Other Sensory/Speech,Core,15,4000,48.0,9,0,1.6667,52.0,0,0.3645,Low Risk,40.0
WA,15 to 18,Psychosocial Disability,Capacity Building,15,39000,37.0,4,0,3.75,63.0,0,0.5864,High Risk,90.0
WA,15 to 18,Psychosocial Disability,Core,12,138000,80.0,1,0,12.0,20.0,0,0.5387,Medium Risk,90.0
WA,15 to 18,Spinal Cord Injury,Capacity Building,10,23000,20.0,4,0,2.5,80.0,0,0.5159,Medium Risk,70.0
WA,15 to 18,Spinal Cord Injury,Capital,10,18000,20.0,4,0,2.5,80.0,0,0.4695,Medium Risk,70.0
WA,15 to 18,Spinal Cord Injury,Core,10,88000,20.0,4,0,2.5,80.0,0,0.5796,High Risk,70.0
WA,15 to 18,Stroke,Capacity Building,10,23000,59.0,1,0,10.0,41.0,0,0.6172,High Risk,50.0
WA,15 to 18,Stroke,Capital,10,18000,63.0,1,0,10.0,37.0,0,0.5309,Medium Risk,10.0
WA,15 to 18,Stroke,Core,10,88000,74.0,1,0,10.0,26.0,0,0.5474,Medium Risk,30.0
WA,15 to 18,Visual Impairment,Capacity Building,45,18000,44.0,3,0,15.0,56.0,0,0.707,High Risk,100.0
WA,15 to 18,Visual Impairment,Capital,21,7000,45.0,1,0,21.0,55.0,0,0.699,High Risk,50.0
WA,15 to 18,Visual Impairment,Core,39,12000,71.0,2,0,19.5,29.0,0,0.5255,Medium Risk,100.0
WA,19 to 24,ABI,Capacity Building,91,34000,59.0,29,997000,3.1379,41.0,10956,0.4788,Medium Risk,101.0
WA,19 to 24,ABI,Capital,25,14000,34.0,1,0,25.0,66.0,0,0.7554,High Risk,70.0
WA,19 to 24,ABI,Core,84,149000,76.0,11,5984000,7.6364,24.0,71238,0.494,Medium Risk,112.0
WA,19 to 24,Autism,Capacity Building,4242,26000,44.0,242,47705000,17.5289,56.0,11246,0.788,High Risk,3927.0
WA,19 to 24,Autism,Capital,185,11000,62.0,9,374000,20.5556,38.0,2022,0.6122,High Risk,107.0
WA,19 to 24,Autism,Core,3516,58000,74.0,121,145089000,29.0579,26.0,41265,0.6624,High Risk,2934.0
WA,19 to 24,Cerebral Palsy,Capacity Building,263,31000,59.0,51,4218000,5.1569,41.0,16038,0.5462,Medium Risk,279.0
WA,19 to 24,Cerebral Palsy,Capital,177,21000,58.0,15,1331000,11.8,42.0,7520,0.6457,High Risk,158.0
WA,19 to 24,Cerebral Palsy,Core,259,150000,80.0,33,25634000,7.8485,20.0,98973,0.4611,Medium Risk,253.0
WA,19 to 24,Down Syndrome,Capacity Building,138,34000,57.0,33,2219000,4.1818,43.0,16080,0.5318,Medium Risk,166.0
WA,19 to 24,Down Syndrome,Capital,40,8000,40.0,22,0,1.8182,60.0,0,0.3984,Low Risk,70.0
WA,19 to 24,Down Syndrome,Core,138,125000,80.0,11,7903000,12.5455,20.0,57268,0.5436,Medium Risk,164.0
WA,19 to 24,Hearing Impairment,Capacity Building,183,10000,24.0,9,283000,20.3333,76.0,1546,0.7271,High Risk,149.0
WA,19 to 24,Hearing Impairment,Capital,16,3000,42.0,1,0,16.0,58.0,0,0.6678,High Risk,30.0
WA,19 to 24,Hearing Impairment,Core,212,6000,25.0,5,271000,42.4,75.0,1278,0.7647,High Risk,152.0
WA,19 to 24,Intellectual Disability,Capacity Building,1426,34000,51.0,196,24252000,7.2755,49.0,17007,0.6489,High Risk,1349.0
WA,19 to 24,Intellectual Disability,Capital,179,13000,68.0,13,611000,13.7692,32.0,3413,0.5155,Medium Risk,125.0
WA,19 to 24,Intellectual Disability,Core,1306,111000,75.0,110,103671000,11.8727,25.0,79381,0.5801,High Risk,1198.0
WA,19 to 24,Multiple Sclerosis,Capacity Building,10,23000,59.0,30,0,0.3333,41.0,0,0.3603,Low Risk,40.0
WA,19 to 24,Multiple Sclerosis,Core,10,88000,74.0,18,0,0.5556,26.0,0,0.2967,Low Risk,30.0
WA,19 to 24,Other,Capacity Building,49,23000,49.0,5,0,9.8,51.0,0,0.6616,High Risk,100.0
WA,19 to 24,Other,Capital,25,18000,23.0,2,0,12.5,77.0,0,0.703,High Risk,50.0
WA,19 to 24,Other,Core,47,70000,65.0,3,0,15.6667,35.0,0,0.678,High Risk,100.0
WA,19 to 24,Other Neurological,Capacity Building,121,30000,52.0,28,1346000,4.3214,48.0,11124,0.5521,Medium Risk,163.0
WA,19 to 24,Other Neurological,Capital,69,26000,78.0,3,248000,23.0,22.0,3594,0.5721,High Risk,71.0
WA,19 to 24,Other Neurological,Core,113,126000,69.0,8,6843000,14.125,31.0,60558,0.655,High Risk,152.0
WA,19 to 24,Other Physical,Capacity Building,87,22000,49.0,13,395000,6.6923,51.0,4540,0.5988,High Risk,113.0
WA,19 to 24,Other Physical,Capital,52,20000,60.0,2,0,26.0,40.0,0,0.7041,High Risk,100.0
WA,19 to 24,Other Physical,Core,83,55000,71.0,4,0,20.75,29.0,0,0.6534,High Risk,110.0
WA,19 to 24,Other Sensory/Speech,Capacity Building,10,23000,59.0,30,0,0.3333,41.0,0,0.3603,Low Risk,30.0
WA,19 to 24,Other Sensory/Speech,Core,10,88000,74.0,18,0,0.5556,26.0,0,0.2967,Low Risk,30.0
WA,19 to 24,Psychosocial Disability,Capacity Building,117,38000,54.0,44,1764000,2.6591,46.0,15077,0.5057,Medium Risk,150.0
WA,19 to 24,Psychosocial Disability,Capital,10,96500,64.0,31,0,0.3226,36.0,0,0.3746,Low Risk,20.0
WA,19 to 24,Psychosocial Disability,Core,116,155000,74.0,18,8671000,6.4444,26.0,74750,0.4923,Medium Risk,143.0
WA,19 to 24,Spinal Cord Injury,Capacity Building,24,28000,51.0,6,0,4.0,49.0,0,0.5429,Medium Risk,90.0
WA,19 to 24,Spinal Cord Injury,Capital,23,33000,79.0,4,0,5.75,21.0,0,0.3855,Low Risk,80.0
WA,19 to 24,Spinal Cord Injury,Core,23,142000,52.0,2,0,11.5,48.0,0,0.7707,High Risk,90.0
WA,19 to 24,Stroke,Capacity Building,10,23000,59.0,2,0,5.0,41.0,0,0.5027,Medium Risk,40.0
WA,19 to 24,Stroke,Capital,10,18000,63.0,2,0,5.0,37.0,0,0.4163,Low Risk,30.0
WA,19 to 24,Stroke,Core,10,88000,74.0,2,0,5.0,26.0,0,0.4329,Medium Risk,40.0
WA,19 to 24,Visual Impairment,Capacity Building,64,15000,35.0,8,0,8.0,65.0,0,0.5959,High Risk,100.0
WA,19 to 24,Visual Impairment,Capital,16,16000,90.0,6,0,2.6667,10.0,0,0.1294,Low Risk,30.0
WA,19 to 24,Visual Impairment,Core,65,25000,82.0,4,0,16.25,18.0,0,0.4952,Medium Risk,100.0
WA,25 to 34,ABI,Capacity Building,163,30000,57.0,55,1848000,2.9636,43.0,11337,0.4879,Medium Risk,175.0
WA,25 to 34,ABI,Capital,51,22000,50.0,3,0,17.0,50.0,0,0.7423,High Risk,100.0
WA,25 to 34,ABI,Core,164,174000,84.0,26,14719000,6.3077,16.0,89750,0.4075,Low Risk,174.0
WA,25 to 34,Autism,Capacity Building,2520,20000,56.0,208,27186000,12.1154,44.0,10788,0.6534,High Risk,2320.0
WA,25 to 34,Autism,Capital,139,12000,50.0,8,133000,17.375,50.0,957,0.6796,High Risk,81.0
WA,25 to 34,Autism,Core,2308,82000,77.0,137,145455000,16.8467,23.0,63022,0.5878,High Risk,2087.0
WA,25 to 34,Cerebral Palsy,Capacity Building,280,25000,63.0,59,4182000,4.7458,37.0,14936,0.4597,Medium Risk,288.0
WA,25 to 34,Cerebral Palsy,Capital,211,30000,76.0,30,2980000,7.0333,24.0,14123,0.4332,Medium Risk,172.0
WA,25 to 34,Cerebral Palsy,Core,273,211000,86.0,47,46674000,5.8085,14.0,170967,0.3962,Low Risk,286.0
WA,25 to 34,Down Syndrome,Capacity Building,241,23000,67.0,78,3260000,3.0897,33.0,13527,0.3612,Low Risk,247.0
WA,25 to 34,Down Syndrome,Capital,57,13000,54.0,4,0,14.25,46.0,0,0.6421,High Risk,90.0
WA,25 to 34,Down Syndrome,Core,244,171000,79.0,45,30240000,5.4222,21.0,123934,0.4277,Low Risk,266.0
WA,25 to 34,Hearing Impairment,Capacity Building,218,7000,29.0,5,309000,43.6,71.0,1417,0.7679,High Risk,183.0
WA,25 to 34,Hearing Impairment,Capital,74,7000,75.0,1,0,74.0,25.0,0,0.5529,Medium Risk,80.0
WA,25 to 34,Hearing Impairment,Core,236,9000,37.0,2,503000,118.0,63.0,2131,0.793,High Risk,162.0
WA,25 to 34,Intellectual Disability,Capacity Building,1721,23000,59.0,255,24269000,6.749,41.0,14102,0.5499,Medium Risk,1584.0
WA,25 to 34,Intellectual Disability,Capital,261,18000,57.0,28,1756000,9.3214,43.0,6728,0.5713,High Risk,157.0
WA,25 to 34,Intellectual Disability,Core,1680,135000,81.0,188,183168000,8.9362,19.0,109029,0.4659,Medium Risk,1610.0
WA,25 to 34,Multiple Sclerosis,Capacity Building,56,21000,54.0,5,164000,11.2,46.0,2929,0.6617,High Risk,92.0
WA,25 to 34,Multiple Sclerosis,Capital,30,13000,52.0,1,0,30.0,48.0,0,0.7258,High Risk,60.0
WA,25 to 34,Multiple Sclerosis,Core,58,62000,69.0,4,580000,14.5,31.0,10000,0.6334,High Risk,92.0
WA,25 to 34,Other,Capacity Building,69,21000,52.0,12,343000,5.75,48.0,4971,0.5609,Medium Risk,125.0
WA,25 to 34,Other,Capital,46,34000,58.0,1,0,46.0,42.0,0,0.8198,High Risk,110.0
WA,25 to 34,Other,Core,69,73000,63.0,7,891000,9.8571,37.0,12913,0.618,High Risk,113.0
WA,25 to 34,Other Neurological,Capacity Building,168,24000,62.0,54,2194000,3.1111,38.0,13060,0.4198,Low Risk,186.0
WA,25 to 34,Other Neurological,Capital,90,32000,82.0,13,221000,6.9231,18.0,2456,0.3791,Low Risk,123.0
WA,25 to 34,Other Neurological,Core,163,220000,76.0,36,23443000,4.5278,24.0,143822,0.4247,Low Risk,191.0
WA,25 to 34,Other Physical,Capacity Building,114,19000,57.0,19,1020000,6.0,43.0,8947,0.5187,Medium Risk,142.0
WA,25 to 34,Other Physical,Capital,75,29000,76.0,6,0,12.5,24.0,0,0.5321,Medium Risk,100.0
WA,25 to 34,Other Physical,Core,112,74000,69.0,11,4522000,10.1818,31.0,40375,0.5886,High Risk,146.0
WA,25 to 34,Other Sensory/Speech,Capacity Building,10,23000,59.0,1,0,10.0,41.0,0,0.6172,High Risk,20.0
WA,25 to 34,Other Sensory/Speech,Capital,10,18000,63.0,2,0,5.0,37.0,0,0.4163,Low Risk,
WA,25 to 34,Other Sensory/Speech,Core,10,88000,74.0,2,0,5.0,26.0,0,0.4329,Medium Risk,30.0
WA,25 to 34,Psychosocial Disability,Capacity Building,767,28000,56.0,126,11682000,6.0873,44.0,15231,0.586,High Risk,752.0
WA,25 to 34,Psychosocial Disability,Capital,31,50000,85.0,6,0,5.1667,15.0,0,0.3381,Low Risk,60.0
WA,25 to 34,Psychosocial Disability,Core,764,113000,74.0,102,63227000,7.4902,26.0,82758,0.5044,Medium Risk,724.0
WA,25 to 34,Spinal Cord Injury,Capacity Building,68,29000,54.0,13,154000,5.2308,46.0,2265,0.5797,High Risk,112.0
WA,25 to 34,Spinal Cord Injury,Capital,61,47000,81.0,7,0,8.7143,19.0,0,0.4311,Low Risk,100.0
WA,25 to 34,Spinal Cord Injury,Core,68,201000,69.0,11,4723000,6.1818,31.0,69456,0.5348,Medium Risk,113.0
WA,25 to 34,Stroke,Capacity Building,10,23000,59.0,2,0,5.0,41.0,0,0.5027,Medium Risk,70.0
WA,25 to 34,Stroke,Capital,10,18000,63.0,2,0,5.0,37.0,0,0.4163,Low Risk,20.0
WA,25 to 34,Stroke,Core,10,88000,74.0,2,0,5.0,26.0,0,0.4329,Medium Risk,70.0
WA,25 to 34,Visual Impairment,Capacity Building,87,14000,41.0,9,112000,9.6667,59.0,1287,0.6127,High Risk,105.0
WA,25 to 34,Visual Impairment,Capital,23,17000,22.0,6,0,3.8333,78.0,0,0.5026,Medium Risk,80.0
WA,25 to 34,Visual Impairment,Core,89,48000,76.0,3,2201000,29.6667,24.0,24730,0.6409,High Risk,115.0
WA,35 to 44,ABI,Capacity Building,281,31000,65.0,101,4984000,2.7822,35.0,17737,0.402,Low Risk,293.0
WA,35 to 44,ABI,Capital,97,21000,84.0,10,484000,9.7,16.0,4990,0.3669,Low Risk,130.0
WA,35 to 44,ABI,Core,281,203000,83.0,63,41189000,4.4603,17.0,146580,0.3582,Low Risk,301.0
WA,35 to 44,Autism,Capacity Building,1090,19000,61.0,128,11411000,8.5156,39.0,10469,0.5289,Medium Risk,1017.0
WA,35 to 44,Autism,Capital,70,14000,62.0,9,0,7.7778,38.0,0,0.476,Medium Risk,60.0
WA,35 to 44,Autism,Core,1009,88000,83.0,85,71693000,11.8706,17.0,71054,0.4993,Medium Risk,913.0
WA,35 to 44,Cerebral Palsy,Capacity Building,207,27000,66.0,77,3261000,2.6883,34.0,15754,0.3802,Low Risk,231.0
WA,35 to 44,Cerebral Palsy,Capital,164,29000,79.0,33,2622000,4.9697,21.0,15988,0.3385,Low Risk,165.0
WA,35 to 44,Cerebral Palsy,Core,205,264000,86.0,49,39359000,4.1837,14.0,191995,0.3413,Low Risk,230.0
WA,35 to 44,Down Syndrome,Capacity Building,176,18000,58.0,63,1653000,2.7937,42.0,9392,0.3984,Low Risk,180.0
WA,35 to 44,Down Syndrome,Capital,33,11000,59.0,4,0,8.25,41.0,0,0.5027,Medium Risk,80.0
WA,35 to 44,Down Syndrome,Core,177,164000,83.0,46,21567000,3.8478,17.0,121847,0.3345,Low Risk,201.0
WA,35 to 44,Hearing Impairment,Capacity Building,217,7000,48.0,12,449000,18.0833,52.0,2069,0.6759,High Risk,180.0
WA,35 to 44,Hearing Impairment,Capital,92,9000,57.0,7,0,13.1429,43.0,0,0.6062,High Risk,110.0
WA,35 to 44,Hearing Impairment,Core,219,16000,54.0,2,1208000,109.5,46.0,5516,0.7684,High Risk,185.0
WA,35 to 44,Intellectual Disability,Capacity Building,1132,23000,62.0,221,16677000,5.1222,38.0,14732,0.4858,Medium Risk,1059.0
WA,35 to 44,Intellectual Disability,Capital,285,19000,66.0,30,2219000,9.5,34.0,7786,0.4918,Medium Risk,189.0
WA,35 to 44,Intellectual Disability,Core,1129,160000,86.0,167,154914000,6.7605,14.0,137213,0.4055,Low Risk,1111.0
WA,35 to 44,Multiple Sclerosis,Capacity Building,162,17000,58.0,13,1394000,12.4615,42.0,8605,0.6154,High Risk,186.0
WA,35 to 44,Multiple Sclerosis,Capital,72,15000,68.0,2,0,36.0,32.0,0,0.61,High Risk,100.0
WA,35 to 44,Multiple Sclerosis,Core,159,48000,66.0,5,3910000,31.8,34.0,24591,0.7283,High Risk,175.0
WA,35 to 44,Other,Capacity Building,129,20000,57.0,15,1150000,8.6,43.0,8915,0.5802,High Risk,166.0
WA,35 to 44,Other,Capital,93,31000,83.0,3,225000,31.0,17.0,2419,0.5676,High Risk,113.0
WA,35 to 44,Other,Core,128,88000,67.0,8,6690000,16.0,33.0,52266,0.675,High Risk,165.0
WA,35 to 44,Other Neurological,Capacity Building,206,26000,62.0,54,3024000,3.8148,38.0,14680,0.452,Medium Risk,231.0
WA,35 to 44,Other Neurological,Capital,126,22000,62.0,12,1173000,10.5,38.0,9310,0.5986,High Risk,130.0
WA,35 to 44,Other Neurological,Core,208,169000,82.0,28,24454000,7.4286,18.0,117567,0.4413,Medium Risk,228.0
WA,35 to 44,Other Physical,Capacity Building,177,19000,60.0,33,1779000,5.3636,40.0,10051,0.4751,Medium Risk,202.0
WA,35 to 44,Other Physical,Capital,139,30000,69.0,6,754000,23.1667,31.0,5424,0.6632,High Risk,122.0
WA,35 to 44,Other Physical,Core,178,78000,74.0,18,9212000,9.8889,26.0,51753,0.5266,Medium Risk,203.0
WA,35 to 44,Other Sensory/Speech,Capacity Building,10,23000,59.0,30,0,0.3333,41.0,0,0.3603,Low Risk,10.0
WA,35 to 44,Other Sensory/Speech,Core,10,88000,74.0,18,0,0.5556,26.0,0,0.2967,Low Risk,10.0
WA,35 to 44,Psychosocial Disability,Capacity Building,1274,25000,60.0,175,18867000,7.28,40.0,14809,0.5645,Medium Risk,1268.0
WA,35 to 44,Psychosocial Disability,Capital,35,15000,71.0,5,0,7.0,29.0,0,0.3809,Low Risk,70.0
WA,35 to 44,Psychosocial Disability,Core,1259,102000,74.0,168,93449000,7.494,26.0,74225,0.5,Medium Risk,1216.0
WA,35 to 44,Spinal Cord Injury,Capacity Building,130,29000,61.0,41,1681000,3.1707,39.0,12931,0.4518,Medium Risk,154.0
WA,35 to 44,Spinal Cord Injury,Capital,121,44000,79.0,11,2325000,11.0,21.0,19215,0.5037,Medium Risk,133.0
WA,35 to 44,Spinal Cord Injury,Core,132,226000,78.0,16,17230000,8.25,22.0,130530,0.5008,Medium Risk,156.0
WA,35 to 44,Stroke,Capacity Building,64,27000,68.0,4,281000,16.0,32.0,4391,0.623,High Risk,124.0
WA,35 to 44,Stroke,Capital,41,19000,77.0,3,0,13.6667,23.0,0,0.4696,Medium Risk,90.0
WA,35 to 44,Stroke,Core,62,136000,74.0,1,2316000,62.0,26.0,37355,0.7237,High Risk,122.0
WA,35 to 44,Visual Impairment,Capacity Building,119,14000,47.0,9,482000,13.2222,53.0,4050,0.6655,High Risk,133.0
WA,35 to 44,Visual Impairment,Capital,38,11000,32.0,1,0,38.0,68.0,0,0.7735,High Risk,90.0
WA,35 to 44,Visual Impairment,Core,121,61000,74.0,10,3686000,12.1,26.0,30463,0.5705,High Risk,146.0
WA,45 to 54,ABI,Capacity Building,412,28000,69.0,132,7586000,3.1212,31.0,18413,0.3685,Low Risk,432.0
WA,45 to 54,ABI,Capital,195,22000,76.0,15,2247000,13.0,24.0,11523,0.505,Medium Risk,178.0
WA,45 to 54,ABI,Core,407,211000,81.0,99,67485000,4.1111,19.0,165811,0.3637,Low Risk,427.0
WA,45 to 54,Autism,Capacity Building,419,19000,62.0,82,4340000,5.1098,38.0,10358,0.4481,Medium Risk,415.0
WA,45 to 54,Autism,Capital,32,24000,68.0,3,0,10.6667,32.0,0,0.5567,Medium Risk,70.0
WA,45 to 54,Autism,Core,401,84000,84.0,57,27295000,7.0351,16.0,68067,0.3962,Low Risk,378.0
WA,45 to 54,Cerebral Palsy,Capacity Building,168,26000,70.0,57,2491000,2.9474,30.0,14827,0.3491,Low Risk,199.0
WA,45 to 54,Cerebral Palsy,Capital,142,31000,71.0,19,1711000,7.4737,29.0,12049,0.4839,Medium Risk,157.0
WA,45 to 54,Cerebral Palsy,Core,168,256000,89.0,36,32232000,4.6667,11.0,191857,0.3441,Low Risk,199.0
WA,45 to 54,Down Syndrome,Capacity Building,118,24000,63.0,72,1587000,1.6389,37.0,13449,0.3622,Low Risk,152.0
WA,45 to 54,Down Syndrome,Capital,38,16000,51.0,6,0,6.3333,49.0,0,0.5331,Medium Risk,110.0
WA,45 to 54,Down Syndrome,Core,121,227000,84.0,51,20119000,2.3725,16.0,166273,0.292,Low Risk,158.0
WA,45 to 54,Hearing Impairment,Capacity Building,254,7000,43.0,14,623000,18.1429,57.0,2453,0.6888,High Risk,203.0
WA,45 to 54,Hearing Impairment,Capital,115,8000,65.0,10,0,11.5,35.0,0,0.499,Medium Risk,80.0
WA,45 to 54,Hearing Impairment,Core,248,16000,55.0,5,1746000,49.6,45.0,7040,0.7459,High Risk,210.0
WA,45 to 54,Intellectual Disability,Capacity Building,782,22000,63.0,195,11146000,4.0103,37.0,14253,0.4221,Low Risk,748.0
WA,45 to 54,Intellectual Disability,Capital,209,20000,75.0,22,2382000,9.5,25.0,11397,0.4304,Low Risk,143.0
WA,45 to 54,Intellectual Disability,Core,788,177000,84.0,161,120146000,4.8944,16.0,152470,0.3595,Low Risk,792.0
WA,45 to 54,Multiple Sclerosis,Capacity Building,274,19000,55.0,24,2559000,11.4167,45.0,9339,0.638,High Risk,285.0
WA,45 to 54,Multiple Sclerosis,Capital,159,17000,50.0,11,593000,14.4545,50.0,3730,0.6784,High Risk,117.0
WA,45 to 54,Multiple Sclerosis,Core,272,71000,74.0,14,11600000,19.4286,26.0,42647,0.629,High Risk,284.0
WA,45 to 54,Other,Capacity Building,188,22000,58.0,23,1990000,8.1739,42.0,10585,0.5813,High Risk,196.0
WA,45 to 54,Other,Capital,139,26000,62.0,7,521000,19.8571,38.0,3748,0.7003,High Risk,125.0
WA,45 to 54,Other,Core,183,110000,70.0,6,11508000,30.5,30.0,62885,0.7175,High Risk,183.0
WA,45 to 54,Other Neurological,Capacity Building,335,26000,59.0,69,5509000,4.8551,41.0,16445,0.5068,Medium Risk,363.0
WA,45 to 54,Other Neurological,Capital,228,32000,72.0,24,4631000,9.5,28.0,20311,0.5147,Medium Risk,214.0
WA,45 to 54,Other Neurological,Core,333,180000,73.0,50,42642000,6.66,27.0,128054,0.511,Medium Risk,360.0
WA,45 to 54,Other Physical,Capacity Building,293,16000,57.0,44,2738000,6.6591,43.0,9345,0.51,Medium Risk,297.0
WA,45 to 54,Other Physical,Capital,233,26000,82.0,14,2571000,16.6429,18.0,11034,0.5012,Medium Risk,183.0
WA,45 to 54,Other Physical,Core,290,89000,73.0,29,18025000,10.0,27.0,62155,0.5574,Medium Risk,291.0
WA,45 to 54,Other Sensory/Speech,Capacity Building,10,23000,59.0,30,0,0.3333,41.0,0,0.3603,Low Risk,10.0
WA,45 to 54,Other Sensory/Speech,Core,10,88000,74.0,18,0,0.5556,26.0,0,0.2967,Low Risk,10.0
WA,45 to 54,Psychosocial Disability,Capacity Building,1436,22000,58.0,175,18520000,8.2057,42.0,12897,0.5819,High Risk,1430.0
WA,45 to 54,Psychosocial Disability,Capital,49,15000,70.0,6,0,8.1667,30.0,0,0.41,Low Risk,70.0
WA,45 to 54,Psychosocial Disability,Core,1429,91000,77.0,152,98148000,9.4013,23.0,68683,0.4998,Medium Risk,1405.0
WA,45 to 54,Spinal Cord Injury,Capacity Building,167,25000,64.0,32,2305000,5.2188,36.0,13802,0.4779,Medium Risk,198.0
WA,45 to 54,Spinal Cord Injury,Capital,156,34000,75.0,11,2338000,14.1818,25.0,14987,0.5704,High Risk,167.0
WA,45 to 54,Spinal Cord Injury,Core,167,211000,78.0,19,23085000,8.7895,22.0,138234,0.5087,Medium Risk,201.0
WA,45 to 54,Stroke,Capacity Building,159,25000,63.0,26,1954000,6.1154,37.0,12289,0.5094,Medium Risk,177.0
WA,45 to 54,Stroke,Capital,94,25000,90.0,5,533000,18.8,10.0,5670,0.4766,Medium Risk,113.0
WA,45 to 54,Stroke,Core,156,150000,67.0,16,12837000,9.75,33.0,82288,0.6054,High Risk,174.0
WA,45 to 54,Visual Impairment,Capacity Building,167,11000,55.0,19,825000,8.7895,45.0,4940,0.543,Medium Risk,179.0
WA,45 to 54,Visual Impairment,Capital,63,10000,27.0,1,0,63.0,73.0,0,0.7912,High Risk,100.0
WA,45 to 54,Visual Impairment,Core,167,59000,74.0,15,6265000,11.1333,26.0,37515,0.5576,Medium Risk,197.0
WA,55 to 64,ABI,Capacity Building,486,29000,66.0,135,8870000,3.6,34.0,18251,0.4143,Low Risk,513.0
WA,55 to 64,ABI,Capital,283,24000,67.0,31,3400000,9.129,33.0,12014,0.523,Medium Risk,231.0
WA,55 to 64,ABI,Core,485,234000,79.0,109,84907000,4.4495,21.0,175066,0.3945,Low Risk,519.0
WA,55 to 64,Autism,Capacity Building,171,20000,58.0,49,1792000,3.4898,42.0,10480,0.4395,Medium Risk,191.0
WA,55 to 64,Autism,Capital,28,14000,55.0,6,0,4.6667,45.0,0,0.4502,Medium Risk,40.0
WA,55 to 64,Autism,Core,166,105000,90.0,37,13990000,4.4865,10.0,84277,0.3084,Low Risk,173.0
WA,55 to 64,Cerebral Palsy,Capacity Building,138,24000,73.0,63,2140000,2.1905,27.0,15507,0.2947,Low Risk,171.0
WA,55 to 64,Cerebral Palsy,Capital,106,33000,90.0,24,1897000,4.4167,10.0,17896,0.2741,Low Risk,117.0
WA,55 to 64,Cerebral Palsy,Core,138,259000,90.0,52,26487000,2.6538,10.0,191935,0.2842,Low Risk,173.0
WA,55 to 64,Down Syndrome,Capacity Building,72,26000,68.0,48,660000,1.5,32.0,9167,0.3217,Low Risk,96.0
WA,55 to 64,Down Syndrome,Capital,45,22000,79.0,7,0,6.4286,21.0,0,0.3538,Low Risk,70.0
WA,55 to 64,Down Syndrome,Core,65,291000,84.0,34,9083000,1.9118,16.0,139738,0.2846,Low Risk,99.0
WA,55 to 64,Hearing Impairment,Capacity Building,325,6000,38.0,18,662000,18.0556,62.0,2037,0.6928,High Risk,268.0
WA,55 to 64,Hearing Impairment,Capital,124,8000,59.0,14,70000,8.8571,41.0,565,0.5039,Medium Risk,91.0
WA,55 to 64,Hearing Impairment,Core,327,16000,53.0,9,2448000,36.3333,47.0,7486,0.7426,High Risk,266.0
WA,55 to 64,Intellectual Disability,Capacity Building,720,22000,65.0,178,10202000,4.0449,35.0,14169,0.4009,Low Risk,705.0
WA,55 to 64,Intellectual Disability,Capital,229,19000,65.0,21,1891000,10.9048,35.0,8258,0.5397,Medium Risk,169.0
WA,55 to 64,Intellectual Disability,Core,733,184000,88.0,144,120383000,5.0903,12.0,164233,0.3675,Low Risk,741.0
WA,55 to 64,Multiple Sclerosis,Capacity Building,419,20000,60.0,36,4937000,11.6389,40.0,11783,0.6127,High Risk,435.0
WA,55 to 64,Multiple Sclerosis,Capital,284,20000,63.0,17,2403000,16.7059,37.0,8461,0.6282,High Risk,217.0
WA,55 to 64,Multiple Sclerosis,Core,415,105000,75.0,36,30905000,11.5278,25.0,74470,0.5733,High Risk,428.0
WA,55 to 64,Other,Capacity Building,396,22000,60.0,73,5115000,5.4247,40.0,12917,0.506,Medium Risk,395.0
WA,55 to 64,Other,Capital,285,26000,57.0,8,2736000,35.625,43.0,9600,0.7969,High Risk,217.0
WA,55 to 64,Other,Core,390,139000,72.0,39,40170000,10.0,28.0,103000,0.5759,High Risk,390.0
WA,55 to 64,Other Neurological,Capacity Building,851,27000,64.0,140,15337000,6.0786,36.0,18022,0.505,Medium Risk,883.0
WA,55 to 64,Other Neurological,Capital,489,26000,65.0,28,7468000,17.4643,35.0,15272,0.6537,High Risk,394.0
WA,55 to 64,Other Neurological,Core,838,190000,71.0,111,123807000,7.5495,29.0,147741,0.5452,Medium Risk,864.0
WA,55 to 64,Other Physical,Capacity Building,537,16000,56.0,65,4923000,8.2615,44.0,9168,0.5467,Medium Risk,534.0
WA,55 to 64,Other Physical,Capital,441,23000,82.0,19,4228000,23.2105,18.0,9587,0.5212,Medium Risk,297.0
WA,55 to 64,Other Physical,Core,537,71000,71.0,56,28140000,9.5893,29.0,52402,0.5423,Medium Risk,537.0
WA,55 to 64,Other Sensory/Speech,Capacity Building,10,23000,59.0,2,0,5.0,41.0,0,0.5027,Medium Risk,60.0
WA,55 to 64,Other Sensory/Speech,Capital,10,18000,63.0,2,0,5.0,37.0,0,0.4163,Low Risk,10.0
WA,55 to 64,Other Sensory/Speech,Core,10,88000,74.0,2,0,5.0,26.0,0,0.4329,Medium Risk,60.0
WA,55 to 64,Psychosocial Disability,Capacity Building,1422,20000,62.0,159,17579000,8.9434,38.0,12362,0.5363,Medium Risk,1419.0
WA,55 to 64,Psychosocial Disability,Capital,103,12000,65.0,7,160000,14.7143,35.0,1553,0.5458,Medium Risk,91.0
WA,55 to 64,Psychosocial Disability,Core,1419,88000,78.0,141,97595000,10.0638,22.0,68777,0.52,Medium Risk,1427.0
WA,55 to 64,Spinal Cord Injury,Capacity Building,190,21000,66.0,41,2525000,4.6341,34.0,13289,0.3989,Low Risk,216.0
WA,55 to 64,Spinal Cord Injury,Capital,182,27000,79.0,16,2398000,11.375,21.0,13176,0.4833,Medium Risk,173.0
WA,55 to 64,Spinal Cord Injury,Core,192,192000,78.0,30,26480000,6.4,22.0,137917,0.46,Medium Risk,221.0
WA,55 to 64,Stroke,Capacity Building,373,28000,66.0,71,6406000,5.2535,34.0,17174,0.4714,Medium Risk,388.0
WA,55 to 64,Stroke,Capital,259,25000,62.0,21,2549000,12.3333,38.0,9842,0.6401,High Risk,209.0
WA,55 to 64,Stroke,Core,374,191000,75.0,46,49570000,8.1304,25.0,132540,0.5241,Medium Risk,391.0
WA,55 to 64,Visual Impairment,Capacity Building,245,13000,58.0,24,1665000,10.2083,42.0,6796,0.5729,High Risk,246.0
WA,55 to 64,Visual Impairment,Capital,94,13000,52.0,2,120000,47.0,48.0,1277,0.7488,High Risk,81.0
WA,55 to 64,Visual Impairment,Core,244,62000,80.0,20,11205000,12.2,20.0,45922,0.5145,Medium Risk,255.0
WA,65+,ABI,Capacity Building,243,26000,69.0,98,4095000,2.4796,31.0,16852,0.3405,Low Risk,264.0
WA,65+,ABI,Capital,155,19000,54.0,18,1195000,8.6111,46.0,7710,0.5834,High Risk,147.0
WA,65+,ABI,Core,243,222000,83.0,94,44376000,2.5851,17.0,182617,0.3071,Low Risk,272.0
WA,65+,Autism,Capacity Building,41,17000,71.0,30,157000,1.3667,29.0,3829,0.2248,Low Risk,83.0
WA,65+,Autism,Capital,10,62500,79.5,1,0,10.0,20.5,0,0.4826,Medium Risk,20.0
WA,65+,Autism,Core,49,108000,88.0,19,1165000,2.5789,12.0,23776,0.2621,Low Risk,73.0
WA,65+,Cerebral Palsy,Capacity Building,65,26000,65.0,44,663000,1.4773,35.0,10200,0.3464,Low Risk,108.0
WA,65+,Cerebral Palsy,Capital,56,24000,70.0,15,0,3.7333,30.0,0,0.3647,Low Risk,90.0
WA,65+,Cerebral Palsy,Core,65,243000,84.0,36,8583000,1.8056,16.0,132046,0.281,Low Risk,108.0
WA,65+,Down Syndrome,Capacity Building,21,25000,62.0,19,0,1.1053,38.0,0,0.3642,Low Risk,80.0
WA,65+,Down Syndrome,Capital,10,172500,69.5,5,0,2.0,30.5,0,0.3963,Low Risk,50.0
WA,65+,Down Syndrome,Core,16,320000,77.0,17,0,0.9412,23.0,0,0.3138,Low Risk,80.0
WA,65+,Hearing Impairment,Capacity Building,180,7000,43.0,9,295000,20.0,57.0,1639,0.698,High Risk,168.0
WA,65+,Hearing Impairment,Capital,79,8000,8.0,8,0,9.875,92.0,0,0.6143,High Risk,70.0
WA,65+,Hearing Impairment,Core,183,17000,59.0,8,1308000,22.875,41.0,7148,0.6743,High Risk,173.0
WA,65+,Intellectual Disability,Capacity Building,377,21000,67.0,129,5325000,2.9225,33.0,14125,0.3415,Low Risk,401.0
WA,65+,Intellectual Disability,Capital,166,16000,55.0,19,805000,8.7368,45.0,4849,0.5591,Medium Risk,128.0
WA,65+,Intellectual Disability,Core,379,219000,86.0,108,73190000,3.5093,14.0,193113,0.3211,Low Risk,424.0
WA,65+,Multiple Sclerosis,Capacity Building,248,18000,60.0,30,2638000,8.2667,40.0,10637,0.5248,Medium Risk,272.0
WA,65+,Multiple Sclerosis,Capital,186,17000,54.0,8,1089000,23.25,46.0,5855,0.7124,High Risk,140.0
WA,65+,Multiple Sclerosis,Core,247,106000,70.0,28,16737000,8.8214,30.0,67761,0.5544,Medium Risk,271.0
WA,65+,Other,Capacity Building,203,20000,59.0,61,2357000,3.3279,41.0,11611,0.4194,Low Risk,239.0
WA,65+,Other,Capital,142,27000,59.0,10,1297000,14.2,41.0,9134,0.6961,High Risk,136.0
WA,65+,Other,Core,202,138000,63.0,31,22888000,6.5161,37.0,113307,0.582,High Risk,247.0
WA,65+,Other Neurological,Capacity Building,639,27000,61.0,128,11318000,4.9922,39.0,17712,0.4964,Medium Risk,698.0
WA,65+,Other Neurological,Capital,428,20000,69.0,32,4629000,13.375,31.0,10815,0.5478,Medium Risk,343.0
WA,65+,Other Neurological,Core,637,191000,74.0,100,104431000,6.37,26.0,163942,0.4985,Medium Risk,729.0
WA,65+,Other Physical,Capacity Building,428,15000,57.0,54,3890000,7.9259,43.0,9089,0.5309,Medium Risk,450.0
WA,65+,Other Physical,Capital,352,24000,62.0,18,2725000,19.5556,38.0,7741,0.6899,High Risk,265.0
WA,65+,Other Physical,Core,430,75000,66.0,56,24057000,7.6786,34.0,55947,0.5524,Medium Risk,460.0
WA,65+,Other Sensory/Speech,Capacity Building,10,23000,59.0,30,0,0.3333,41.0,0,0.3603,Low Risk,20.0
WA,65+,Other Sensory/Speech,Capital,10,18000,63.0,6,0,1.6667,37.0,0,0.3129,Low Risk,
WA,65+,Other Sensory/Speech,Core,10,88000,74.0,18,0,0.5556,26.0,0,0.2967,Low Risk,20.0
WA,65+,Psychosocial Disability,Capacity Building,623,18000,65.0,119,7040000,5.2353,35.0,11300,0.4096,Low Risk,645.0
WA,65+,Psychosocial Disability,Capital,78,10000,49.0,4,0,19.5,51.0,0,0.688,High Risk,80.0
WA,65+,Psychosocial Disability,Core,627,92000,69.0,96,44578000,6.5312,31.0,71097,0.5158,Medium Risk,655.0
WA,65+,Spinal Cord Injury,Capacity Building,140,23000,61.0,35,1783000,4.0,39.0,12736,0.4515,Medium Risk,173.0
WA,65+,Spinal Cord Injury,Capital,135,34000,80.0,15,1489000,9.0,20.0,11030,0.4388,Medium Risk,140.0
WA,65+,Spinal Cord Injury,Core,141,211000,75.0,17,19911000,8.2941,25.0,141213,0.5309,Medium Risk,181.0
WA,65+,Stroke,Capacity Building,259,22000,61.0,71,3531000,3.6479,39.0,13633,0.4345,Medium Risk,293.0
WA,65+,Stroke,Capital,202,22000,58.0,25,1821000,8.08,42.0,9015,0.5798,High Risk,168.0
WA,65+,Stroke,Core,258,170000,72.0,64,34362000,4.0312,28.0,133186,0.4378,Medium Risk,302.0
WA,65+,Visual Impairment,Capacity Building,160,12000,55.0,24,918000,6.6667,45.0,5738,0.5061,Medium Risk,190.0
WA,65+,Visual Impairment,Capital,74,10000,80.0,26,96000,2.8462,20.0,1297,0.1638,Low Risk,91.0
WA,65+,Visual Impairment,Core,159,55000,74.0,29,5944000,5.4828,26.0,37384,0.4382,Medium Risk,199.0
WA,9 to 14,ABI,Capacity Building,57,30000,56.0,7,317000,8.1429,44.0,5561,0.6315,High Risk,102.0
WA,9 to 14,ABI,Capital,24,16000,61.0,2,0,12.0,39.0,0,0.5763,High Risk,90.0
WA,9 to 14,ABI,Core,50,37000,49.0,4,0,12.5,51.0,0,0.7554,High Risk,100.0
WA,9 to 14,Autism,Capacity Building,10702,22000,61.0,258,128699000,41.4806,39.0,12026,0.7409,High Risk,10218.0
WA,9 to 14,Autism,Capital,678,6000,56.0,9,945000,75.3333,44.0,1394,0.7186,High Risk,309.0
WA,9 to 14,Autism,Core,8289,11000,74.0,64,72254000,129.5156,26.0,8717,0.584,High Risk,5068.0
WA,9 to 14,Cerebral Palsy,Capacity Building,318,35000,71.0,54,7524000,5.8889,29.0,23660,0.4594,Medium Risk,329.0
WA,9 to 14,Cerebral Palsy,Capital,252,24000,70.0,11,2317000,22.9091,30.0,9194,0.6311,High Risk,220.0
WA,9 to 14,Cerebral Palsy,Core,298,59000,74.0,10,13276000,29.8,26.0,44550,0.6637,High Risk,279.0
WA,9 to 14,Developmental Delay,Capacity Building,33,18000,58.0,5,327000,6.6,42.0,9909,0.5117,Medium Risk,138.0
WA,9 to 14,Developmental Delay,Capital,10,10000,42.5,5,0,2.0,57.5,0,0.4041,Low Risk,10.0
WA,9 to 14,Developmental Delay,Core,34,2000,27.0,5,0,6.8,73.0,0,0.5427,Medium Risk,100.0
WA,9 to 14,Down Syndrome,Capacity Building,122,28000,64.0,32,1389000,3.8125,36.0,11385,0.4353,Medium Risk,159.0
WA,9 to 14,Down Syndrome,Capital,61,9000,52.0,19,0,3.2105,48.0,0,0.408,Low Risk,70.0
WA,9 to 14,Down Syndrome,Core,116,24000,75.0,6,1895000,19.3333,25.0,16336,0.5737,High Risk,157.0
WA,9 to 14,Global Developmental Delay,Capacity Building,62,22000,54.0,14,783000,4.4286,46.0,12629,0.5073,Medium Risk,155.0
WA,9 to 14,Global Developmental Delay,Capital,11,8000,65.0,8,0,1.375,35.0,0,0.2426,Low Risk,40.0
WA,9 to 14,Global Developmental Delay,Core,45,6000,66.0,3,0,15.0,34.0,0,0.5193,Medium Risk,100.0
WA,9 to 14,Hearing Impairment,Capacity Building,360,12000,47.0,16,1776000,22.5,53.0,4933,0.7172,High Risk,319.0
WA,9 to 14,Hearing Impairment,Capital,20,3000,32.0,16,0,1.25,68.0,0,0.3757,Low Risk,40.0
WA,9 to 14,Hearing Impairment,Core,374,4000,52.0,16,965000,23.375,48.0,2580,0.6815,High Risk,204.0
WA,9 to 14,Intellectual Disability,Capacity Building,942,26000,66.0,122,14945000,7.7213,34.0,15865,0.5159,Medium Risk,910.0
WA,9 to 14,Intellectual Disability,Capital,220,15000,62.0,6,1005000,36.6667,38.0,4568,0.6698,High Risk,167.0
WA,9 to 14,Intellectual Disability,Core,770,26000,81.0,22,17541000,35.0,19.0,22781,0.5738,High Risk,553.0
WA,9 to 14,Other,Capacity Building,169,17000,68.0,17,1511000,9.9412,32.0,8941,0.4656,Medium Risk,199.0
WA,9 to 14,Other,Capital,27,11000,37.0,1,0,27.0,63.0,0,0.7481,High Risk,70.0
WA,9 to 14,Other,Core,133,2000,55.0,9,87000,14.7778,45.0,654,0.6123,High Risk,106.0
WA,9 to 14,Other Neurological,Capacity Building,125,44000,65.0,28,2662000,4.4643,35.0,21296,0.463,Medium Risk,167.0
WA,9 to 14,Other Neurological,Capital,74,36000,90.0,14,534000,5.2857,10.0,7216,0.3163,Low Risk,104.0
WA,9 to 14,Other Neurological,Core,121,61000,84.0,1,5377000,121.0,16.0,44438,0.623,High Risk,132.0
WA,9 to 14,Other Physical,Capacity Building,94,23000,64.0,13,1093000,7.2308,36.0,11628,0.5083,Medium Risk,128.0
WA,9 to 14,Other Physical,Capital,57,23000,63.0,3,233000,19.0,37.0,4088,0.6672,High Risk,82.0
WA,9 to 14,Other Physical,Core,88,40000,67.0,1,1278000,88.0,33.0,14523,0.7509,High Risk,99.0
WA,9 to 14,Other Sensory/Speech,Capacity Building,44,15000,52.0,11,69000,4.0,48.0,1568,0.4522,Medium Risk,102.0
WA,9 to 14,Other Sensory/Speech,Capital,10,9000,44.5,11,0,0.9091,55.5,0,0.3655,Low Risk,10.0
WA,9 to 14,Other Sensory/Speech,Core,25,3000,37.0,11,0,2.2727,63.0,0,0.3994,Low Risk,50.0
WA,9 to 14,Psychosocial Disability,Capacity Building,10,23000,59.0,30,0,0.3333,41.0,0,0.3603,Low Risk,40.0
WA,9 to 14,Psychosocial Disability,Core,10,88000,74.0,18,0,0.5556,26.0,0,0.2967,Low Risk,20.0
WA,9 to 14,Spinal Cord Injury,Capacity Building,10,23000,59.0,3,0,3.3333,41.0,0,0.4485,Medium Risk,40.0
WA,9 to 14,Spinal Cord Injury,Capital,10,18000,63.0,2,0,5.0,37.0,0,0.4163,Low Risk,40.0
WA,9 to 14,Spinal Cord Injury,Core,10,88000,74.0,2,0,5.0,26.0,0,0.4329,Medium Risk,40.0
WA,9 to 14,Stroke,Capacity Building,10,23000,59.0,2,0,5.0,41.0,0,0.5027,Medium Risk,20.0
WA,9 to 14,Stroke,Capital,10,18000,63.0,2,0,5.0,37.0,0,0.4163,Low Risk,10.0
WA,9 to 14,Stroke,Core,10,88000,74.0,2,0,5.0,26.0,0,0.4329,Medium Risk,10.0
WA,9 to 14,Visual Impairment,Capacity Building,60,17000,42.0,4,127000,15.0,58.0,2117,0.7039,High Risk,106.0
WA,9 to 14,Visual Impairment,Capital,15,6000,22.0,2,0,7.5,78.0,0,0.5655,Medium Risk,20.0
WA,9 to 14,Visual Impairment,Core,59,3000,83.0,1,0,59.0,17.0,0,0.467,Medium Risk,100.0
