state,age_group,disability_type,support_class,participant_count,average_support_budget,utilisation_rate,active_provider_count,payment_amount,participant_to_provider_ratio,utilisation_gap,payment_per_participant,access_gap_score,access_risk,recommended_support
ACT,0 to 8,ABI,Unknown,6,0,50,1.0,0.0,6.0,50,0.0,0.671943972835314,High Risk,Provider Availability Review
ACT,0 to 8,Autism,Unknown,8,0,50,120.0,0.0,0.0666666666666666,50,0.0,0.3566001697792869,Medium Risk,Capacity Building - Improved Daily Living
ACT,0 to 8,Cerebral Palsy,Unknown,8,0,50,8.0,0.0,1.0,50,0.0,0.5749151103565365,Medium Risk,Plan Utilisation Support
ACT,0 to 8,Developmental delay,Unknown,8,0,50,98.0,0.0,0.0816326530612244,50,0.0,0.3722623089983022,Medium Risk,Capacity Building - Improved Daily Living
ACT,0 to 8,Down Syndrome,Unknown,8,0,50,12.0,0.0,0.6666666666666666,50,0.0,0.5460738539898132,Medium Risk,Plan Utilisation Support
ACT,0 to 8,DsbltyGrp_Missing,Unknown,6,0,50,1.0,0.0,6.0,50,0.0,0.671943972835314,High Risk,Provider Availability Review
ACT,0 to 8,Global developmental delay,Unknown,8,0,50,52.0,0.0,0.1538461538461538,50,0.0,0.4205857385398981,Medium Risk,Capacity Building - Improved Daily Living
ACT,0 to 8,Hearing Impairment,Unknown,8,0,50,14.0,0.0,0.5714285714285714,50,0.0,0.5311757215619695,Medium Risk,Assistive Technology and Communication Support
ACT,0 to 8,Intellectual Disability,Unknown,8,0,50,40.0,0.0,0.2,50,0.0,0.4465619694397283,Medium Risk,Capacity Building - Social and Community Participation
ACT,0 to 8,Other,Unknown,8,0,50,1.0,0.0,8.0,50,0.0,0.6941001697792869,High Risk,Provider Availability Review
ACT,0 to 8,Other Neurological,Unknown,8,0,50,14.0,0.0,0.5714285714285714,50,0.0,0.5311757215619695,Medium Risk,"Therapy, Assistive Technology, and Daily Living Support Review"
ACT,0 to 8,Other Physical,Unknown,8,0,50,1.0,0.0,8.0,50,0.0,0.6941001697792869,High Risk,Provider Availability Review
ACT,0 to 8,Other Sensory/Speech,Unknown,6,0,50,1.0,0.0,6.0,50,0.0,0.671943972835314,High Risk,Provider Availability Review
ACT,0 to 8,Stroke,Unknown,6,0,50,1.0,0.0,6.0,50,0.0,0.671943972835314,High Risk,Provider Availability Review
ACT,0 to 8,Visual Impairment,Unknown,8,0,50,8.0,0.0,1.0,50,0.0,0.5749151103565365,Medium Risk,Assistive Technology and Orientation Support
ACT,15 to 18,ABI,Unknown,8,0,50,4.0,0.0,2.0,50,0.0,0.622474533106961,High Risk,Provider Availability Review
ACT,15 to 18,Autism,Unknown,12,0,50,186.0,0.0,0.064516129032258,50,0.0,0.3546901528013582,Medium Risk,Capacity Building - Improved Daily Living
ACT,15 to 18,Cerebral Palsy,Unknown,8,0,50,24.0,0.0,0.3333333333333333,50,0.0,0.4887733446519524,Medium Risk,Plan Utilisation Support
ACT,15 to 18,Down Syndrome,Unknown,8,0,50,12.0,0.0,0.6666666666666666,50,0.0,0.5460738539898132,Medium Risk,Plan Utilisation Support
ACT,15 to 18,DsbltyGrp_Missing,Unknown,6,0,50,1.0,0.0,6.0,50,0.0,0.671943972835314,High Risk,Provider Availability Review
ACT,15 to 18,Hearing Impairment,Unknown,8,0,50,4.0,0.0,2.0,50,0.0,0.622474533106961,High Risk,Provider Availability Review
ACT,15 to 18,Intellectual Disability,Unknown,8,0,50,144.0,0.0,0.0555555555555555,50,0.0,0.3443760611205433,Medium Risk,Capacity Building - Social and Community Participation
ACT,15 to 18,Other,Unknown,6,0,50,1.0,0.0,6.0,50,0.0,0.671943972835314,High Risk,Provider Availability Review
ACT,15 to 18,Other Neurological,Unknown,8,0,50,12.0,0.0,0.6666666666666666,50,0.0,0.5460738539898132,Medium Risk,"Therapy, Assistive Technology, and Daily Living Support Review"
ACT,15 to 18,Other Physical,Unknown,8,0,50,1.0,0.0,8.0,50,0.0,0.6941001697792869,High Risk,Provider Availability Review
ACT,15 to 18,Other Sensory/Speech,Unknown,8,0,50,4.0,0.0,2.0,50,0.0,0.622474533106961,High Risk,Provider Availability Review
ACT,15 to 18,Psychosocial disability,Unknown,6,0,50,12.0,0.0,0.5,50,0.0,0.5223896434634975,Medium Risk,Psychosocial Recovery and Community Participation
ACT,15 to 18,Spinal Cord Injury,Unknown,8,0,50,1.0,0.0,8.0,50,0.0,0.6941001697792869,High Risk,Provider Availability Review
ACT,15 to 18,Visual Impairment,Unknown,8,0,50,1.0,0.0,8.0,50,0.0,0.6941001697792869,High Risk,Provider Availability Review
ACT,19 to 24,ABI,Unknown,8,0,50,18.0,0.0,0.4444444444444444,50,0.0,0.5147495755517827,Medium Risk,Plan Utilisation Support
ACT,19 to 24,Autism,Unknown,8,0,50,266.0,0.0,0.0300751879699248,50,0.0,0.3088497453310695,Medium Risk,Capacity Building - Improved Daily Living
ACT,19 to 24,Cerebral Palsy,Unknown,8,0,50,44.0,0.0,0.1818181818181818,50,0.0,0.4396859083191851,Medium Risk,Plan Utilisation Support
ACT,19 to 24,Down Syndrome,Unknown,8,0,50,38.0,0.0,0.2105263157894736,50,0.0,0.4517190152801358,Medium Risk,Plan Utilisation Support
ACT,19 to 24,DsbltyGrp_Missing,Unknown,6,0,50,1.0,0.0,6.0,50,0.0,0.671943972835314,High Risk,Provider Availability Review
ACT,19 to 24,Hearing Impairment,Unknown,8,0,50,1.0,0.0,8.0,50,0.0,0.6941001697792869,High Risk,Provider Availability Review
ACT,19 to 24,Intellectual Disability,Unknown,8,0,50,168.0,0.0,0.0476190476190476,50,0.0,0.3334889643463497,Medium Risk,Capacity Building - Social and Community Participation
ACT,19 to 24,Multiple Sclerosis,Unknown,6,0,50,1.0,0.0,6.0,50,0.0,0.671943972835314,High Risk,Provider Availability Review
ACT,19 to 24,Other,Unknown,8,0,50,4.0,0.0,2.0,50,0.0,0.622474533106961,High Risk,Provider Availability Review
ACT,19 to 24,Other Neurological,Unknown,8,0,50,16.0,0.0,0.5,50,0.0,0.5223896434634975,Medium Risk,"Therapy, Assistive Technology, and Daily Living Support Review"
ACT,19 to 24,Other Physical,Unknown,8,0,50,1.0,0.0,8.0,50,0.0,0.6941001697792869,High Risk,Provider Availability Review
ACT,19 to 24,Other Sensory/Speech,Unknown,6,0,50,1.0,0.0,6.0,50,0.0,0.671943972835314,High Risk,Provider Availability Review
ACT,19 to 24,Psychosocial disability,Unknown,6,0,50,28.0,0.0,0.2142857142857142,50,0.0,0.4530560271646859,Medium Risk,Psychosocial Recovery and Community Participation
ACT,19 to 24,Spinal Cord Injury,Unknown,8,0,50,4.0,0.0,2.0,50,0.0,0.622474533106961,High Risk,Provider Availability Review
ACT,19 to 24,Stroke,Unknown,8,0,50,1.0,0.0,8.0,50,0.0,0.6941001697792869,High Risk,Provider Availability Review
ACT,19 to 24,Visual Impairment,Unknown,8,0,50,22.0,0.0,0.3636363636363636,50,0.0,0.4969864176570459,Medium Risk,Assistive Technology and Orientation Support
ACT,25 to 34,ABI,Unknown,8,0,50,60.0,0.0,0.1333333333333333,50,0.0,0.4093166383701188,Medium Risk,Plan Utilisation Support
ACT,25 to 34,Autism,Unknown,8,0,50,276.0,0.0,0.0289855072463768,50,0.0,0.3061757215619694,Medium Risk,Capacity Building - Improved Daily Living
ACT,25 to 34,Cerebral Palsy,Unknown,8,0,50,96.0,0.0,0.0833333333333333,50,0.0,0.3728353140916808,Medium Risk,Plan Utilisation Support
ACT,25 to 34,Down Syndrome,Unknown,8,0,50,100.0,0.0,0.08,50,0.0,0.3703522920203735,Medium Risk,Plan Utilisation Support
ACT,25 to 34,Hearing Impairment,Unknown,8,0,50,4.0,0.0,2.0,50,0.0,0.622474533106961,High Risk,Provider Availability Review
ACT,25 to 34,Intellectual Disability,Unknown,8,0,50,260.0,0.0,0.0307692307692307,50,0.0,0.3103777589134125,Medium Risk,Capacity Building - Social and Community Participation
ACT,25 to 34,Multiple Sclerosis,Unknown,8,0,50,4.0,0.0,2.0,50,0.0,0.622474533106961,High Risk,Provider Availability Review
ACT,25 to 34,Other,Unknown,8,0,50,1.0,0.0,8.0,50,0.0,0.6941001697792869,High Risk,Provider Availability Review
ACT,25 to 34,Other Neurological,Unknown,8,0,50,16.0,0.0,0.5,50,0.0,0.5223896434634975,Medium Risk,"Therapy, Assistive Technology, and Daily Living Support Review"
ACT,25 to 34,Other Physical,Unknown,8,0,50,28.0,0.0,0.2857142857142857,50,0.0,0.4773132427843803,Medium Risk,Assistive Technology / Transport Support
ACT,25 to 34,Other Sensory/Speech,Unknown,6,0,50,1.0,0.0,6.0,50,0.0,0.671943972835314,High Risk,Provider Availability Review
ACT,25 to 34,Psychosocial disability,Unknown,8,0,50,196.0,0.0,0.0408163265306122,50,0.0,0.3245118845500849,Medium Risk,Psychosocial Recovery and Community Participation
ACT,25 to 34,Spinal Cord Injury,Unknown,8,0,50,12.0,0.0,0.6666666666666666,50,0.0,0.5460738539898132,Medium Risk,Plan Utilisation Support
ACT,25 to 34,Stroke,Unknown,8,0,50,1.0,0.0,8.0,50,0.0,0.6941001697792869,High Risk,Provider Availability Review
ACT,25 to 34,Visual Impairment,Unknown,8,0,50,8.0,0.0,1.0,50,0.0,0.5749151103565365,Medium Risk,Assistive Technology and Orientation Support
ACT,35 to 44,ABI,Unknown,8,0,50,114.0,0.0,0.0701754385964912,50,0.0,0.3585101867572156,Medium Risk,Plan Utilisation Support
ACT,35 to 44,Autism,Unknown,8,0,50,154.0,0.0,0.0519480519480519,50,0.0,0.3401740237691001,Medium Risk,Capacity Building - Improved Daily Living
ACT,35 to 44,Cerebral Palsy,Unknown,8,0,50,72.0,0.0,0.1111111111111111,50,0.0,0.395946519524618,Medium Risk,Plan Utilisation Support
ACT,35 to 44,Down Syndrome,Unknown,8,0,50,66.0,0.0,0.1212121212121212,50,0.0,0.4037775891341256,Medium Risk,Plan Utilisation Support
ACT,35 to 44,DsbltyGrp_Missing,Unknown,8,0,50,1.0,0.0,8.0,50,0.0,0.6941001697792869,High Risk,Provider Availability Review
ACT,35 to 44,Hearing Impairment,Unknown,8,0,50,12.0,0.0,0.6666666666666666,50,0.0,0.5460738539898132,Medium Risk,Assistive Technology and Communication Support
ACT,35 to 44,Intellectual Disability,Unknown,8,0,50,270.0,0.0,0.0296296296296296,50,0.0,0.3078947368421052,Medium Risk,Capacity Building - Social and Community Participation
ACT,35 to 44,Multiple Sclerosis,Unknown,8,0,50,24.0,0.0,0.3333333333333333,50,0.0,0.4887733446519524,Medium Risk,Plan Utilisation Support
ACT,35 to 44,Other,Unknown,8,0,50,8.0,0.0,1.0,50,0.0,0.5749151103565365,Medium Risk,Plan Utilisation Support
ACT,35 to 44,Other Neurological,Unknown,8,0,50,22.0,0.0,0.3636363636363636,50,0.0,0.4969864176570459,Medium Risk,"Therapy, Assistive Technology, and Daily Living Support Review"
ACT,35 to 44,Other Physical,Unknown,8,0,50,34.0,0.0,0.2352941176470588,50,0.0,0.4597410865874363,Medium Risk,Assistive Technology / Transport Support
ACT,35 to 44,Other Sensory/Speech,Unknown,6,0,50,1.0,0.0,6.0,50,0.0,0.671943972835314,High Risk,Provider Availability Review
ACT,35 to 44,Psychosocial disability,Unknown,8,0,50,270.0,0.0,0.0296296296296296,50,0.0,0.3078947368421052,Medium Risk,Psychosocial Recovery and Community Participation
ACT,35 to 44,Spinal Cord Injury,Unknown,8,0,50,20.0,0.0,0.4,50,0.0,0.5067275042444821,Medium Risk,Plan Utilisation Support
ACT,35 to 44,Stroke,Unknown,8,0,50,12.0,0.0,0.6666666666666666,50,0.0,0.5460738539898132,Medium Risk,Plan Utilisation Support
ACT,35 to 44,Visual Impairment,Unknown,8,0,50,4.0,0.0,2.0,50,0.0,0.622474533106961,High Risk,Provider Availability Review
ACT,45 to 54,ABI,Unknown,8,0,50,110.0,0.0,0.0727272727272727,50,0.0,0.3623302207130729,Medium Risk,Plan Utilisation Support
ACT,45 to 54,Autism,Unknown,8,0,50,178.0,0.0,0.0449438202247191,50,0.0,0.3306239388794567,Medium Risk,Capacity Building - Improved Daily Living
ACT,45 to 54,Cerebral Palsy,Unknown,8,0,50,82.0,0.0,0.0975609756097561,50,0.0,0.3854414261460102,Medium Risk,Plan Utilisation Support
ACT,45 to 54,Down Syndrome,Unknown,8,0,50,108.0,0.0,0.074074074074074,50,0.0,0.3644312393887945,Medium Risk,Plan Utilisation Support
ACT,45 to 54,Hearing Impairment,Unknown,8,0,50,4.0,0.0,2.0,50,0.0,0.622474533106961,High Risk,Provider Availability Review
ACT,45 to 54,Intellectual Disability,Unknown,8,0,50,344.0,0.0,0.0232558139534883,50,0.0,0.2962436332767402,Medium Risk,Capacity Building - Social and Community Participation
ACT,45 to 54,Multiple Sclerosis,Unknown,8,0,50,40.0,0.0,0.2,50,0.0,0.4465619694397283,Medium Risk,Plan Utilisation Support
ACT,45 to 54,Other,Unknown,8,0,50,34.0,0.0,0.2352941176470588,50,0.0,0.4597410865874363,Medium Risk,Plan Utilisation Support
ACT,45 to 54,Other Neurological,Unknown,8,0,50,70.0,0.0,0.1142857142857142,50,0.0,0.3978565365025467,Medium Risk,"Therapy, Assistive Technology, and Daily Living Support Review"
ACT,45 to 54,Other Physical,Unknown,8,0,50,44.0,0.0,0.1818181818181818,50,0.0,0.4396859083191851,Medium Risk,Assistive Technology / Transport Support
ACT,45 to 54,Other Sensory/Speech,Unknown,8,0,50,1.0,0.0,8.0,50,0.0,0.6941001697792869,High Risk,Provider Availability Review
ACT,45 to 54,Psychosocial disability,Unknown,8,0,50,318.0,0.0,0.0251572327044025,50,0.0,0.3000636672325976,Medium Risk,Psychosocial Recovery and Community Participation
ACT,45 to 54,Spinal Cord Injury,Unknown,8,0,50,20.0,0.0,0.4,50,0.0,0.5067275042444821,Medium Risk,Plan Utilisation Support
ACT,45 to 54,Stroke,Unknown,8,0,50,80.0,0.0,0.1,50,0.0,0.3888794567062818,Medium Risk,Plan Utilisation Support
ACT,45 to 54,Visual Impairment,Unknown,8,0,50,34.0,0.0,0.2352941176470588,50,0.0,0.4597410865874363,Medium Risk,Assistive Technology and Orientation Support
ACT,55 to 64,ABI,Unknown,8,0,50,152.0,0.0,0.0526315789473684,50,0.0,0.3411290322580645,Medium Risk,Plan Utilisation Support
ACT,55 to 64,Autism,Unknown,8,0,50,130.0,0.0,0.0615384615384615,50,0.0,0.3531621392190153,Medium Risk,Capacity Building - Improved Daily Living
ACT,55 to 64,Cerebral Palsy,Unknown,8,0,50,116.0,0.0,0.0689655172413793,50,0.0,0.3581281833616299,Medium Risk,Plan Utilisation Support
ACT,55 to 64,Down Syndrome,Unknown,8,0,50,160.0,0.0,0.05,50,0.0,0.3380730050933786,Medium Risk,Plan Utilisation Support
ACT,55 to 64,Hearing Impairment,Unknown,8,0,50,12.0,0.0,0.6666666666666666,50,0.0,0.5460738539898132,Medium Risk,Assistive Technology and Communication Support
ACT,55 to 64,Intellectual Disability,Unknown,8,0,50,338.0,0.0,0.0236686390532544,50,0.0,0.2973896434634974,Medium Risk,Capacity Building - Social and Community Participation
ACT,55 to 64,Multiple Sclerosis,Unknown,8,0,50,72.0,0.0,0.1111111111111111,50,0.0,0.395946519524618,Medium Risk,Plan Utilisation Support
ACT,55 to 64,Other,Unknown,8,0,50,96.0,0.0,0.0833333333333333,50,0.0,0.3728353140916808,Medium Risk,Plan Utilisation Support
ACT,55 to 64,Other Neurological,Unknown,8,0,50,136.0,0.0,0.0588235294117647,50,0.0,0.3485780984719864,Medium Risk,"Therapy, Assistive Technology, and Daily Living Support Review"
ACT,55 to 64,Other Physical,Unknown,8,0,50,106.0,0.0,0.0754716981132075,50,0.0,0.3653862478777589,Medium Risk,Assistive Technology / Transport Support
ACT,55 to 64,Other Sensory/Speech,Unknown,6,0,50,1.0,0.0,6.0,50,0.0,0.671943972835314,High Risk,Provider Availability Review
ACT,55 to 64,Psychosocial disability,Unknown,8,0,50,214.0,0.0,0.0373831775700934,50,0.0,0.318399830220713,Medium Risk,Psychosocial Recovery and Community Participation
ACT,55 to 64,Spinal Cord Injury,Unknown,8,0,50,28.0,0.0,0.2857142857142857,50,0.0,0.4773132427843803,Medium Risk,Plan Utilisation Support
ACT,55 to 64,Stroke,Unknown,8,0,50,110.0,0.0,0.0727272727272727,50,0.0,0.3623302207130729,Medium Risk,Plan Utilisation Support
ACT,55 to 64,Visual Impairment,Unknown,8,0,50,32.0,0.0,0.25,50,0.0,0.4654711375212224,Medium Risk,Assistive Technology and Orientation Support
ACT,65+,ABI,Unknown,8,0,50,90.0,0.0,0.0888888888888888,50,0.0,0.3787563667232597,Medium Risk,Plan Utilisation Support
ACT,65+,Autism,Unknown,8,0,50,30.0,0.0,0.2666666666666666,50,0.0,0.4708191850594228,Medium Risk,Capacity Building - Improved Daily Living
ACT,65+,Cerebral Palsy,Unknown,8,0,50,4.0,0.0,2.0,50,0.0,0.622474533106961,High Risk,Provider Availability Review
ACT,65+,Down Syndrome,Unknown,8,0,50,68.0,0.0,0.1176470588235294,50,0.0,0.3995755517826825,Medium Risk,Plan Utilisation Support
ACT,65+,Hearing Impairment,Unknown,8,0,50,12.0,0.0,0.6666666666666666,50,0.0,0.5460738539898132,Medium Risk,Assistive Technology and Communication Support
ACT,65+,Intellectual Disability,Unknown,8,0,50,168.0,0.0,0.0476190476190476,50,0.0,0.3334889643463497,Medium Risk,Capacity Building - Social and Community Participation
ACT,65+,Multiple Sclerosis,Unknown,8,0,50,74.0,0.0,0.1081081081081081,50,0.0,0.394418505942275,Medium Risk,Plan Utilisation Support
ACT,65+,Other,Unknown,8,0,50,58.0,0.0,0.1379310344827586,50,0.0,0.4133276740237691,Medium Risk,Plan Utilisation Support
ACT,65+,Other Neurological,Unknown,8,0,50,207.0,0.0,0.038647342995169,50,0.0,0.3218378607809847,Medium Risk,"Therapy, Assistive Technology, and Daily Living Support Review"
ACT,65+,Other Physical,Unknown,8,0,50,102.0,0.0,0.0784313725490196,50,0.0,0.3676782682512733,Medium Risk,Assistive Technology / Transport Support
ACT,65+,Psychosocial disability,Unknown,8,0,50,246.0,0.0,0.032520325203252,50,0.0,0.3134337860780984,Medium Risk,Psychosocial Recovery and Community Participation
ACT,65+,Spinal Cord Injury,Unknown,8,0,50,24.0,0.0,0.3333333333333333,50,0.0,0.4887733446519524,Medium Risk,Plan Utilisation Support
ACT,65+,Stroke,Unknown,8,0,50,110.0,0.0,0.0727272727272727,50,0.0,0.3623302207130729,Medium Risk,Plan Utilisation Support
ACT,65+,Visual Impairment,Unknown,8,0,50,10.0,0.0,0.8,50,0.0,0.5579159592529711,Medium Risk,Assistive Technology and Orientation Support
ACT,9 to 14,ABI,Unknown,8,0,50,4.0,0.0,2.0,50,0.0,0.622474533106961,High Risk,Provider Availability Review
ACT,9 to 14,Autism,Unknown,8,0,50,252.0,0.0,0.0317460317460317,50,0.0,0.3119057724957555,Medium Risk,Capacity Building - Improved Daily Living
ACT,9 to 14,Cerebral Palsy,Unknown,8,0,50,20.0,0.0,0.4,50,0.0,0.5067275042444821,Medium Risk,Plan Utilisation Support
ACT,9 to 14,Developmental delay,Unknown,8,0,50,16.0,0.0,0.5,50,0.0,0.5223896434634975,Medium Risk,Capacity Building - Improved Daily Living
ACT,9 to 14,Down Syndrome,Unknown,8,0,50,20.0,0.0,0.4,50,0.0,0.5067275042444821,Medium Risk,Plan Utilisation Support
ACT,9 to 14,DsbltyGrp_Missing,Unknown,8,0,50,1.0,0.0,8.0,50,0.0,0.6941001697792869,High Risk,Provider Availability Review
ACT,9 to 14,Global developmental delay,Unknown,8,0,50,1.0,0.0,8.0,50,0.0,0.6941001697792869,High Risk,Provider Availability Review
ACT,9 to 14,Hearing Impairment,Unknown,8,0,50,20.0,0.0,0.4,50,0.0,0.5067275042444821,Medium Risk,Assistive Technology and Communication Support
ACT,9 to 14,Intellectual Disability,Unknown,8,0,50,88.0,0.0,0.0909090909090909,50,0.0,0.3802843803056027,Medium Risk,Capacity Building - Social and Community Participation
ACT,9 to 14,Other,Unknown,8,0,50,1.0,0.0,8.0,50,0.0,0.6941001697792869,High Risk,Provider Availability Review
ACT,9 to 14,Other Neurological,Unknown,8,0,50,12.0,0.0,0.6666666666666666,50,0.0,0.5460738539898132,Medium Risk,"Therapy, Assistive Technology, and Daily Living Support Review"
ACT,9 to 14,Other Physical,Unknown,8,0,50,8.0,0.0,1.0,50,0.0,0.5749151103565365,Medium Risk,Assistive Technology / Transport Support
ACT,9 to 14,Other Sensory/Speech,Unknown,6,0,50,1.0,0.0,6.0,50,0.0,0.671943972835314,High Risk,Provider Availability Review
ACT,9 to 14,Psychosocial disability,Unknown,6,0,50,1.0,0.0,6.0,50,0.0,0.671943972835314,High Risk,Provider Availability Review
ACT,9 to 14,Visual Impairment,Unknown,8,0,50,4.0,0.0,2.0,50,0.0,0.622474533106961,High Risk,Provider Availability Review
NSW,0 to 8,ABI,Unknown,59,0,50,24.0,0.0,2.458333333333333,50,0.0,0.6335526315789474,Medium Risk,Plan Utilisation Support
NSW,0 to 8,Autism,Unknown,67,0,50,3072.0,0.0,0.0218098958333333,50,0.0,0.2947156196943972,Medium Risk,Capacity Building - Improved Daily Living
NSW,0 to 8,Cerebral Palsy,Unknown,60,0,50,231.0,0.0,0.2597402597402597,50,0.0,0.4673811544991511,Medium Risk,Plan Utilisation Support
NSW,0 to 8,Developmental delay,Unknown,64,0,50,1698.0,0.0,0.0376914016489988,50,0.0,0.3187818336162988,Medium Risk,Capacity Building - Improved Daily Living
NSW,0 to 8,Down Syndrome,Unknown,64,0,50,176.0,0.0,0.3636363636363636,50,0.0,0.4969864176570459,Medium Risk,Plan Utilisation Support
NSW,0 to 8,DsbltyGrp_Missing,Unknown,49,0,50,46.0,0.0,1.065217391304348,50,0.0,0.5789261460101868,Medium Risk,Plan Utilisation Support
NSW,0 to 8,Global developmental delay,Unknown,64,0,50,1302.0,0.0,0.0491551459293394,50,0.0,0.335971986417657,Medium Risk,Capacity Building - Improved Daily Living
NSW,0 to 8,Hearing Impairment,Unknown,63,0,50,318.0,0.0,0.1981132075471698,50,0.0,0.4452249575551782,Medium Risk,Assistive Technology and Communication Support
NSW,0 to 8,Intellectual Disability,Unknown,64,0,50,543.0,0.0,0.1178637200736648,50,0.0,0.4001485568760611,Medium Risk,Capacity Building - Social and Community Participation
NSW,0 to 8,Other,Unknown,63,0,50,68.0,0.0,0.9264705882352942,50,0.0,0.5689940577249576,Medium Risk,Plan Utilisation Support
NSW,0 to 8,Other Neurological,Unknown,68,0,50,77.0,0.0,0.8831168831168831,50,0.0,0.5663200339558574,Medium Risk,"Therapy, Assistive Technology, and Daily Living Support Review"
NSW,0 to 8,Other Physical,Unknown,59,0,50,34.0,0.0,1.7352941176470589,50,0.0,0.6129244482173175,Medium Risk,Assistive Technology / Transport Support
NSW,0 to 8,Other Sensory/Speech,Unknown,42,0,50,16.0,0.0,2.625,50,0.0,0.636990662139219,Medium Risk,Plan Utilisation Support
NSW,0 to 8,Psychosocial disability,Unknown,12,0,50,1.0,0.0,12.0,50,0.0,0.7089983022071308,High Risk,Provider Availability Review
NSW,0 to 8,Spinal Cord Injury,Unknown,31,0,50,1.0,0.0,31.0,50,0.0,0.7244694397283531,High Risk,Provider Availability Review
NSW,0 to 8,Stroke,Unknown,30,0,50,4.0,0.0,7.5,50,0.0,0.6864601018675722,High Risk,Provider Availability Review
NSW,0 to 8,Visual Impairment,Unknown,58,0,50,33.0,0.0,1.7575757575757576,50,0.0,0.6140704584040747,Medium Risk,Assistive Technology and Orientation Support
NSW,15 to 18,ABI,Unknown,63,0,50,230.0,0.0,0.2739130434782608,50,0.0,0.4727292020373514,Medium Risk,Plan Utilisation Support
NSW,15 to 18,Autism,Unknown,67,0,50,5776.0,0.0,0.0115997229916897,50,0.0,0.2798174872665535,Medium Risk,Capacity Building - Improved Daily Living
NSW,15 to 18,Cerebral Palsy,Unknown,64,0,50,790.0,0.0,0.0810126582278481,50,0.0,0.3718803056027164,Medium Risk,Plan Utilisation Support
NSW,15 to 18,Developmental delay,Unknown,11,0,50,8.0,0.0,1.375,50,0.0,0.5964983022071307,Medium Risk,Capacity Building - Improved Daily Living
NSW,15 to 18,Down Syndrome,Unknown,60,0,50,264.0,0.0,0.2272727272727272,50,0.0,0.4561120543293718,Medium Risk,Plan Utilisation Support
NSW,15 to 18,DsbltyGrp_Missing,Unknown,26,0,50,1.0,0.0,26.0,50,0.0,0.723132427843803,High Risk,Provider Availability Review
NSW,15 to 18,Global developmental delay,Unknown,8,0,50,1.0,0.0,8.0,50,0.0,0.6941001697792869,High Risk,Provider Availability Review
NSW,15 to 18,Hearing Impairment,Unknown,61,0,50,215.0,0.0,0.2837209302325581,50,0.0,0.4754032258064516,Medium Risk,Assistive Technology and Communication Support
NSW,15 to 18,Intellectual Disability,Unknown,66,0,50,3325.0,0.0,0.0198496240601503,50,0.0,0.2920415959252971,Medium Risk,Capacity Building - Social and Community Participation
NSW,15 to 18,Multiple Sclerosis,Unknown,18,0,50,1.0,0.0,18.0,50,0.0,0.7195033955857386,High Risk,Provider Availability Review
NSW,15 to 18,Other,Unknown,58,0,50,48.0,0.0,1.2083333333333333,50,0.0,0.5873302207130731,Medium Risk,Plan Utilisation Support
NSW,15 to 18,Other Neurological,Unknown,63,0,50,360.0,0.0,0.175,50,0.0,0.4330008488964346,Medium Risk,"Therapy, Assistive Technology, and Daily Living Support Review"
NSW,15 to 18,Other Physical,Unknown,63,0,50,126.0,0.0,0.5,50,0.0,0.5223896434634975,Medium Risk,Assistive Technology / Transport Support
NSW,15 to 18,Other Sensory/Speech,Unknown,49,0,50,124.0,0.0,0.3951612903225806,50,0.0,0.5051994906621392,Medium Risk,Plan Utilisation Support
NSW,15 to 18,Psychosocial disability,Unknown,47,0,50,188.0,0.0,0.25,50,0.0,0.4654711375212224,Medium Risk,Psychosocial Recovery and Community Participation
NSW,15 to 18,Spinal Cord Injury,Unknown,34,0,50,40.0,0.0,0.85,50,0.0,0.5628820033955857,Medium Risk,Plan Utilisation Support
NSW,15 to 18,Stroke,Unknown,34,0,50,8.0,0.0,4.25,50,0.0,0.6534168081494058,Medium Risk,Plan Utilisation Support
NSW,15 to 18,Visual Impairment,Unknown,56,0,50,160.0,0.0,0.35,50,0.0,0.4933573853989813,Medium Risk,Assistive Technology and Orientation Support
NSW,19 to 24,ABI,Unknown,59,0,50,386.0,0.0,0.1528497409326424,50,0.0,0.4200127334465195,Medium Risk,Plan Utilisation Support
NSW,19 to 24,Autism,Unknown,67,0,50,7066.0,0.0,0.0094820266062836,50,0.0,0.277525466893039,Medium Risk,Capacity Building - Improved Daily Living
NSW,19 to 24,Cerebral Palsy,Unknown,64,0,50,1192.0,0.0,0.0536912751677852,50,0.0,0.3426570458404074,Medium Risk,Plan Utilisation Support
NSW,19 to 24,Down Syndrome,Unknown,59,0,50,744.0,0.0,0.0793010752688172,50,0.0,0.3692062818336163,Medium Risk,Plan Utilisation Support
NSW,19 to 24,DsbltyGrp_Missing,Unknown,14,0,50,20.0,0.0,0.7,50,0.0,0.5506578947368421,Medium Risk,Plan Utilisation Support
NSW,19 to 24,Hearing Impairment,Unknown,63,0,50,172.0,0.0,0.3662790697674418,50,0.0,0.4979414261460102,Medium Risk,Assistive Technology and Communication Support
NSW,19 to 24,Intellectual Disability,Unknown,64,0,50,5797.0,0.0,0.011040193203381,50,0.0,0.2794354838709677,Medium Risk,Capacity Building - Social and Community Participation
NSW,19 to 24,Multiple Sclerosis,Unknown,34,0,50,8.0,0.0,4.25,50,0.0,0.6534168081494058,Medium Risk,Plan Utilisation Support
NSW,19 to 24,Other,Unknown,60,0,50,120.0,0.0,0.5,50,0.0,0.5223896434634975,Medium Risk,Plan Utilisation Support
NSW,19 to 24,Other Neurological,Unknown,64,0,50,638.0,0.0,0.1003134796238244,50,0.0,0.3898344651952461,Medium Risk,"Therapy, Assistive Technology, and Daily Living Support Review"
NSW,19 to 24,Other Physical,Unknown,64,0,50,240.0,0.0,0.2666666666666666,50,0.0,0.4708191850594228,Medium Risk,Assistive Technology / Transport Support
NSW,19 to 24,Other Sensory/Speech,Unknown,42,0,50,58.0,0.0,0.7241379310344828,50,0.0,0.5533319185059422,Medium Risk,Plan Utilisation Support
NSW,19 to 24,Psychosocial disability,Unknown,59,0,50,1000.0,0.0,0.059,50,0.0,0.3489601018675721,Medium Risk,Psychosocial Recovery and Community Participation
NSW,19 to 24,Spinal Cord Injury,Unknown,59,0,50,96.0,0.0,0.6145833333333334,50,0.0,0.537669779286927,Medium Risk,Plan Utilisation Support
NSW,19 to 24,Stroke,Unknown,47,0,50,24.0,0.0,1.9583333333333333,50,0.0,0.6184634974533106,Medium Risk,Plan Utilisation Support
NSW,19 to 24,Visual Impairment,Unknown,58,0,50,210.0,0.0,0.2761904761904762,50,0.0,0.4738752122241086,Medium Risk,Assistive Technology and Orientation Support
NSW,25 to 34,ABI,Unknown,64,0,50,1301.0,0.0,0.0491929285165257,50,0.0,0.3363539898132427,Medium Risk,Plan Utilisation Support
NSW,25 to 34,Autism,Unknown,64,0,50,6482.0,0.0,0.0098734958346189,50,0.0,0.2782894736842105,Medium Risk,Capacity Building - Improved Daily Living
NSW,25 to 34,Cerebral Palsy,Unknown,64,0,50,2600.0,0.0,0.0246153846153846,50,0.0,0.2981536502546689,Medium Risk,Plan Utilisation Support
NSW,25 to 34,Down Syndrome,Unknown,63,0,50,1636.0,0.0,0.0385085574572127,50,0.0,0.3210738539898132,Medium Risk,Plan Utilisation Support
NSW,25 to 34,DsbltyGrp_Missing,Unknown,20,0,50,16.0,0.0,1.25,50,0.0,0.5911502546689305,Medium Risk,Plan Utilisation Support
NSW,25 to 34,Hearing Impairment,Unknown,63,0,50,272.0,0.0,0.2316176470588235,50,0.0,0.4574490662139219,Medium Risk,Assistive Technology and Communication Support
NSW,25 to 34,Intellectual Disability,Unknown,64,0,50,8251.0,0.0,0.0077566355593261,50,0.0,0.2756154499151103,Medium Risk,Capacity Building - Social and Community Participation
NSW,25 to 34,Multiple Sclerosis,Unknown,60,0,50,162.0,0.0,0.3703703703703703,50,0.0,0.499660441426146,Medium Risk,Plan Utilisation Support
NSW,25 to 34,Other,Unknown,63,0,50,212.0,0.0,0.2971698113207547,50,0.0,0.4807512733446519,Medium Risk,Plan Utilisation Support
NSW,25 to 34,Other Neurological,Unknown,60,0,50,1075.0,0.0,0.055813953488372,50,0.0,0.344758064516129,Medium Risk,"Therapy, Assistive Technology, and Daily Living Support Review"
NSW,25 to 34,Other Physical,Unknown,59,0,50,531.0,0.0,0.1111111111111111,50,0.0,0.395946519524618,Medium Risk,Assistive Technology / Transport Support
NSW,25 to 34,Other Sensory/Speech,Unknown,40,0,50,28.0,0.0,1.4285714285714286,50,0.0,0.5984083191850594,Medium Risk,Plan Utilisation Support
NSW,25 to 34,Psychosocial disability,Unknown,66,0,50,4114.0,0.0,0.0160427807486631,50,0.0,0.2866935483870967,Medium Risk,Psychosocial Recovery and Community Participation
NSW,25 to 34,Spinal Cord Injury,Unknown,64,0,50,289.0,0.0,0.2214532871972318,50,0.0,0.4547750424448217,Medium Risk,Plan Utilisation Support
NSW,25 to 34,Stroke,Unknown,47,0,50,64.0,0.0,0.734375,50,0.0,0.553713921901528,Medium Risk,Plan Utilisation Support
NSW,25 to 34,Visual Impairment,Unknown,63,0,50,294.0,0.0,0.2142857142857142,50,0.0,0.4530560271646859,Medium Risk,Assistive Technology and Orientation Support
NSW,35 to 44,ABI,Unknown,64,0,50,2018.0,0.0,0.0317145688800792,50,0.0,0.3115237691001697,Medium Risk,Plan Utilisation Support
NSW,35 to 44,Autism,Unknown,64,0,50,3509.0,0.0,0.0182388144770589,50,0.0,0.2897495755517826,Medium Risk,Capacity Building - Improved Daily Living
NSW,35 to 44,Cerebral Palsy,Unknown,64,0,50,2345.0,0.0,0.0272921108742004,50,0.0,0.3035016977928692,Medium Risk,Plan Utilisation Support
NSW,35 to 44,Developmental delay,Unknown,4,0,50,1.0,0.0,4.0,50,0.0,0.6509337860780985,High Risk,Provider Availability Review
NSW,35 to 44,Down Syndrome,Unknown,64,0,50,2065.0,0.0,0.0309927360774818,50,0.0,0.3107597623089982,Medium Risk,Plan Utilisation Support
NSW,35 to 44,DsbltyGrp_Missing,Unknown,14,0,50,4.0,0.0,3.5,50,0.0,0.6461587436332767,High Risk,Provider Availability Review
NSW,35 to 44,Hearing Impairment,Unknown,64,0,50,243.0,0.0,0.2633744855967078,50,0.0,0.4696731748726656,Medium Risk,Assistive Technology and Communication Support
NSW,35 to 44,Intellectual Disability,Unknown,64,0,50,7135.0,0.0,0.0089698668535388,50,0.0,0.2763794567062818,Medium Risk,Capacity Building - Social and Community Participation
NSW,35 to 44,Multiple Sclerosis,Unknown,67,0,50,377.0,0.0,0.1777188328912466,50,0.0,0.4360568760611205,Medium Risk,Plan Utilisation Support
NSW,35 to 44,Other,Unknown,64,0,50,285.0,0.0,0.2245614035087719,50,0.0,0.4555390492359932,Medium Risk,Plan Utilisation Support
NSW,35 to 44,Other Neurological,Unknown,60,0,50,1547.0,0.0,0.0387847446670976,50,0.0,0.3226018675721562,Medium Risk,"Therapy, Assistive Technology, and Daily Living Support Review"
NSW,35 to 44,Other Physical,Unknown,64,0,50,817.0,0.0,0.0783353733170134,50,0.0,0.3672962648556876,Medium Risk,Assistive Technology / Transport Support
NSW,35 to 44,Other Sensory/Speech,Unknown,14,0,50,12.0,0.0,1.1666666666666667,50,0.0,0.5848471986417657,Medium Risk,Plan Utilisation Support
NSW,35 to 44,Psychosocial disability,Unknown,63,0,50,5845.0,0.0,0.0107784431137724,50,0.0,0.279053480475382,Medium Risk,Psychosocial Recovery and Community Participation
NSW,35 to 44,Spinal Cord Injury,Unknown,64,0,50,566.0,0.0,0.1130742049469964,50,0.0,0.3974745331069609,Medium Risk,Plan Utilisation Support
NSW,35 to 44,Stroke,Unknown,64,0,50,409.0,0.0,0.1564792176039119,50,0.0,0.4223047538200339,Medium Risk,Plan Utilisation Support
NSW,35 to 44,Visual Impairment,Unknown,60,0,50,337.0,0.0,0.1780415430267062,50,0.0,0.4364388794567063,Medium Risk,Assistive Technology and Orientation Support
NSW,45 to 54,ABI,Unknown,68,0,50,3058.0,0.0,0.0222367560497056,50,0.0,0.2954796264855687,Medium Risk,Plan Utilisation Support
NSW,45 to 54,Autism,Unknown,63,0,50,2065.0,0.0,0.0305084745762711,50,0.0,0.3099957555178268,Medium Risk,Capacity Building - Improved Daily Living
NSW,45 to 54,Cerebral Palsy,Unknown,64,0,50,2457.0,0.0,0.026048026048026,50,0.0,0.3019736842105263,Medium Risk,Plan Utilisation Support
NSW,45 to 54,Down Syndrome,Unknown,60,0,50,2039.0,0.0,0.0294261893084845,50,0.0,0.3069397283531409,Medium Risk,Plan Utilisation Support
NSW,45 to 54,DsbltyGrp_Missing,Unknown,20,0,50,8.0,0.0,2.5,50,0.0,0.6348896434634974,Medium Risk,Plan Utilisation Support
NSW,45 to 54,Hearing Impairment,Unknown,63,0,50,348.0,0.0,0.1810344827586207,50,0.0,0.4383488964346349,Medium Risk,Assistive Technology and Communication Support
NSW,45 to 54,Intellectual Disability,Unknown,67,0,50,6866.0,0.0,0.0097582289542674,50,0.0,0.2779074702886248,Medium Risk,Capacity Building - Social and Community Participation
NSW,45 to 54,Multiple Sclerosis,Unknown,64,0,50,1143.0,0.0,0.0559930008748906,50,0.0,0.3455220713073005,Medium Risk,Plan Utilisation Support
NSW,45 to 54,Other,Unknown,64,0,50,755.0,0.0,0.0847682119205298,50,0.0,0.3753183361629881,Medium Risk,Plan Utilisation Support
NSW,45 to 54,Other Neurological,Unknown,67,0,50,2264.0,0.0,0.0295936395759717,50,0.0,0.3073217317487266,Medium Risk,"Therapy, Assistive Technology, and Daily Living Support Review"
NSW,45 to 54,Other Physical,Unknown,64,0,50,1299.0,0.0,0.0492686682063125,50,0.0,0.3367359932088285,Medium Risk,Assistive Technology / Transport Support
NSW,45 to 54,Other Sensory/Speech,Unknown,18,0,50,4.0,0.0,4.5,50,0.0,0.6555178268251274,High Risk,Provider Availability Review
NSW,45 to 54,Psychosocial disability,Unknown,67,0,50,7238.0,0.0,0.0092567007460624,50,0.0,0.2771434634974533,Medium Risk,Psychosocial Recovery and Community Participation
NSW,45 to 54,Spinal Cord Injury,Unknown,68,0,50,726.0,0.0,0.09366391184573,50,0.0,0.3818123938879456,Medium Risk,Plan Utilisation Support
NSW,45 to 54,Stroke,Unknown,64,0,50,1502.0,0.0,0.0426098535286285,50,0.0,0.327185908319185,Medium Risk,Plan Utilisation Support
NSW,45 to 54,Visual Impairment,Unknown,64,0,50,572.0,0.0,0.1118881118881118,50,0.0,0.3967105263157894,Medium Risk,Assistive Technology and Orientation Support
NSW,55 to 64,ABI,Unknown,64,0,50,4100.0,0.0,0.0156097560975609,50,0.0,0.284783531409168,Medium Risk,Plan Utilisation Support
NSW,55 to 64,Autism,Unknown,63,0,50,1468.0,0.0,0.0429155313351498,50,0.0,0.3275679117147708,Medium Risk,Capacity Building - Improved Daily Living
NSW,55 to 64,Cerebral Palsy,Unknown,64,0,50,2007.0,0.0,0.0318883906327852,50,0.0,0.3122877758913412,Medium Risk,Plan Utilisation Support
NSW,55 to 64,Down Syndrome,Unknown,63,0,50,1973.0,0.0,0.0319310694374049,50,0.0,0.3126697792869269,Medium Risk,Plan Utilisation Support
NSW,55 to 64,DsbltyGrp_Missing,Unknown,21,0,50,12.0,0.0,1.75,50,0.0,0.613497453310696,Medium Risk,Plan Utilisation Support
NSW,55 to 64,Hearing Impairment,Unknown,67,0,50,498.0,0.0,0.1345381526104417,50,0.0,0.4100806451612903,Medium Risk,Assistive Technology and Communication Support
NSW,55 to 64,Intellectual Disability,Unknown,64,0,50,7005.0,0.0,0.0091363311920057,50,0.0,0.2767614601018675,Medium Risk,Capacity Building - Social and Community Participation
NSW,55 to 64,Multiple Sclerosis,Unknown,68,0,50,1597.0,0.0,0.0425798371947401,50,0.0,0.3268039049235993,Medium Risk,Plan Utilisation Support
NSW,55 to 64,Other,Unknown,64,0,50,1863.0,0.0,0.0343531937734836,50,0.0,0.3153438030560271,Medium Risk,Plan Utilisation Support
NSW,55 to 64,Other Neurological,Unknown,64,0,50,4564.0,0.0,0.0140227870289219,50,0.0,0.2821095076400678,Medium Risk,"Therapy, Assistive Technology, and Daily Living Support Review"
NSW,55 to 64,Other Physical,Unknown,64,0,50,2202.0,0.0,0.0290644868301544,50,0.0,0.3065577249575552,Medium Risk,Assistive Technology / Transport Support
NSW,55 to 64,Other Sensory/Speech,Unknown,24,0,50,8.0,0.0,3.0,50,0.0,0.6415747028862478,Medium Risk,Plan Utilisation Support
NSW,55 to 64,Psychosocial disability,Unknown,64,0,50,7385.0,0.0,0.0086662153012863,50,0.0,0.2759974533106961,Medium Risk,Psychosocial Recovery and Community Participation
NSW,55 to 64,Spinal Cord Injury,Unknown,64,0,50,1042.0,0.0,0.0614203454894433,50,0.0,0.3527801358234295,Medium Risk,Plan Utilisation Support
NSW,55 to 64,Stroke,Unknown,64,0,50,3070.0,0.0,0.0208469055374592,50,0.0,0.29356960950764,Medium Risk,Plan Utilisation Support
NSW,55 to 64,Visual Impairment,Unknown,64,0,50,978.0,0.0,0.065439672801636,50,0.0,0.3558361629881154,Medium Risk,Assistive Technology and Orientation Support
NSW,65+,ABI,Unknown,64,0,50,2959.0,0.0,0.0216289286921257,50,0.0,0.2943336162988115,Medium Risk,Plan Utilisation Support
NSW,65+,Autism,Unknown,60,0,50,719.0,0.0,0.0834492350486787,50,0.0,0.3734083191850594,Medium Risk,Capacity Building - Improved Daily Living
NSW,65+,Cerebral Palsy,Unknown,60,0,50,1121.0,0.0,0.0535236396074933,50,0.0,0.3420840407470288,Medium Risk,Plan Utilisation Support
NSW,65+,Down Syndrome,Unknown,56,0,50,462.0,0.0,0.1212121212121212,50,0.0,0.4037775891341256,Medium Risk,Plan Utilisation Support
NSW,65+,DsbltyGrp_Missing,Unknown,17,0,50,8.0,0.0,2.125,50,0.0,0.6266765704584041,Medium Risk,Plan Utilisation Support
NSW,65+,Hearing Impairment,Unknown,64,0,50,364.0,0.0,0.1758241758241758,50,0.0,0.4341468590831918,Medium Risk,Assistive Technology and Communication Support
NSW,65+,Intellectual Disability,Unknown,64,0,50,5154.0,0.0,0.012417539774932,50,0.0,0.2801994906621392,Medium Risk,Capacity Building - Social and Community Participation
NSW,65+,Multiple Sclerosis,Unknown,64,0,50,1333.0,0.0,0.0480120030007501,50,0.0,0.3340619694397283,Medium Risk,Plan Utilisation Support
NSW,65+,Other,Unknown,64,0,50,1439.0,0.0,0.0444753300903405,50,0.0,0.3302419354838709,Medium Risk,Plan Utilisation Support
NSW,65+,Other Neurological,Unknown,64,0,50,4261.0,0.0,0.0150199483689274,50,0.0,0.2836375212224108,Medium Risk,"Therapy, Assistive Technology, and Daily Living Support Review"
NSW,65+,Other Physical,Unknown,64,0,50,2219.0,0.0,0.0288418206399278,50,0.0,0.3054117147707979,Medium Risk,Assistive Technology / Transport Support
NSW,65+,Other Sensory/Speech,Unknown,19,0,50,8.0,0.0,2.375,50,0.0,0.6316426146010187,Medium Risk,Plan Utilisation Support
NSW,65+,Psychosocial disability,Unknown,64,0,50,5071.0,0.0,0.0126207848550581,50,0.0,0.2805814940577249,Medium Risk,Psychosocial Recovery and Community Participation
NSW,65+,Spinal Cord Injury,Unknown,64,0,50,859.0,0.0,0.0745052386495925,50,0.0,0.3650042444821731,Medium Risk,Plan Utilisation Support
NSW,65+,Stroke,Unknown,68,0,50,2868.0,0.0,0.0237099023709902,50,0.0,0.2977716468590832,Medium Risk,Plan Utilisation Support
NSW,65+,Visual Impairment,Unknown,64,0,50,814.0,0.0,0.0786240786240786,50,0.0,0.368060271646859,Medium Risk,Assistive Technology and Orientation Support
NSW,9 to 14,ABI,Unknown,61,0,50,236.0,0.0,0.2584745762711864,50,0.0,0.4669991511035654,Medium Risk,Plan Utilisation Support
NSW,9 to 14,Autism,Unknown,67,0,50,6764.0,0.0,0.0099053814311058,50,0.0,0.2786714770797962,Medium Risk,Capacity Building - Improved Daily Living
NSW,9 to 14,Cerebral Palsy,Unknown,62,0,50,794.0,0.0,0.0780856423173803,50,0.0,0.3669142614601018,Medium Risk,Plan Utilisation Support
NSW,9 to 14,Developmental delay,Unknown,50,0,50,146.0,0.0,0.3424657534246575,50,0.0,0.4914473684210526,Medium Risk,Capacity Building - Improved Daily Living
NSW,9 to 14,Down Syndrome,Unknown,60,0,50,594.0,0.0,0.101010101010101,50,0.0,0.3902164685908319,Medium Risk,Plan Utilisation Support
NSW,9 to 14,DsbltyGrp_Missing,Unknown,28,0,50,26.0,0.0,1.0769230769230769,50,0.0,0.5796901528013583,Medium Risk,Plan Utilisation Support
NSW,9 to 14,Global developmental delay,Unknown,51,0,50,216.0,0.0,0.2361111111111111,50,0.0,0.4605050933786078,Medium Risk,Capacity Building - Improved Daily Living
NSW,9 to 14,Hearing Impairment,Unknown,66,0,50,421.0,0.0,0.1567695961995249,50,0.0,0.4226867572156196,Medium Risk,Assistive Technology and Communication Support
NSW,9 to 14,Intellectual Disability,Unknown,64,0,50,2987.0,0.0,0.0214261801138265,50,0.0,0.2939516129032258,Medium Risk,Capacity Building - Social and Community Participation
NSW,9 to 14,Multiple Sclerosis,Unknown,4,0,50,1.0,0.0,4.0,50,0.0,0.6509337860780985,High Risk,Provider Availability Review
NSW,9 to 14,Other,Unknown,62,0,50,256.0,0.0,0.2421875,50,0.0,0.4620331069609508,Medium Risk,Plan Utilisation Support
NSW,9 to 14,Other Neurological,Unknown,60,0,50,404.0,0.0,0.1485148514851485,50,0.0,0.4173387096774194,Medium Risk,"Therapy, Assistive Technology, and Daily Living Support Review"
NSW,9 to 14,Other Physical,Unknown,63,0,50,264.0,0.0,0.2386363636363636,50,0.0,0.4612691001697793,Medium Risk,Assistive Technology / Transport Support
NSW,9 to 14,Other Sensory/Speech,Unknown,52,0,50,190.0,0.0,0.2736842105263158,50,0.0,0.4723471986417657,Medium Risk,Plan Utilisation Support
NSW,9 to 14,Psychosocial disability,Unknown,46,0,50,36.0,0.0,1.2777777777777777,50,0.0,0.5938242784380305,Medium Risk,Psychosocial Recovery and Community Participation
NSW,9 to 14,Spinal Cord Injury,Unknown,27,0,50,4.0,0.0,6.75,50,0.0,0.6849320882852292,High Risk,Provider Availability Review
NSW,9 to 14,Stroke,Unknown,29,0,50,1.0,0.0,29.0,50,0.0,0.7240874363327674,High Risk,Provider Availability Review
NSW,9 to 14,Visual Impairment,Unknown,58,0,50,158.0,0.0,0.3670886075949367,50,0.0,0.4987054329371816,Medium Risk,Assistive Technology and Orientation Support
NT,0 to 8,ABI,Unknown,18,0,50,8.0,0.0,2.25,50,0.0,0.6295415959252971,Medium Risk,Plan Utilisation Support
NT,0 to 8,Autism,Unknown,29,0,50,164.0,0.0,0.1768292682926829,50,0.0,0.4349108658743633,Medium Risk,Capacity Building - Improved Daily Living
NT,0 to 8,Cerebral Palsy,Unknown,16,0,50,18.0,0.0,0.8888888888888888,50,0.0,0.5670840407470289,Medium Risk,Plan Utilisation Support
NT,0 to 8,Developmental delay,Unknown,28,0,50,204.0,0.0,0.1372549019607843,50,0.0,0.4123726655348048,Medium Risk,Capacity Building - Improved Daily Living
NT,0 to 8,Down Syndrome,Unknown,24,0,50,28.0,0.0,0.8571428571428571,50,0.0,0.5636460101867572,Medium Risk,Plan Utilisation Support
NT,0 to 8,DsbltyGrp_Missing,Unknown,9,0,50,1.0,0.0,9.0,50,0.0,0.7019312393887945,High Risk,Provider Availability Review
NT,0 to 8,Global developmental delay,Unknown,27,0,50,152.0,0.0,0.1776315789473684,50,0.0,0.4356748726655348,Medium Risk,Capacity Building - Improved Daily Living
NT,0 to 8,Hearing Impairment,Unknown,24,0,50,36.0,0.0,0.6666666666666666,50,0.0,0.5460738539898132,Medium Risk,Assistive Technology and Communication Support
NT,0 to 8,Intellectual Disability,Unknown,30,0,50,86.0,0.0,0.3488372093023256,50,0.0,0.4929753820033956,Medium Risk,Capacity Building - Social and Community Participation
NT,0 to 8,Other,Unknown,17,0,50,4.0,0.0,4.25,50,0.0,0.6534168081494058,High Risk,Provider Availability Review
NT,0 to 8,Other Neurological,Unknown,16,0,50,10.0,0.0,1.6,50,0.0,0.6098684210526316,Medium Risk,"Therapy, Assistive Technology, and Daily Living Support Review"
NT,0 to 8,Other Physical,Unknown,18,0,50,12.0,0.0,1.5,50,0.0,0.6037563667232597,Medium Risk,Assistive Technology / Transport Support
NT,0 to 8,Spinal Cord Injury,Unknown,6,0,50,1.0,0.0,6.0,50,0.0,0.671943972835314,High Risk,Provider Availability Review
NT,0 to 8,Stroke,Unknown,8,0,50,4.0,0.0,2.0,50,0.0,0.622474533106961,High Risk,Provider Availability Review
NT,0 to 8,Visual Impairment,Unknown,12,0,50,4.0,0.0,3.0,50,0.0,0.6415747028862478,High Risk,Provider Availability Review
NT,15 to 18,ABI,Unknown,12,0,50,1.0,0.0,12.0,50,0.0,0.7089983022071308,High Risk,Provider Availability Review
NT,15 to 18,Autism,Unknown,27,0,50,230.0,0.0,0.117391304347826,50,0.0,0.3990025466893039,Medium Risk,Capacity Building - Improved Daily Living
NT,15 to 18,Cerebral Palsy,Unknown,21,0,50,40.0,0.0,0.525,50,0.0,0.5250636672325976,Medium Risk,Plan Utilisation Support
NT,15 to 18,Down Syndrome,Unknown,14,0,50,18.0,0.0,0.7777777777777778,50,0.0,0.5567699490662139,Medium Risk,Plan Utilisation Support
NT,15 to 18,Hearing Impairment,Unknown,22,0,50,12.0,0.0,1.8333333333333333,50,0.0,0.6154074702886247,Medium Risk,Assistive Technology and Communication Support
NT,15 to 18,Intellectual Disability,Unknown,28,0,50,304.0,0.0,0.0921052631578947,50,0.0,0.3810483870967742,Medium Risk,Capacity Building - Social and Community Participation
NT,15 to 18,Other,Unknown,9,0,50,4.0,0.0,2.25,50,0.0,0.6295415959252971,High Risk,Provider Availability Review
NT,15 to 18,Other Neurological,Unknown,27,0,50,28.0,0.0,0.9642857142857144,50,0.0,0.5714770797962648,Medium Risk,"Therapy, Assistive Technology, and Daily Living Support Review"
NT,15 to 18,Other Physical,Unknown,19,0,50,12.0,0.0,1.5833333333333333,50,0.0,0.6091044142614601,Medium Risk,Assistive Technology / Transport Support
NT,15 to 18,Other Sensory/Speech,Unknown,17,0,50,8.0,0.0,2.125,50,0.0,0.6266765704584041,Medium Risk,Plan Utilisation Support
NT,15 to 18,Psychosocial disability,Unknown,9,0,50,1.0,0.0,9.0,50,0.0,0.7019312393887945,High Risk,Provider Availability Review
NT,15 to 18,Spinal Cord Injury,Unknown,12,0,50,8.0,0.0,1.5,50,0.0,0.6037563667232597,Medium Risk,Plan Utilisation Support
NT,15 to 18,Stroke,Unknown,9,0,50,8.0,0.0,1.125,50,0.0,0.5825551782682513,Medium Risk,Plan Utilisation Support
NT,15 to 18,Visual Impairment,Unknown,6,0,50,1.0,0.0,6.0,50,0.0,0.671943972835314,High Risk,Provider Availability Review
NT,19 to 24,ABI,Unknown,18,0,50,59.0,0.0,0.3050847457627119,50,0.0,0.4822792869269949,Medium Risk,Plan Utilisation Support
NT,19 to 24,Autism,Unknown,25,0,50,190.0,0.0,0.131578947368421,50,0.0,0.4077886247877759,Medium Risk,Capacity Building - Improved Daily Living
NT,19 to 24,Cerebral Palsy,Unknown,24,0,50,78.0,0.0,0.3076923076923077,50,0.0,0.4830432937181663,Medium Risk,Plan Utilisation Support
NT,19 to 24,Down Syndrome,Unknown,18,0,50,36.0,0.0,0.5,50,0.0,0.5223896434634975,Medium Risk,Plan Utilisation Support
NT,19 to 24,Hearing Impairment,Unknown,18,0,50,28.0,0.0,0.6428571428571429,50,0.0,0.54053480475382,Medium Risk,Assistive Technology and Communication Support
NT,19 to 24,Intellectual Disability,Unknown,30,0,50,275.0,0.0,0.109090909090909,50,0.0,0.3948005093378607,Medium Risk,Capacity Building - Social and Community Participation
NT,19 to 24,Other,Unknown,12,0,50,16.0,0.0,0.75,50,0.0,0.5548599320882852,Medium Risk,Plan Utilisation Support
NT,19 to 24,Other Neurological,Unknown,18,0,50,52.0,0.0,0.3461538461538461,50,0.0,0.4918293718166383,Medium Risk,"Therapy, Assistive Technology, and Daily Living Support Review"
NT,19 to 24,Other Physical,Unknown,22,0,50,8.0,0.0,2.75,50,0.0,0.6390916808149406,Medium Risk,Assistive Technology / Transport Support
NT,19 to 24,Other Sensory/Speech,Unknown,6,0,50,1.0,0.0,6.0,50,0.0,0.671943972835314,High Risk,Provider Availability Review
NT,19 to 24,Psychosocial disability,Unknown,18,0,50,106.0,0.0,0.1698113207547169,50,0.0,0.4307088285229202,Medium Risk,Psychosocial Recovery and Community Participation
NT,19 to 24,Spinal Cord Injury,Unknown,8,0,50,4.0,0.0,2.0,50,0.0,0.622474533106961,High Risk,Provider Availability Review
NT,19 to 24,Stroke,Unknown,8,0,50,4.0,0.0,2.0,50,0.0,0.622474533106961,High Risk,Provider Availability Review
NT,19 to 24,Visual Impairment,Unknown,14,0,50,12.0,0.0,1.1666666666666667,50,0.0,0.5848471986417657,Medium Risk,Assistive Technology and Orientation Support
NT,25 to 34,ABI,Unknown,28,0,50,107.0,0.0,0.2616822429906542,50,0.0,0.4685271646859083,Medium Risk,Plan Utilisation Support
NT,25 to 34,Autism,Unknown,27,0,50,135.0,0.0,0.2,50,0.0,0.4465619694397283,Medium Risk,Capacity Building - Improved Daily Living
NT,25 to 34,Cerebral Palsy,Unknown,28,0,50,156.0,0.0,0.1794871794871795,50,0.0,0.436820882852292,Medium Risk,Plan Utilisation Support
NT,25 to 34,Down Syndrome,Unknown,20,0,50,44.0,0.0,0.4545454545454545,50,0.0,0.5160865874363327,Medium Risk,Plan Utilisation Support
NT,25 to 34,DsbltyGrp_Missing,Unknown,6,0,50,4.0,0.0,1.5,50,0.0,0.6037563667232597,High Risk,Provider Availability Review
NT,25 to 34,Hearing Impairment,Unknown,22,0,50,38.0,0.0,0.5789473684210527,50,0.0,0.5327037351443124,Medium Risk,Assistive Technology and Communication Support
NT,25 to 34,Intellectual Disability,Unknown,29,0,50,298.0,0.0,0.0973154362416107,50,0.0,0.3848684210526316,Medium Risk,Capacity Building - Social and Community Participation
NT,25 to 34,Multiple Sclerosis,Unknown,12,0,50,8.0,0.0,1.5,50,0.0,0.6037563667232597,Medium Risk,Plan Utilisation Support
NT,25 to 34,Other,Unknown,12,0,50,20.0,0.0,0.6,50,0.0,0.5353777589134125,Medium Risk,Plan Utilisation Support
NT,25 to 34,Other Neurological,Unknown,21,0,50,32.0,0.0,0.65625,50,0.0,0.543399830220713,Medium Risk,"Therapy, Assistive Technology, and Daily Living Support Review"
NT,25 to 34,Other Physical,Unknown,20,0,50,20.0,0.0,1.0,50,0.0,0.5749151103565365,Medium Risk,Assistive Technology / Transport Support
NT,25 to 34,Psychosocial disability,Unknown,24,0,50,242.0,0.0,0.0991735537190082,50,0.0,0.387160441426146,Medium Risk,Psychosocial Recovery and Community Participation
NT,25 to 34,Spinal Cord Injury,Unknown,23,0,50,32.0,0.0,0.71875,50,0.0,0.5529499151103565,Medium Risk,Plan Utilisation Support
NT,25 to 34,Stroke,Unknown,18,0,50,34.0,0.0,0.5294117647058824,50,0.0,0.5258276740237691,Medium Risk,Plan Utilisation Support
NT,25 to 34,Visual Impairment,Unknown,15,0,50,34.0,0.0,0.4411764705882353,50,0.0,0.5143675721561969,Medium Risk,Assistive Technology and Orientation Support
NT,35 to 44,ABI,Unknown,27,0,50,202.0,0.0,0.1336633663366336,50,0.0,0.4096986417657046,Medium Risk,Plan Utilisation Support
NT,35 to 44,Autism,Unknown,11,0,50,68.0,0.0,0.1617647058823529,50,0.0,0.4261247877758913,Medium Risk,Capacity Building - Improved Daily Living
NT,35 to 44,Cerebral Palsy,Unknown,24,0,50,121.0,0.0,0.1983471074380165,50,0.0,0.445606960950764,Medium Risk,Plan Utilisation Support
NT,35 to 44,Down Syndrome,Unknown,14,0,50,70.0,0.0,0.2,50,0.0,0.4465619694397283,Medium Risk,Plan Utilisation Support
NT,35 to 44,Hearing Impairment,Unknown,19,0,50,48.0,0.0,0.3958333333333333,50,0.0,0.5055814940577249,Medium Risk,Assistive Technology and Communication Support
NT,35 to 44,Intellectual Disability,Unknown,29,0,50,320.0,0.0,0.090625,50,0.0,0.379902376910017,Medium Risk,Capacity Building - Social and Community Participation
NT,35 to 44,Multiple Sclerosis,Unknown,15,0,50,4.0,0.0,3.75,50,0.0,0.6480687606112054,High Risk,Provider Availability Review
NT,35 to 44,Other,Unknown,24,0,50,56.0,0.0,0.4285714285714285,50,0.0,0.511502546689304,Medium Risk,Plan Utilisation Support
NT,35 to 44,Other Neurological,Unknown,20,0,50,46.0,0.0,0.4347826086956521,50,0.0,0.5122665534804753,Medium Risk,"Therapy, Assistive Technology, and Daily Living Support Review"
NT,35 to 44,Other Physical,Unknown,24,0,50,62.0,0.0,0.3870967741935484,50,0.0,0.5032894736842105,Medium Risk,Assistive Technology / Transport Support
NT,35 to 44,Other Sensory/Speech,Unknown,6,0,50,4.0,0.0,1.5,50,0.0,0.6037563667232597,High Risk,Provider Availability Review
NT,35 to 44,Psychosocial disability,Unknown,26,0,50,291.0,0.0,0.0893470790378006,50,0.0,0.3791383701188455,Medium Risk,Psychosocial Recovery and Community Participation
NT,35 to 44,Spinal Cord Injury,Unknown,28,0,50,64.0,0.0,0.4375,50,0.0,0.5134125636672326,Medium Risk,Plan Utilisation Support
NT,35 to 44,Stroke,Unknown,26,0,50,46.0,0.0,0.5652173913043478,50,0.0,0.530411714770798,Medium Risk,Plan Utilisation Support
NT,35 to 44,Visual Impairment,Unknown,18,0,50,24.0,0.0,0.75,50,0.0,0.5548599320882852,Medium Risk,Assistive Technology and Orientation Support
NT,45 to 54,ABI,Unknown,27,0,50,266.0,0.0,0.1015037593984962,50,0.0,0.3905984719864176,Medium Risk,Plan Utilisation Support
NT,45 to 54,Autism,Unknown,17,0,50,108.0,0.0,0.1574074074074074,50,0.0,0.4234507640067911,Medium Risk,Capacity Building - Improved Daily Living
NT,45 to 54,Cerebral Palsy,Unknown,20,0,50,122.0,0.0,0.1639344262295081,50,0.0,0.4274617996604414,Medium Risk,Plan Utilisation Support
NT,45 to 54,Down Syndrome,Unknown,12,0,50,34.0,0.0,0.3529411764705882,50,0.0,0.4945033955857385,Medium Risk,Plan Utilisation Support
NT,45 to 54,Hearing Impairment,Unknown,22,0,50,36.0,0.0,0.6111111111111112,50,0.0,0.5367147707979627,Medium Risk,Assistive Technology and Communication Support
NT,45 to 54,Intellectual Disability,Unknown,25,0,50,206.0,0.0,0.1213592233009708,50,0.0,0.4043505942275042,Medium Risk,Capacity Building - Social and Community Participation
NT,45 to 54,Multiple Sclerosis,Unknown,16,0,50,16.0,0.0,1.0,50,0.0,0.5749151103565365,Medium Risk,Plan Utilisation Support
NT,45 to 54,Other,Unknown,31,0,50,119.0,0.0,0.2605042016806723,50,0.0,0.4681451612903226,Medium Risk,Plan Utilisation Support
NT,45 to 54,Other Neurological,Unknown,23,0,50,117.0,0.0,0.1965811965811965,50,0.0,0.4448429541595925,Medium Risk,"Therapy, Assistive Technology, and Daily Living Support Review"
NT,45 to 54,Other Physical,Unknown,28,0,50,60.0,0.0,0.4666666666666667,50,0.0,0.5181876061120543,Medium Risk,Assistive Technology / Transport Support
NT,45 to 54,Psychosocial disability,Unknown,20,0,50,280.0,0.0,0.0714285714285714,50,0.0,0.3602292020373514,Medium Risk,Psychosocial Recovery and Community Participation
NT,45 to 54,Spinal Cord Injury,Unknown,28,0,50,50.0,0.0,0.56,50,0.0,0.5296477079796265,Medium Risk,Plan Utilisation Support
NT,45 to 54,Stroke,Unknown,31,0,50,152.0,0.0,0.2039473684210526,50,0.0,0.4486629881154499,Medium Risk,Plan Utilisation Support
NT,45 to 54,Visual Impairment,Unknown,22,0,50,20.0,0.0,1.1,50,0.0,0.5808361629881155,Medium Risk,Assistive Technology and Orientation Support
NT,55 to 64,ABI,Unknown,31,0,50,300.0,0.0,0.1033333333333333,50,0.0,0.3921264855687606,Medium Risk,Plan Utilisation Support
NT,55 to 64,Autism,Unknown,13,0,50,32.0,0.0,0.40625,50,0.0,0.5078735144312394,Medium Risk,Capacity Building - Improved Daily Living
NT,55 to 64,Cerebral Palsy,Unknown,24,0,50,83.0,0.0,0.2891566265060241,50,0.0,0.479223259762309,Medium Risk,Plan Utilisation Support
NT,55 to 64,Down Syndrome,Unknown,8,0,50,1.0,0.0,8.0,50,0.0,0.6941001697792869,High Risk,Provider Availability Review
NT,55 to 64,DsbltyGrp_Missing,Unknown,6,0,50,8.0,0.0,0.75,50,0.0,0.5548599320882852,Medium Risk,Plan Utilisation Support
NT,55 to 64,Hearing Impairment,Unknown,23,0,50,26.0,0.0,0.8846153846153846,50,0.0,0.5667020373514431,Medium Risk,Assistive Technology and Communication Support
NT,55 to 64,Intellectual Disability,Unknown,28,0,50,238.0,0.0,0.1176470588235294,50,0.0,0.3995755517826825,Medium Risk,Capacity Building - Social and Community Participation
NT,55 to 64,Multiple Sclerosis,Unknown,12,0,50,10.0,0.0,1.2,50,0.0,0.5869482173174873,Medium Risk,Plan Utilisation Support
NT,55 to 64,Other,Unknown,32,0,50,164.0,0.0,0.1951219512195122,50,0.0,0.4444609507640068,Medium Risk,Plan Utilisation Support
NT,55 to 64,Other Neurological,Unknown,28,0,50,221.0,0.0,0.1266968325791855,50,0.0,0.4062606112054329,Medium Risk,"Therapy, Assistive Technology, and Daily Living Support Review"
NT,55 to 64,Other Physical,Unknown,32,0,50,120.0,0.0,0.2666666666666666,50,0.0,0.4708191850594228,Medium Risk,Assistive Technology / Transport Support
NT,55 to 64,Other Sensory/Speech,Unknown,9,0,50,4.0,0.0,2.25,50,0.0,0.6295415959252971,High Risk,Provider Availability Review
NT,55 to 64,Psychosocial disability,Unknown,25,0,50,210.0,0.0,0.119047619047619,50,0.0,0.4016765704584041,Medium Risk,Psychosocial Recovery and Community Participation
NT,55 to 64,Spinal Cord Injury,Unknown,26,0,50,84.0,0.0,0.3095238095238095,50,0.0,0.4838073005093378,Medium Risk,Plan Utilisation Support
NT,55 to 64,Stroke,Unknown,32,0,50,243.0,0.0,0.1316872427983539,50,0.0,0.4081706281833616,Medium Risk,Plan Utilisation Support
NT,55 to 64,Visual Impairment,Unknown,23,0,50,40.0,0.0,0.575,50,0.0,0.5323217317487267,Medium Risk,Assistive Technology and Orientation Support
NT,65+,ABI,Unknown,25,0,50,88.0,0.0,0.2840909090909091,50,0.0,0.4757852292020373,Medium Risk,Plan Utilisation Support
NT,65+,Autism,Unknown,6,0,50,1.0,0.0,6.0,50,0.0,0.671943972835314,High Risk,Provider Availability Review
NT,65+,Cerebral Palsy,Unknown,16,0,50,35.0,0.0,0.4571428571428571,50,0.0,0.5170415959252971,Medium Risk,Plan Utilisation Support
NT,65+,Hearing Impairment,Unknown,18,0,50,28.0,0.0,0.6428571428571429,50,0.0,0.54053480475382,Medium Risk,Assistive Technology and Communication Support
NT,65+,Intellectual Disability,Unknown,23,0,50,92.0,0.0,0.25,50,0.0,0.4654711375212224,Medium Risk,Capacity Building - Social and Community Participation
NT,65+,Multiple Sclerosis,Unknown,12,0,50,12.0,0.0,1.0,50,0.0,0.5749151103565365,Medium Risk,Plan Utilisation Support
NT,65+,Other,Unknown,20,0,50,111.0,0.0,0.1801801801801801,50,0.0,0.4375848896434635,Medium Risk,Plan Utilisation Support
NT,65+,Other Neurological,Unknown,22,0,50,120.0,0.0,0.1833333333333333,50,0.0,0.4402589134125637,Medium Risk,"Therapy, Assistive Technology, and Daily Living Support Review"
NT,65+,Other Physical,Unknown,27,0,50,82.0,0.0,0.3292682926829268,50,0.0,0.4876273344651952,Medium Risk,Assistive Technology / Transport Support
NT,65+,Psychosocial disability,Unknown,23,0,50,66.0,0.0,0.3484848484848485,50,0.0,0.4925933786078098,Medium Risk,Psychosocial Recovery and Community Participation
NT,65+,Spinal Cord Injury,Unknown,20,0,50,40.0,0.0,0.5,50,0.0,0.5223896434634975,Medium Risk,Plan Utilisation Support
NT,65+,Stroke,Unknown,32,0,50,194.0,0.0,0.1649484536082474,50,0.0,0.4284168081494057,Medium Risk,Plan Utilisation Support
NT,65+,Visual Impairment,Unknown,12,0,50,32.0,0.0,0.375,50,0.0,0.5008064516129033,Medium Risk,Assistive Technology and Orientation Support
NT,9 to 14,ABI,Unknown,20,0,50,28.0,0.0,0.7142857142857143,50,0.0,0.5519949066213922,Medium Risk,Plan Utilisation Support
NT,9 to 14,Autism,Unknown,29,0,50,304.0,0.0,0.0953947368421052,50,0.0,0.3841044142614601,Medium Risk,Capacity Building - Improved Daily Living
NT,9 to 14,Cerebral Palsy,Unknown,22,0,50,56.0,0.0,0.3928571428571428,50,0.0,0.5044354838709677,Medium Risk,Plan Utilisation Support
NT,9 to 14,Developmental delay,Unknown,9,0,50,20.0,0.0,0.45,50,0.0,0.5151315789473684,Medium Risk,Capacity Building - Improved Daily Living
NT,9 to 14,Down Syndrome,Unknown,17,0,50,26.0,0.0,0.6538461538461539,50,0.0,0.5424448217317487,Medium Risk,Plan Utilisation Support
NT,9 to 14,Global developmental delay,Unknown,6,0,50,4.0,0.0,1.5,50,0.0,0.6037563667232597,High Risk,Provider Availability Review
NT,9 to 14,Hearing Impairment,Unknown,27,0,50,40.0,0.0,0.675,50,0.0,0.5487478777589134,Medium Risk,Assistive Technology and Communication Support
NT,9 to 14,Intellectual Disability,Unknown,30,0,50,244.0,0.0,0.1229508196721311,50,0.0,0.40473259762309,Medium Risk,Capacity Building - Social and Community Participation
NT,9 to 14,Other,Unknown,18,0,50,30.0,0.0,0.6,50,0.0,0.5353777589134125,Medium Risk,Plan Utilisation Support
NT,9 to 14,Other Neurological,Unknown,25,0,50,26.0,0.0,0.9615384615384616,50,0.0,0.5705220713073005,Medium Risk,"Therapy, Assistive Technology, and Daily Living Support Review"
NT,9 to 14,Other Physical,Unknown,29,0,50,34.0,0.0,0.8529411764705882,50,0.0,0.5632640067911715,Medium Risk,Assistive Technology / Transport Support
NT,9 to 14,Other Sensory/Speech,Unknown,6,0,50,4.0,0.0,1.5,50,0.0,0.6037563667232597,High Risk,Provider Availability Review
NT,9 to 14,Visual Impairment,Unknown,9,0,50,8.0,0.0,1.125,50,0.0,0.5825551782682513,Medium Risk,Assistive Technology and Orientation Support
OT,0 to 8,Autism,Unknown,6,0,50,4.0,0.0,1.5,50,0.0,0.6037563667232597,High Risk,Provider Availability Review
OT,0 to 8,Developmental delay,Unknown,6,0,50,1.0,0.0,6.0,50,0.0,0.671943972835314,High Risk,Provider Availability Review
OT,0 to 8,Global developmental delay,Unknown,6,0,50,4.0,0.0,1.5,50,0.0,0.6037563667232597,High Risk,Provider Availability Review
OT,0 to 8,Other Neurological,Unknown,8,0,50,1.0,0.0,8.0,50,0.0,0.6941001697792869,High Risk,Provider Availability Review
OT,15 to 18,Autism,Unknown,6,0,50,4.0,0.0,1.5,50,0.0,0.6037563667232597,High Risk,Provider Availability Review
OT,15 to 18,Down Syndrome,Unknown,6,0,50,1.0,0.0,6.0,50,0.0,0.671943972835314,High Risk,Provider Availability Review
OT,15 to 18,Other Neurological,Unknown,6,0,50,1.0,0.0,6.0,50,0.0,0.671943972835314,High Risk,Provider Availability Review
OT,19 to 24,Autism,Unknown,6,0,50,1.0,0.0,6.0,50,0.0,0.671943972835314,High Risk,Provider Availability Review
OT,19 to 24,Down Syndrome,Unknown,6,0,50,1.0,0.0,6.0,50,0.0,0.671943972835314,High Risk,Provider Availability Review
OT,19 to 24,Intellectual Disability,Unknown,8,0,50,4.0,0.0,2.0,50,0.0,0.622474533106961,High Risk,Provider Availability Review
OT,19 to 24,Other Physical,Unknown,8,0,50,1.0,0.0,8.0,50,0.0,0.6941001697792869,High Risk,Provider Availability Review
OT,25 to 34,Autism,Unknown,8,0,50,12.0,0.0,0.6666666666666666,50,0.0,0.5460738539898132,Medium Risk,Capacity Building - Improved Daily Living
OT,25 to 34,Intellectual Disability,Unknown,6,0,50,1.0,0.0,6.0,50,0.0,0.671943972835314,High Risk,Provider Availability Review
OT,25 to 34,Psychosocial disability,Unknown,6,0,50,1.0,0.0,6.0,50,0.0,0.671943972835314,High Risk,Provider Availability Review
OT,35 to 44,Autism,Unknown,6,0,50,1.0,0.0,6.0,50,0.0,0.671943972835314,High Risk,Provider Availability Review
OT,35 to 44,Down Syndrome,Unknown,6,0,50,1.0,0.0,6.0,50,0.0,0.671943972835314,High Risk,Provider Availability Review
OT,35 to 44,Intellectual Disability,Unknown,6,0,50,4.0,0.0,1.5,50,0.0,0.6037563667232597,High Risk,Provider Availability Review
OT,45 to 54,ABI,Unknown,8,0,50,1.0,0.0,8.0,50,0.0,0.6941001697792869,High Risk,Provider Availability Review
OT,45 to 54,Hearing Impairment,Unknown,8,0,50,1.0,0.0,8.0,50,0.0,0.6941001697792869,High Risk,Provider Availability Review
OT,45 to 54,Psychosocial disability,Unknown,6,0,50,1.0,0.0,6.0,50,0.0,0.671943972835314,High Risk,Provider Availability Review
OT,55 to 64,Autism,Unknown,6,0,50,4.0,0.0,1.5,50,0.0,0.6037563667232597,High Risk,Provider Availability Review
OT,55 to 64,Other Neurological,Unknown,8,0,50,1.0,0.0,8.0,50,0.0,0.6941001697792869,High Risk,Provider Availability Review
OT,55 to 64,Other Physical,Unknown,6,0,50,1.0,0.0,6.0,50,0.0,0.671943972835314,High Risk,Provider Availability Review
OT,55 to 64,Other Sensory/Speech,Unknown,6,0,50,1.0,0.0,6.0,50,0.0,0.671943972835314,High Risk,Provider Availability Review
OT,55 to 64,Psychosocial disability,Unknown,6,0,50,1.0,0.0,6.0,50,0.0,0.671943972835314,High Risk,Provider Availability Review
OT,55 to 64,Spinal Cord Injury,Unknown,8,0,50,1.0,0.0,8.0,50,0.0,0.6941001697792869,High Risk,Provider Availability Review
OT,55 to 64,Stroke,Unknown,8,0,50,8.0,0.0,1.0,50,0.0,0.5749151103565365,Medium Risk,Plan Utilisation Support
OT,65+,Other Neurological,Unknown,8,0,50,1.0,0.0,8.0,50,0.0,0.6941001697792869,High Risk,Provider Availability Review
OT,65+,Other Physical,Unknown,8,0,50,1.0,0.0,8.0,50,0.0,0.6941001697792869,High Risk,Provider Availability Review
OT,9 to 14,Autism,Unknown,8,0,50,12.0,0.0,0.6666666666666666,50,0.0,0.5460738539898132,Medium Risk,Capacity Building - Improved Daily Living
OT,9 to 14,Hearing Impairment,Unknown,8,0,50,1.0,0.0,8.0,50,0.0,0.6941001697792869,High Risk,Provider Availability Review
OT,9 to 14,Intellectual Disability,Unknown,6,0,50,1.0,0.0,6.0,50,0.0,0.671943972835314,High Risk,Provider Availability Review
QLD,0 to 8,ABI,Unknown,48,0,50,20.0,0.0,2.4,50,0.0,0.632597623089983,Medium Risk,Plan Utilisation Support
QLD,0 to 8,Autism,Unknown,56,0,50,1473.0,0.0,0.0380176510522742,50,0.0,0.3195458404074702,Medium Risk,Capacity Building - Improved Daily Living
QLD,0 to 8,Cerebral Palsy,Unknown,56,0,50,210.0,0.0,0.2666666666666666,50,0.0,0.4708191850594228,Medium Risk,Plan Utilisation Support
QLD,0 to 8,Developmental delay,Unknown,56,0,50,1124.0,0.0,0.0498220640569395,50,0.0,0.3374999999999999,Medium Risk,Capacity Building - Improved Daily Living
QLD,0 to 8,Down Syndrome,Unknown,56,0,50,36.0,0.0,1.5555555555555556,50,0.0,0.6083404074702886,Medium Risk,Plan Utilisation Support
QLD,0 to 8,DsbltyGrp_Missing,Unknown,42,0,50,1.0,0.0,42.0,50,0.0,0.7252334465195246,High Risk,Provider Availability Review
QLD,0 to 8,Global developmental delay,Unknown,56,0,50,664.0,0.0,0.0843373493975903,50,0.0,0.3745543293718166,Medium Risk,Capacity Building - Improved Daily Living
QLD,0 to 8,Hearing Impairment,Unknown,55,0,50,150.0,0.0,0.3666666666666666,50,0.0,0.4983234295415959,Medium Risk,Assistive Technology and Communication Support
QLD,0 to 8,Intellectual Disability,Unknown,56,0,50,298.0,0.0,0.1879194630872483,50,0.0,0.4421689303904923,Medium Risk,Capacity Building - Social and Community Participation
QLD,0 to 8,Other,Unknown,54,0,50,24.0,0.0,2.25,50,0.0,0.6295415959252971,Medium Risk,Plan Utilisation Support
QLD,0 to 8,Other Neurological,Unknown,55,0,50,36.0,0.0,1.5277777777777777,50,0.0,0.6075764006791171,Medium Risk,"Therapy, Assistive Technology, and Daily Living Support Review"
QLD,0 to 8,Other Physical,Unknown,54,0,50,36.0,0.0,1.5,50,0.0,0.6037563667232597,Medium Risk,Assistive Technology / Transport Support
QLD,0 to 8,Other Sensory/Speech,Unknown,27,0,50,1.0,0.0,27.0,50,0.0,0.7237054329371817,High Risk,Provider Availability Review
QLD,0 to 8,Psychosocial disability,Unknown,12,0,50,1.0,0.0,12.0,50,0.0,0.7089983022071308,High Risk,Provider Availability Review
QLD,0 to 8,Spinal Cord Injury,Unknown,8,0,50,1.0,0.0,8.0,50,0.0,0.6941001697792869,High Risk,Provider Availability Review
QLD,0 to 8,Stroke,Unknown,26,0,50,1.0,0.0,26.0,50,0.0,0.723132427843803,High Risk,Provider Availability Review
QLD,0 to 8,Visual Impairment,Unknown,53,0,50,8.0,0.0,6.625,50,0.0,0.6843590831918506,Medium Risk,Assistive Technology and Orientation Support
QLD,15 to 18,ABI,Unknown,55,0,50,204.0,0.0,0.2696078431372549,50,0.0,0.4719651952461799,Medium Risk,Plan Utilisation Support
QLD,15 to 18,Autism,Unknown,59,0,50,3023.0,0.0,0.0195170360568971,50,0.0,0.2916595925297113,Medium Risk,Capacity Building - Improved Daily Living
QLD,15 to 18,Cerebral Palsy,Unknown,56,0,50,339.0,0.0,0.1651917404129793,50,0.0,0.4287988115449915,Medium Risk,Plan Utilisation Support
QLD,15 to 18,Down Syndrome,Unknown,56,0,50,215.0,0.0,0.2604651162790697,50,0.0,0.4677631578947368,Medium Risk,Plan Utilisation Support
QLD,15 to 18,DsbltyGrp_Missing,Unknown,17,0,50,1.0,0.0,17.0,50,0.0,0.7177843803056028,High Risk,Provider Availability Review
QLD,15 to 18,Hearing Impairment,Unknown,55,0,50,68.0,0.0,0.8088235294117647,50,0.0,0.5582979626485569,Medium Risk,Assistive Technology and Communication Support
QLD,15 to 18,Intellectual Disability,Unknown,56,0,50,1577.0,0.0,0.0355104629042485,50,0.0,0.3161078098471986,Medium Risk,Capacity Building - Social and Community Participation
QLD,15 to 18,Multiple Sclerosis,Unknown,14,0,50,1.0,0.0,14.0,50,0.0,0.7120543293718167,High Risk,Provider Availability Review
QLD,15 to 18,Other,Unknown,53,0,50,28.0,0.0,1.8928571428571428,50,0.0,0.6167444821731749,Medium Risk,Plan Utilisation Support
QLD,15 to 18,Other Neurological,Unknown,56,0,50,178.0,0.0,0.3146067415730337,50,0.0,0.4845713073005093,Medium Risk,"Therapy, Assistive Technology, and Daily Living Support Review"
QLD,15 to 18,Other Physical,Unknown,54,0,50,48.0,0.0,1.125,50,0.0,0.5825551782682513,Medium Risk,Assistive Technology / Transport Support
QLD,15 to 18,Other Sensory/Speech,Unknown,38,0,50,32.0,0.0,1.1875,50,0.0,0.5863752122241086,Medium Risk,Plan Utilisation Support
QLD,15 to 18,Psychosocial disability,Unknown,38,0,50,36.0,0.0,1.0555555555555556,50,0.0,0.5781621392190153,Medium Risk,Psychosocial Recovery and Community Participation
QLD,15 to 18,Spinal Cord Injury,Unknown,28,0,50,4.0,0.0,7.0,50,0.0,0.6855050933786079,High Risk,Provider Availability Review
QLD,15 to 18,Stroke,Unknown,25,0,50,8.0,0.0,3.125,50,0.0,0.6425297113752122,Medium Risk,Plan Utilisation Support
QLD,15 to 18,Visual Impairment,Unknown,49,0,50,12.0,0.0,4.083333333333333,50,0.0,0.6522707979626485,Medium Risk,Assistive Technology and Orientation Support
QLD,19 to 24,ABI,Unknown,54,0,50,310.0,0.0,0.1741935483870967,50,0.0,0.4322368421052631,Medium Risk,Plan Utilisation Support
QLD,19 to 24,Autism,Unknown,59,0,50,3680.0,0.0,0.0160326086956521,50,0.0,0.286311544991511,Medium Risk,Capacity Building - Improved Daily Living
QLD,19 to 24,Cerebral Palsy,Unknown,56,0,50,637.0,0.0,0.0879120879120879,50,0.0,0.376846349745331,Medium Risk,Plan Utilisation Support
QLD,19 to 24,Down Syndrome,Unknown,54,0,50,282.0,0.0,0.1914893617021276,50,0.0,0.4433149405772495,Medium Risk,Plan Utilisation Support
QLD,19 to 24,DsbltyGrp_Missing,Unknown,12,0,50,1.0,0.0,12.0,50,0.0,0.7089983022071308,High Risk,Provider Availability Review
QLD,19 to 24,Hearing Impairment,Unknown,54,0,50,60.0,0.0,0.9,50,0.0,0.5682300509337861,Medium Risk,Assistive Technology and Communication Support
QLD,19 to 24,Intellectual Disability,Unknown,56,0,50,2698.0,0.0,0.0207561156412157,50,0.0,0.2931876061120543,Medium Risk,Capacity Building - Social and Community Participation
QLD,19 to 24,Multiple Sclerosis,Unknown,20,0,50,1.0,0.0,20.0,50,0.0,0.7216044142614602,High Risk,Provider Availability Review
QLD,19 to 24,Other,Unknown,54,0,50,88.0,0.0,0.6136363636363636,50,0.0,0.5372877758913412,Medium Risk,Plan Utilisation Support
QLD,19 to 24,Other Neurological,Unknown,56,0,50,331.0,0.0,0.1691842900302115,50,0.0,0.4303268251273344,Medium Risk,"Therapy, Assistive Technology, and Daily Living Support Review"
QLD,19 to 24,Other Physical,Unknown,55,0,50,103.0,0.0,0.5339805825242718,50,0.0,0.5269736842105264,Medium Risk,Assistive Technology / Transport Support
QLD,19 to 24,Other Sensory/Speech,Unknown,37,0,50,28.0,0.0,1.3214285714285714,50,0.0,0.5953522920203735,Medium Risk,Plan Utilisation Support
QLD,19 to 24,Psychosocial disability,Unknown,48,0,50,459.0,0.0,0.1045751633986928,50,0.0,0.3928904923599321,Medium Risk,Psychosocial Recovery and Community Participation
QLD,19 to 24,Spinal Cord Injury,Unknown,51,0,50,52.0,0.0,0.9807692307692308,50,0.0,0.5720500848896435,Medium Risk,Plan Utilisation Support
QLD,19 to 24,Stroke,Unknown,31,0,50,24.0,0.0,1.2916666666666667,50,0.0,0.5942062818336162,Medium Risk,Plan Utilisation Support
QLD,19 to 24,Visual Impairment,Unknown,54,0,50,20.0,0.0,2.7,50,0.0,0.6373726655348048,Medium Risk,Assistive Technology and Orientation Support
QLD,25 to 34,ABI,Unknown,56,0,50,830.0,0.0,0.0674698795180722,50,0.0,0.3573641765704584,Medium Risk,Plan Utilisation Support
QLD,25 to 34,Autism,Unknown,56,0,50,3552.0,0.0,0.0157657657657657,50,0.0,0.2855475382003395,Medium Risk,Capacity Building - Improved Daily Living
QLD,25 to 34,Cerebral Palsy,Unknown,56,0,50,1106.0,0.0,0.050632911392405,50,0.0,0.3386460101867572,Medium Risk,Plan Utilisation Support
QLD,25 to 34,Down Syndrome,Unknown,56,0,50,740.0,0.0,0.0756756756756756,50,0.0,0.3657682512733446,Medium Risk,Plan Utilisation Support
QLD,25 to 34,DsbltyGrp_Missing,Unknown,6,0,50,1.0,0.0,6.0,50,0.0,0.671943972835314,High Risk,Provider Availability Review
QLD,25 to 34,Hearing Impairment,Unknown,55,0,50,56.0,0.0,0.9821428571428572,50,0.0,0.5724320882852292,Medium Risk,Assistive Technology and Communication Support
QLD,25 to 34,Intellectual Disability,Unknown,60,0,50,4290.0,0.0,0.0139860139860139,50,0.0,0.2817275042444822,Medium Risk,Capacity Building - Social and Community Participation
QLD,25 to 34,Multiple Sclerosis,Unknown,51,0,50,82.0,0.0,0.6219512195121951,50,0.0,0.5391977928692699,Medium Risk,Plan Utilisation Support
QLD,25 to 34,Other,Unknown,56,0,50,104.0,0.0,0.5384615384615384,50,0.0,0.5279286926994906,Medium Risk,Plan Utilisation Support
QLD,25 to 34,Other Neurological,Unknown,56,0,50,756.0,0.0,0.074074074074074,50,0.0,0.3644312393887945,Medium Risk,"Therapy, Assistive Technology, and Daily Living Support Review"
QLD,25 to 34,Other Physical,Unknown,56,0,50,294.0,0.0,0.1904761904761904,50,0.0,0.4429329371816638,Medium Risk,Assistive Technology / Transport Support
QLD,25 to 34,Other Sensory/Speech,Unknown,21,0,50,4.0,0.0,5.25,50,0.0,0.658955857385399,High Risk,Provider Availability Review
QLD,25 to 34,Psychosocial disability,Unknown,53,0,50,2428.0,0.0,0.021828665568369,50,0.0,0.295097623089983,Medium Risk,Psychosocial Recovery and Community Participation
QLD,25 to 34,Spinal Cord Injury,Unknown,56,0,50,146.0,0.0,0.3835616438356164,50,0.0,0.502525466893039,Medium Risk,Plan Utilisation Support
QLD,25 to 34,Stroke,Unknown,48,0,50,58.0,0.0,0.8275862068965517,50,0.0,0.5594439728353141,Medium Risk,Plan Utilisation Support
QLD,25 to 34,Visual Impairment,Unknown,54,0,50,56.0,0.0,0.9642857142857144,50,0.0,0.5714770797962648,Medium Risk,Assistive Technology and Orientation Support
QLD,35 to 44,ABI,Unknown,56,0,50,1379.0,0.0,0.0406091370558375,50,0.0,0.3241298811544991,Medium Risk,Plan Utilisation Support
QLD,35 to 44,Autism,Unknown,55,0,50,2228.0,0.0,0.024685816876122,50,0.0,0.2989176570458404,Medium Risk,Capacity Building - Improved Daily Living
QLD,35 to 44,Cerebral Palsy,Unknown,56,0,50,1366.0,0.0,0.0409956076134699,50,0.0,0.3248938879456706,Medium Risk,Plan Utilisation Support
QLD,35 to 44,Down Syndrome,Unknown,56,0,50,990.0,0.0,0.0565656565656565,50,0.0,0.3462860780984719,Medium Risk,Plan Utilisation Support
QLD,35 to 44,DsbltyGrp_Missing,Unknown,15,0,50,4.0,0.0,3.75,50,0.0,0.6480687606112054,High Risk,Provider Availability Review
QLD,35 to 44,Hearing Impairment,Unknown,56,0,50,81.0,0.0,0.691358024691358,50,0.0,0.5498938879456706,Medium Risk,Assistive Technology and Communication Support
QLD,35 to 44,Intellectual Disability,Unknown,56,0,50,3798.0,0.0,0.0147446024223275,50,0.0,0.2828735144312393,Medium Risk,Capacity Building - Social and Community Participation
QLD,35 to 44,Multiple Sclerosis,Unknown,56,0,50,228.0,0.0,0.2456140350877192,50,0.0,0.4627971137521222,Medium Risk,Plan Utilisation Support
QLD,35 to 44,Other,Unknown,56,0,50,204.0,0.0,0.2745098039215686,50,0.0,0.4731112054329371,Medium Risk,Plan Utilisation Support
QLD,35 to 44,Other Neurological,Unknown,56,0,50,603.0,0.0,0.0928689883913764,50,0.0,0.3814303904923599,Medium Risk,"Therapy, Assistive Technology, and Daily Living Support Review"
QLD,35 to 44,Other Physical,Unknown,56,0,50,469.0,0.0,0.1194029850746268,50,0.0,0.4024405772495755,Medium Risk,Assistive Technology / Transport Support
QLD,35 to 44,Other Sensory/Speech,Unknown,24,0,50,4.0,0.0,6.0,50,0.0,0.671943972835314,High Risk,Provider Availability Review
QLD,35 to 44,Psychosocial disability,Unknown,55,0,50,3493.0,0.0,0.0157457772688233,50,0.0,0.2851655348047538,Medium Risk,Psychosocial Recovery and Community Participation
QLD,35 to 44,Spinal Cord Injury,Unknown,56,0,50,262.0,0.0,0.2137404580152671,50,0.0,0.4524830220713073,Medium Risk,Plan Utilisation Support
QLD,35 to 44,Stroke,Unknown,56,0,50,203.0,0.0,0.2758620689655172,50,0.0,0.4734932088285229,Medium Risk,Plan Utilisation Support
QLD,35 to 44,Visual Impairment,Unknown,54,0,50,170.0,0.0,0.3176470588235294,50,0.0,0.4857173174872665,Medium Risk,Assistive Technology and Orientation Support
QLD,45 to 54,ABI,Unknown,56,0,50,2201.0,0.0,0.0254429804634257,50,0.0,0.3004456706281833,Medium Risk,Plan Utilisation Support
QLD,45 to 54,Autism,Unknown,54,0,50,1107.0,0.0,0.048780487804878,50,0.0,0.3350169779286926,Medium Risk,Capacity Building - Improved Daily Living
QLD,45 to 54,Cerebral Palsy,Unknown,56,0,50,1269.0,0.0,0.0441292356185973,50,0.0,0.3296689303904923,Medium Risk,Plan Utilisation Support
QLD,45 to 54,Down Syndrome,Unknown,56,0,50,1024.0,0.0,0.0546875,50,0.0,0.343230050933786,Medium Risk,Plan Utilisation Support
QLD,45 to 54,DsbltyGrp_Missing,Unknown,12,0,50,1.0,0.0,12.0,50,0.0,0.7089983022071308,High Risk,Provider Availability Review
QLD,45 to 54,Hearing Impairment,Unknown,56,0,50,131.0,0.0,0.4274809160305343,50,0.0,0.5109295415959253,Medium Risk,Assistive Technology and Communication Support
QLD,45 to 54,Intellectual Disability,Unknown,56,0,50,3738.0,0.0,0.0149812734082397,50,0.0,0.2832555178268251,Medium Risk,Capacity Building - Social and Community Participation
QLD,45 to 54,Multiple Sclerosis,Unknown,56,0,50,375.0,0.0,0.1493333333333333,50,0.0,0.4188667232597623,Medium Risk,Plan Utilisation Support
QLD,45 to 54,Other,Unknown,56,0,50,437.0,0.0,0.1281464530892448,50,0.0,0.4066426146010187,Medium Risk,Plan Utilisation Support
QLD,45 to 54,Other Neurological,Unknown,56,0,50,1269.0,0.0,0.0441292356185973,50,0.0,0.3296689303904923,Medium Risk,"Therapy, Assistive Technology, and Daily Living Support Review"
QLD,45 to 54,Other Physical,Unknown,56,0,50,636.0,0.0,0.0880503144654088,50,0.0,0.3776103565365025,Medium Risk,Assistive Technology / Transport Support
QLD,45 to 54,Other Sensory/Speech,Unknown,16,0,50,1.0,0.0,16.0,50,0.0,0.7166383701188455,High Risk,Provider Availability Review
QLD,45 to 54,Psychosocial disability,Unknown,56,0,50,3966.0,0.0,0.0141200201714573,50,0.0,0.2824915110356536,Medium Risk,Psychosocial Recovery and Community Participation
QLD,45 to 54,Spinal Cord Injury,Unknown,56,0,50,486.0,0.0,0.1152263374485596,50,0.0,0.3982385398981324,Medium Risk,Plan Utilisation Support
QLD,45 to 54,Stroke,Unknown,56,0,50,563.0,0.0,0.0994671403197158,50,0.0,0.3877334465195246,Medium Risk,Plan Utilisation Support
QLD,45 to 54,Visual Impairment,Unknown,56,0,50,176.0,0.0,0.3181818181818182,50,0.0,0.4860993208828523,Medium Risk,Assistive Technology and Orientation Support
QLD,55 to 64,ABI,Unknown,56,0,50,2957.0,0.0,0.0189381129523165,50,0.0,0.2901315789473684,Medium Risk,Plan Utilisation Support
QLD,55 to 64,Autism,Unknown,55,0,50,746.0,0.0,0.0737265415549597,50,0.0,0.3634762308998302,Medium Risk,Capacity Building - Improved Daily Living
QLD,55 to 64,Cerebral Palsy,Unknown,56,0,50,1187.0,0.0,0.0471777590564448,50,0.0,0.3321519524617996,Medium Risk,Plan Utilisation Support
QLD,55 to 64,Down Syndrome,Unknown,56,0,50,890.0,0.0,0.0629213483146067,50,0.0,0.353544142614601,Medium Risk,Plan Utilisation Support
QLD,55 to 64,DsbltyGrp_Missing,Unknown,12,0,50,8.0,0.0,1.5,50,0.0,0.6037563667232597,Medium Risk,Plan Utilisation Support
QLD,55 to 64,Hearing Impairment,Unknown,56,0,50,213.0,0.0,0.2629107981220657,50,0.0,0.4689091680814941,Medium Risk,Assistive Technology and Communication Support
QLD,55 to 64,Intellectual Disability,Unknown,56,0,50,4028.0,0.0,0.0139026812313803,50,0.0,0.2813455008488964,Medium Risk,Capacity Building - Social and Community Participation
QLD,55 to 64,Multiple Sclerosis,Unknown,56,0,50,563.0,0.0,0.0994671403197158,50,0.0,0.3877334465195246,Medium Risk,Plan Utilisation Support
QLD,55 to 64,Other,Unknown,56,0,50,1136.0,0.0,0.0492957746478873,50,0.0,0.3371179966044142,Medium Risk,Plan Utilisation Support
QLD,55 to 64,Other Neurological,Unknown,56,0,50,2384.0,0.0,0.023489932885906,50,0.0,0.2970076400679117,Medium Risk,"Therapy, Assistive Technology, and Daily Living Support Review"
QLD,55 to 64,Other Physical,Unknown,56,0,50,1184.0,0.0,0.0472972972972973,50,0.0,0.3325339558573854,Medium Risk,Assistive Technology / Transport Support
QLD,55 to 64,Other Sensory/Speech,Unknown,20,0,50,4.0,0.0,5.0,50,0.0,0.6574278438030561,High Risk,Provider Availability Review
QLD,55 to 64,Psychosocial disability,Unknown,56,0,50,3727.0,0.0,0.0150254896699758,50,0.0,0.2840195246179965,Medium Risk,Psychosocial Recovery and Community Participation
QLD,55 to 64,Spinal Cord Injury,Unknown,56,0,50,576.0,0.0,0.0972222222222222,50,0.0,0.3844864176570458,Medium Risk,Plan Utilisation Support
QLD,55 to 64,Stroke,Unknown,56,0,50,1350.0,0.0,0.0414814814814814,50,0.0,0.3252758913412563,Medium Risk,Plan Utilisation Support
QLD,55 to 64,Visual Impairment,Unknown,56,0,50,407.0,0.0,0.1375921375921376,50,0.0,0.4127546689303905,Medium Risk,Assistive Technology and Orientation Support
QLD,65+,ABI,Unknown,56,0,50,1936.0,0.0,0.0289256198347107,50,0.0,0.3057937181663837,Medium Risk,Plan Utilisation Support
QLD,65+,Autism,Unknown,49,0,50,198.0,0.0,0.2474747474747475,50,0.0,0.4639431239388795,Medium Risk,Capacity Building - Improved Daily Living
QLD,65+,Cerebral Palsy,Unknown,56,0,50,711.0,0.0,0.0787623066104078,50,0.0,0.3684422750424448,Medium Risk,Plan Utilisation Support
QLD,65+,Down Syndrome,Unknown,51,0,50,269.0,0.0,0.1895910780669145,50,0.0,0.4425509337860781,Medium Risk,Plan Utilisation Support
QLD,65+,Hearing Impairment,Unknown,56,0,50,121.0,0.0,0.4628099173553719,50,0.0,0.5174235993208828,Medium Risk,Assistive Technology and Communication Support
QLD,65+,Intellectual Disability,Unknown,56,0,50,2761.0,0.0,0.0202825063382832,50,0.0,0.2924235993208828,Medium Risk,Capacity Building - Social and Community Participation
QLD,65+,Multiple Sclerosis,Unknown,56,0,50,463.0,0.0,0.120950323974082,50,0.0,0.403204584040747,Medium Risk,Plan Utilisation Support
QLD,65+,Other,Unknown,56,0,50,551.0,0.0,0.101633393829401,50,0.0,0.3913624787775891,Medium Risk,Plan Utilisation Support
QLD,65+,Other Neurological,Unknown,56,0,50,2151.0,0.0,0.0260344026034402,50,0.0,0.3015916808149405,Medium Risk,"Therapy, Assistive Technology, and Daily Living Support Review"
QLD,65+,Other Physical,Unknown,56,0,50,946.0,0.0,0.0591966173361522,50,0.0,0.3493421052631579,Medium Risk,Assistive Technology / Transport Support
QLD,65+,Other Sensory/Speech,Unknown,18,0,50,4.0,0.0,4.5,50,0.0,0.6555178268251274,High Risk,Provider Availability Review
QLD,65+,Psychosocial disability,Unknown,56,0,50,2242.0,0.0,0.0249776984834968,50,0.0,0.2996816638370119,Medium Risk,Psychosocial Recovery and Community Participation
QLD,65+,Spinal Cord Injury,Unknown,56,0,50,241.0,0.0,0.2323651452282157,50,0.0,0.4578310696095076,Medium Risk,Plan Utilisation Support
QLD,65+,Stroke,Unknown,56,0,50,1297.0,0.0,0.0431765612952968,50,0.0,0.3279499151103565,Medium Risk,Plan Utilisation Support
QLD,65+,Visual Impairment,Unknown,56,0,50,195.0,0.0,0.2871794871794871,50,0.0,0.4784592529711375,Medium Risk,Assistive Technology and Orientation Support
QLD,9 to 14,ABI,Unknown,54,0,50,138.0,0.0,0.391304347826087,50,0.0,0.504053480475382,Medium Risk,Plan Utilisation Support
QLD,9 to 14,Autism,Unknown,56,0,50,3413.0,0.0,0.016407852329329,50,0.0,0.2878395585738539,Medium Risk,Capacity Building - Improved Daily Living
QLD,9 to 14,Cerebral Palsy,Unknown,56,0,50,425.0,0.0,0.1317647058823529,50,0.0,0.4085526315789474,Medium Risk,Plan Utilisation Support
QLD,9 to 14,Developmental delay,Unknown,42,0,50,48.0,0.0,0.875,50,0.0,0.5655560271646859,Medium Risk,Capacity Building - Improved Daily Living
QLD,9 to 14,Down Syndrome,Unknown,56,0,50,192.0,0.0,0.2916666666666667,50,0.0,0.4796052631578947,Medium Risk,Plan Utilisation Support
QLD,9 to 14,DsbltyGrp_Missing,Unknown,27,0,50,4.0,0.0,6.75,50,0.0,0.6849320882852292,High Risk,Provider Availability Review
QLD,9 to 14,Global developmental delay,Unknown,42,0,50,78.0,0.0,0.5384615384615384,50,0.0,0.5279286926994906,Medium Risk,Capacity Building - Improved Daily Living
QLD,9 to 14,Hearing Impairment,Unknown,55,0,50,148.0,0.0,0.3716216216216216,50,0.0,0.5002334465195246,Medium Risk,Assistive Technology and Communication Support
QLD,9 to 14,Intellectual Disability,Unknown,56,0,50,1527.0,0.0,0.0366732154551408,50,0.0,0.3180178268251273,Medium Risk,Capacity Building - Social and Community Participation
QLD,9 to 14,Other,Unknown,56,0,50,128.0,0.0,0.4375,50,0.0,0.5134125636672326,Medium Risk,Plan Utilisation Support
QLD,9 to 14,Other Neurological,Unknown,56,0,50,234.0,0.0,0.2393162393162393,50,0.0,0.461651103565365,Medium Risk,"Therapy, Assistive Technology, and Daily Living Support Review"
QLD,9 to 14,Other Physical,Unknown,55,0,50,92.0,0.0,0.5978260869565217,50,0.0,0.5346137521222412,Medium Risk,Assistive Technology / Transport Support
QLD,9 to 14,Other Sensory/Speech,Unknown,46,0,50,24.0,0.0,1.9166666666666667,50,0.0,0.6176994906621393,Medium Risk,Plan Utilisation Support
QLD,9 to 14,Psychosocial disability,Unknown,20,0,50,16.0,0.0,1.25,50,0.0,0.5911502546689305,Medium Risk,Psychosocial Recovery and Community Participation
QLD,9 to 14,Spinal Cord Injury,Unknown,28,0,50,8.0,0.0,3.5,50,0.0,0.6461587436332767,Medium Risk,Plan Utilisation Support
QLD,9 to 14,Stroke,Unknown,30,0,50,8.0,0.0,3.75,50,0.0,0.6480687606112054,Medium Risk,Plan Utilisation Support
QLD,9 to 14,Visual Impairment,Unknown,56,0,50,48.0,0.0,1.1666666666666667,50,0.0,0.5848471986417657,Medium Risk,Assistive Technology and Orientation Support
SA,0 to 8,ABI,Unknown,29,0,50,4.0,0.0,7.25,50,0.0,0.6858870967741936,High Risk,Provider Availability Review
SA,0 to 8,Autism,Unknown,54,0,50,590.0,0.0,0.0915254237288135,50,0.0,0.3806663837011884,Medium Risk,Capacity Building - Improved Daily Living
SA,0 to 8,Cerebral Palsy,Unknown,52,0,50,16.0,0.0,3.25,50,0.0,0.6436757215619695,Medium Risk,Plan Utilisation Support
SA,0 to 8,Developmental delay,Unknown,52,0,50,308.0,0.0,0.1688311688311688,50,0.0,0.429562818336163,Medium Risk,Capacity Building - Improved Daily Living
SA,0 to 8,Down Syndrome,Unknown,47,0,50,12.0,0.0,3.9166666666666665,50,0.0,0.6494057724957555,Medium Risk,Plan Utilisation Support
SA,0 to 8,DsbltyGrp_Missing,Unknown,21,0,50,4.0,0.0,5.25,50,0.0,0.658955857385399,High Risk,Provider Availability Review
SA,0 to 8,Global developmental delay,Unknown,55,0,50,246.0,0.0,0.2235772357723577,50,0.0,0.4551570458404075,Medium Risk,Capacity Building - Improved Daily Living
SA,0 to 8,Hearing Impairment,Unknown,45,0,50,40.0,0.0,1.125,50,0.0,0.5825551782682513,Medium Risk,Assistive Technology and Communication Support
SA,0 to 8,Intellectual Disability,Unknown,51,0,50,56.0,0.0,0.9107142857142856,50,0.0,0.5686120543293718,Medium Risk,Capacity Building - Social and Community Participation
SA,0 to 8,Other,Unknown,42,0,50,8.0,0.0,5.25,50,0.0,0.658955857385399,Medium Risk,Plan Utilisation Support
SA,0 to 8,Other Neurological,Unknown,42,0,50,4.0,0.0,10.5,50,0.0,0.7038412563667232,High Risk,Provider Availability Review
SA,0 to 8,Other Physical,Unknown,43,0,50,10.0,0.0,4.3,50,0.0,0.654562818336163,Medium Risk,Assistive Technology / Transport Support
SA,0 to 8,Other Sensory/Speech,Unknown,12,0,50,1.0,0.0,12.0,50,0.0,0.7089983022071308,High Risk,Provider Availability Review
SA,0 to 8,Spinal Cord Injury,Unknown,8,0,50,1.0,0.0,8.0,50,0.0,0.6941001697792869,High Risk,Provider Availability Review
SA,0 to 8,Stroke,Unknown,15,0,50,1.0,0.0,15.0,50,0.0,0.7145373514431239,High Risk,Provider Availability Review
SA,0 to 8,Visual Impairment,Unknown,40,0,50,1.0,0.0,40.0,50,0.0,0.7248514431239389,High Risk,Provider Availability Review
SA,15 to 18,ABI,Unknown,34,0,50,16.0,0.0,2.125,50,0.0,0.6266765704584041,Medium Risk,Plan Utilisation Support
SA,15 to 18,Autism,Unknown,54,0,50,1040.0,0.0,0.0519230769230769,50,0.0,0.3397920203735144,Medium Risk,Capacity Building - Improved Daily Living
SA,15 to 18,Cerebral Palsy,Unknown,52,0,50,83.0,0.0,0.6265060240963856,50,0.0,0.5399617996604414,Medium Risk,Plan Utilisation Support
SA,15 to 18,Down Syndrome,Unknown,38,0,50,20.0,0.0,1.9,50,0.0,0.6171264855687606,Medium Risk,Plan Utilisation Support
SA,15 to 18,DsbltyGrp_Missing,Unknown,11,0,50,4.0,0.0,2.75,50,0.0,0.6390916808149406,High Risk,Provider Availability Review
SA,15 to 18,Global developmental delay,Unknown,6,0,50,1.0,0.0,6.0,50,0.0,0.671943972835314,High Risk,Provider Availability Review
SA,15 to 18,Hearing Impairment,Unknown,45,0,50,16.0,0.0,2.8125,50,0.0,0.6404286926994907,Medium Risk,Assistive Technology and Communication Support
SA,15 to 18,Intellectual Disability,Unknown,55,0,50,470.0,0.0,0.1170212765957446,50,0.0,0.3986205432937181,Medium Risk,Capacity Building - Social and Community Participation
SA,15 to 18,Other,Unknown,41,0,50,8.0,0.0,5.125,50,0.0,0.6580008488964346,Medium Risk,Plan Utilisation Support
SA,15 to 18,Other Neurological,Unknown,48,0,50,46.0,0.0,1.0434782608695652,50,0.0,0.5777801358234296,Medium Risk,"Therapy, Assistive Technology, and Daily Living Support Review"
SA,15 to 18,Other Physical,Unknown,40,0,50,16.0,0.0,2.5,50,0.0,0.6348896434634974,Medium Risk,Assistive Technology / Transport Support
SA,15 to 18,Other Sensory/Speech,Unknown,41,0,50,14.0,0.0,2.9285714285714284,50,0.0,0.6408106960950763,Medium Risk,Plan Utilisation Support
SA,15 to 18,Psychosocial disability,Unknown,12,0,50,1.0,0.0,12.0,50,0.0,0.7089983022071308,High Risk,Provider Availability Review
SA,15 to 18,Spinal Cord Injury,Unknown,8,0,50,1.0,0.0,8.0,50,0.0,0.6941001697792869,High Risk,Provider Availability Review
SA,15 to 18,Stroke,Unknown,11,0,50,1.0,0.0,11.0,50,0.0,0.7053692699490662,High Risk,Provider Availability Review
SA,15 to 18,Visual Impairment,Unknown,39,0,50,14.0,0.0,2.7857142857142856,50,0.0,0.640046689303905,Medium Risk,Assistive Technology and Orientation Support
SA,19 to 24,ABI,Unknown,44,0,50,36.0,0.0,1.2222222222222223,50,0.0,0.5884762308998303,Medium Risk,Plan Utilisation Support
SA,19 to 24,Autism,Unknown,54,0,50,1352.0,0.0,0.0399408284023668,50,0.0,0.3233658743633276,Medium Risk,Capacity Building - Improved Daily Living
SA,19 to 24,Cerebral Palsy,Unknown,52,0,50,154.0,0.0,0.3376623376623376,50,0.0,0.4899193548387097,Medium Risk,Plan Utilisation Support
SA,19 to 24,Developmental delay,Unknown,4,0,50,1.0,0.0,4.0,50,0.0,0.6509337860780985,High Risk,Provider Availability Review
SA,19 to 24,Down Syndrome,Unknown,44,0,50,56.0,0.0,0.7857142857142857,50,0.0,0.5573429541595926,Medium Risk,Plan Utilisation Support
SA,19 to 24,DsbltyGrp_Missing,Unknown,6,0,50,1.0,0.0,6.0,50,0.0,0.671943972835314,High Risk,Provider Availability Review
SA,19 to 24,Hearing Impairment,Unknown,48,0,50,20.0,0.0,2.4,50,0.0,0.632597623089983,Medium Risk,Assistive Technology and Communication Support
SA,19 to 24,Intellectual Disability,Unknown,56,0,50,1064.0,0.0,0.0526315789473684,50,0.0,0.3411290322580645,Medium Risk,Capacity Building - Social and Community Participation
SA,19 to 24,Multiple Sclerosis,Unknown,12,0,50,1.0,0.0,12.0,50,0.0,0.7089983022071308,High Risk,Provider Availability Review
SA,19 to 24,Other,Unknown,34,0,50,20.0,0.0,1.7,50,0.0,0.6119694397283532,Medium Risk,Plan Utilisation Support
SA,19 to 24,Other Neurological,Unknown,49,0,50,56.0,0.0,0.875,50,0.0,0.5655560271646859,Medium Risk,"Therapy, Assistive Technology, and Daily Living Support Review"
SA,19 to 24,Other Physical,Unknown,51,0,50,42.0,0.0,1.2142857142857142,50,0.0,0.5877122241086588,Medium Risk,Assistive Technology / Transport Support
SA,19 to 24,Other Sensory/Speech,Unknown,32,0,50,22.0,0.0,1.4545454545454546,50,0.0,0.5991723259762309,Medium Risk,Plan Utilisation Support
SA,19 to 24,Psychosocial disability,Unknown,36,0,50,114.0,0.0,0.3157894736842105,50,0.0,0.484953310696095,Medium Risk,Psychosocial Recovery and Community Participation
SA,19 to 24,Spinal Cord Injury,Unknown,25,0,50,8.0,0.0,3.125,50,0.0,0.6425297113752122,Medium Risk,Plan Utilisation Support
SA,19 to 24,Stroke,Unknown,17,0,50,1.0,0.0,17.0,50,0.0,0.7177843803056028,High Risk,Provider Availability Review
SA,19 to 24,Visual Impairment,Unknown,47,0,50,12.0,0.0,3.9166666666666665,50,0.0,0.6494057724957555,Medium Risk,Assistive Technology and Orientation Support
SA,25 to 34,ABI,Unknown,47,0,50,324.0,0.0,0.1450617283950617,50,0.0,0.4169567062818335,Medium Risk,Plan Utilisation Support
SA,25 to 34,Autism,Unknown,55,0,50,1081.0,0.0,0.0508788159111933,50,0.0,0.3390280135823429,Medium Risk,Capacity Building - Improved Daily Living
SA,25 to 34,Cerebral Palsy,Unknown,52,0,50,324.0,0.0,0.1604938271604938,50,0.0,0.4249787775891341,Medium Risk,Plan Utilisation Support
SA,25 to 34,Down Syndrome,Unknown,47,0,50,226.0,0.0,0.2079646017699115,50,0.0,0.4501910016977928,Medium Risk,Plan Utilisation Support
SA,25 to 34,Hearing Impairment,Unknown,54,0,50,22.0,0.0,2.4545454545454546,50,0.0,0.6331706281833617,Medium Risk,Assistive Technology and Communication Support
SA,25 to 34,Intellectual Disability,Unknown,54,0,50,1617.0,0.0,0.0333951762523191,50,0.0,0.3145797962648556,Medium Risk,Capacity Building - Social and Community Participation
SA,25 to 34,Multiple Sclerosis,Unknown,43,0,50,12.0,0.0,3.583333333333333,50,0.0,0.6473047538200339,Medium Risk,Plan Utilisation Support
SA,25 to 34,Other,Unknown,47,0,50,18.0,0.0,2.611111111111111,50,0.0,0.6362266553480476,Medium Risk,Plan Utilisation Support
SA,25 to 34,Other Neurological,Unknown,47,0,50,165.0,0.0,0.2848484848484848,50,0.0,0.476167232597623,Medium Risk,"Therapy, Assistive Technology, and Daily Living Support Review"
SA,25 to 34,Other Physical,Unknown,47,0,50,87.0,0.0,0.5402298850574713,50,0.0,0.5285016977928693,Medium Risk,Assistive Technology / Transport Support
SA,25 to 34,Other Sensory/Speech,Unknown,18,0,50,1.0,0.0,18.0,50,0.0,0.7195033955857386,High Risk,Provider Availability Review
SA,25 to 34,Psychosocial disability,Unknown,48,0,50,624.0,0.0,0.0769230769230769,50,0.0,0.3665322580645161,Medium Risk,Psychosocial Recovery and Community Participation
SA,25 to 34,Spinal Cord Injury,Unknown,40,0,50,46.0,0.0,0.8695652173913043,50,0.0,0.5647920203735144,Medium Risk,Plan Utilisation Support
SA,25 to 34,Stroke,Unknown,24,0,50,8.0,0.0,3.0,50,0.0,0.6415747028862478,Medium Risk,Plan Utilisation Support
SA,25 to 34,Visual Impairment,Unknown,44,0,50,32.0,0.0,1.375,50,0.0,0.5964983022071307,Medium Risk,Assistive Technology and Orientation Support
SA,35 to 44,ABI,Unknown,53,0,50,350.0,0.0,0.1514285714285714,50,0.0,0.419248726655348,Medium Risk,Plan Utilisation Support
SA,35 to 44,Autism,Unknown,49,0,50,694.0,0.0,0.0706051873198847,50,0.0,0.3588921901528014,Medium Risk,Capacity Building - Improved Daily Living
SA,35 to 44,Cerebral Palsy,Unknown,52,0,50,281.0,0.0,0.1850533807829181,50,0.0,0.4406409168081494,Medium Risk,Plan Utilisation Support
SA,35 to 44,Down Syndrome,Unknown,49,0,50,234.0,0.0,0.2094017094017094,50,0.0,0.4513370118845501,Medium Risk,Plan Utilisation Support
SA,35 to 44,DsbltyGrp_Missing,Unknown,6,0,50,1.0,0.0,6.0,50,0.0,0.671943972835314,High Risk,Provider Availability Review
SA,35 to 44,Hearing Impairment,Unknown,51,0,50,40.0,0.0,1.275,50,0.0,0.5934422750424448,Medium Risk,Assistive Technology and Communication Support
SA,35 to 44,Intellectual Disability,Unknown,55,0,50,1436.0,0.0,0.0383008356545961,50,0.0,0.3203098471986417,Medium Risk,Capacity Building - Social and Community Participation
SA,35 to 44,Multiple Sclerosis,Unknown,50,0,50,48.0,0.0,1.0416666666666667,50,0.0,0.5773981324278438,Medium Risk,Plan Utilisation Support
SA,35 to 44,Other,Unknown,52,0,50,64.0,0.0,0.8125,50,0.0,0.5588709677419355,Medium Risk,Plan Utilisation Support
SA,35 to 44,Other Neurological,Unknown,52,0,50,172.0,0.0,0.3023255813953488,50,0.0,0.4811332767402376,Medium Risk,"Therapy, Assistive Technology, and Daily Living Support Review"
SA,35 to 44,Other Physical,Unknown,52,0,50,153.0,0.0,0.3398692810457516,50,0.0,0.4904923599320883,Medium Risk,Assistive Technology / Transport Support
SA,35 to 44,Other Sensory/Speech,Unknown,6,0,50,1.0,0.0,6.0,50,0.0,0.671943972835314,High Risk,Provider Availability Review
SA,35 to 44,Psychosocial disability,Unknown,53,0,50,912.0,0.0,0.0581140350877193,50,0.0,0.3481960950764006,Medium Risk,Psychosocial Recovery and Community Participation
SA,35 to 44,Spinal Cord Injury,Unknown,44,0,50,68.0,0.0,0.6470588235294118,50,0.0,0.5414898132427843,Medium Risk,Plan Utilisation Support
SA,35 to 44,Stroke,Unknown,47,0,50,24.0,0.0,1.9583333333333333,50,0.0,0.6184634974533106,Medium Risk,Plan Utilisation Support
SA,35 to 44,Visual Impairment,Unknown,49,0,50,18.0,0.0,2.7222222222222223,50,0.0,0.6381366723259763,Medium Risk,Assistive Technology and Orientation Support
SA,45 to 54,ABI,Unknown,52,0,50,520.0,0.0,0.1,50,0.0,0.3888794567062818,Medium Risk,Plan Utilisation Support
SA,45 to 54,Autism,Unknown,54,0,50,395.0,0.0,0.1367088607594936,50,0.0,0.4116086587436333,Medium Risk,Capacity Building - Improved Daily Living
SA,45 to 54,Cerebral Palsy,Unknown,52,0,50,380.0,0.0,0.1368421052631579,50,0.0,0.411990662139219,Medium Risk,Plan Utilisation Support
SA,45 to 54,Down Syndrome,Unknown,48,0,50,381.0,0.0,0.1259842519685039,50,0.0,0.4058786078098472,Medium Risk,Plan Utilisation Support
SA,45 to 54,DsbltyGrp_Missing,Unknown,6,0,50,4.0,0.0,1.5,50,0.0,0.6037563667232597,High Risk,Provider Availability Review
SA,45 to 54,Hearing Impairment,Unknown,51,0,50,35.0,0.0,1.457142857142857,50,0.0,0.5995543293718166,Medium Risk,Assistive Technology and Communication Support
SA,45 to 54,Intellectual Disability,Unknown,52,0,50,1223.0,0.0,0.0425183973834832,50,0.0,0.3264219015280136,Medium Risk,Capacity Building - Social and Community Participation
SA,45 to 54,Multiple Sclerosis,Unknown,48,0,50,147.0,0.0,0.3265306122448979,50,0.0,0.4868633276740237,Medium Risk,Plan Utilisation Support
SA,45 to 54,Other,Unknown,52,0,50,84.0,0.0,0.6190476190476191,50,0.0,0.5384337860780984,Medium Risk,Plan Utilisation Support
SA,45 to 54,Other Neurological,Unknown,52,0,50,363.0,0.0,0.1432506887052341,50,0.0,0.4150466893039049,Medium Risk,"Therapy, Assistive Technology, and Daily Living Support Review"
SA,45 to 54,Other Physical,Unknown,52,0,50,153.0,0.0,0.3398692810457516,50,0.0,0.4904923599320883,Medium Risk,Assistive Technology / Transport Support
SA,45 to 54,Other Sensory/Speech,Unknown,11,0,50,1.0,0.0,11.0,50,0.0,0.7053692699490662,High Risk,Provider Availability Review
SA,45 to 54,Psychosocial disability,Unknown,53,0,50,922.0,0.0,0.0574837310195227,50,0.0,0.3474320882852292,Medium Risk,Psychosocial Recovery and Community Participation
SA,45 to 54,Spinal Cord Injury,Unknown,56,0,50,98.0,0.0,0.5714285714285714,50,0.0,0.5311757215619695,Medium Risk,Plan Utilisation Support
SA,45 to 54,Stroke,Unknown,50,0,50,236.0,0.0,0.211864406779661,50,0.0,0.4521010186757215,Medium Risk,Plan Utilisation Support
SA,45 to 54,Visual Impairment,Unknown,47,0,50,82.0,0.0,0.573170731707317,50,0.0,0.531939728353141,Medium Risk,Assistive Technology and Orientation Support
SA,55 to 64,ABI,Unknown,55,0,50,844.0,0.0,0.0651658767772511,50,0.0,0.3554541595925297,Medium Risk,Plan Utilisation Support
SA,55 to 64,Autism,Unknown,44,0,50,205.0,0.0,0.2146341463414634,50,0.0,0.4536290322580645,Medium Risk,Capacity Building - Improved Daily Living
SA,55 to 64,Cerebral Palsy,Unknown,52,0,50,325.0,0.0,0.16,50,0.0,0.4244057724957555,Medium Risk,Plan Utilisation Support
SA,55 to 64,Down Syndrome,Unknown,47,0,50,316.0,0.0,0.1487341772151898,50,0.0,0.4181027164685908,Medium Risk,Plan Utilisation Support
SA,55 to 64,Hearing Impairment,Unknown,55,0,50,84.0,0.0,0.6547619047619048,50,0.0,0.5430178268251273,Medium Risk,Assistive Technology and Communication Support
SA,55 to 64,Intellectual Disability,Unknown,55,0,50,1305.0,0.0,0.0421455938697318,50,0.0,0.3256578947368421,Medium Risk,Capacity Building - Social and Community Participation
SA,55 to 64,Multiple Sclerosis,Unknown,52,0,50,213.0,0.0,0.244131455399061,50,0.0,0.4624151103565365,Medium Risk,Plan Utilisation Support
SA,55 to 64,Other,Unknown,52,0,50,372.0,0.0,0.1397849462365591,50,0.0,0.4139006791171477,Medium Risk,Plan Utilisation Support
SA,55 to 64,Other Neurological,Unknown,52,0,50,704.0,0.0,0.0738636363636363,50,0.0,0.3638582342954159,Medium Risk,"Therapy, Assistive Technology, and Daily Living Support Review"
SA,55 to 64,Other Physical,Unknown,56,0,50,279.0,0.0,0.2007168458781362,50,0.0,0.4475169779286927,Medium Risk,Assistive Technology / Transport Support
SA,55 to 64,Other Sensory/Speech,Unknown,15,0,50,1.0,0.0,15.0,50,0.0,0.7145373514431239,High Risk,Provider Availability Review
SA,55 to 64,Psychosocial disability,Unknown,52,0,50,929.0,0.0,0.0559741657696447,50,0.0,0.3451400679117147,Medium Risk,Psychosocial Recovery and Community Participation
SA,55 to 64,Spinal Cord Injury,Unknown,56,0,50,118.0,0.0,0.4745762711864407,50,0.0,0.5189516129032258,Medium Risk,Plan Utilisation Support
SA,55 to 64,Stroke,Unknown,52,0,50,384.0,0.0,0.1354166666666666,50,0.0,0.4104626485568761,Medium Risk,Plan Utilisation Support
SA,55 to 64,Visual Impairment,Unknown,52,0,50,110.0,0.0,0.4727272727272727,50,0.0,0.5185696095076401,Medium Risk,Assistive Technology and Orientation Support
SA,65+,ABI,Unknown,52,0,50,551.0,0.0,0.0943738656987295,50,0.0,0.3825764006791171,Medium Risk,Plan Utilisation Support
SA,65+,Autism,Unknown,40,0,50,106.0,0.0,0.3773584905660377,50,0.0,0.5013794567062818,Medium Risk,Capacity Building - Improved Daily Living
SA,65+,Cerebral Palsy,Unknown,39,0,50,167.0,0.0,0.2335329341317365,50,0.0,0.4589770797962649,Medium Risk,Plan Utilisation Support
SA,65+,Down Syndrome,Unknown,33,0,50,95.0,0.0,0.3473684210526316,50,0.0,0.4922113752122241,Medium Risk,Plan Utilisation Support
SA,65+,DsbltyGrp_Missing,Unknown,4,0,50,1.0,0.0,4.0,50,0.0,0.6509337860780985,High Risk,Provider Availability Review
SA,65+,Hearing Impairment,Unknown,50,0,50,32.0,0.0,1.5625,50,0.0,0.6087224108658744,Medium Risk,Assistive Technology and Communication Support
SA,65+,Intellectual Disability,Unknown,52,0,50,857.0,0.0,0.0606767794632438,50,0.0,0.3504881154499151,Medium Risk,Capacity Building - Social and Community Participation
SA,65+,Multiple Sclerosis,Unknown,52,0,50,184.0,0.0,0.2826086956521739,50,0.0,0.4750212224108658,Medium Risk,Plan Utilisation Support
SA,65+,Other,Unknown,51,0,50,204.0,0.0,0.25,50,0.0,0.4654711375212224,Medium Risk,Plan Utilisation Support
SA,65+,Other Neurological,Unknown,52,0,50,725.0,0.0,0.0717241379310344,50,0.0,0.36080220713073,Medium Risk,"Therapy, Assistive Technology, and Daily Living Support Review"
SA,65+,Other Physical,Unknown,52,0,50,249.0,0.0,0.2088353413654618,50,0.0,0.4509550084889643,Medium Risk,Assistive Technology / Transport Support
SA,65+,Other Sensory/Speech,Unknown,11,0,50,4.0,0.0,2.75,50,0.0,0.6390916808149406,High Risk,Provider Availability Review
SA,65+,Psychosocial disability,Unknown,51,0,50,483.0,0.0,0.1055900621118012,50,0.0,0.3936544991511035,Medium Risk,Psychosocial Recovery and Community Participation
SA,65+,Spinal Cord Injury,Unknown,51,0,50,121.0,0.0,0.4214876033057851,50,0.0,0.5097835314091681,Medium Risk,Plan Utilisation Support
SA,65+,Stroke,Unknown,55,0,50,303.0,0.0,0.1815181518151815,50,0.0,0.4391129032258064,Medium Risk,Plan Utilisation Support
SA,65+,Visual Impairment,Unknown,44,0,50,86.0,0.0,0.5116279069767442,50,0.0,0.5246816638370119,Medium Risk,Assistive Technology and Orientation Support
SA,9 to 14,ABI,Unknown,33,0,50,16.0,0.0,2.0625,50,0.0,0.6259125636672326,Medium Risk,Plan Utilisation Support
SA,9 to 14,Autism,Unknown,54,0,50,1278.0,0.0,0.0422535211267605,50,0.0,0.3260398981324278,Medium Risk,Capacity Building - Improved Daily Living
SA,9 to 14,Cerebral Palsy,Unknown,52,0,50,97.0,0.0,0.5360824742268041,50,0.0,0.5273556876061121,Medium Risk,Plan Utilisation Support
SA,9 to 14,Developmental delay,Unknown,34,0,50,32.0,0.0,1.0625,50,0.0,0.5785441426146011,Medium Risk,Capacity Building - Improved Daily Living
SA,9 to 14,Down Syndrome,Unknown,45,0,50,58.0,0.0,0.7758620689655172,50,0.0,0.5563879456706282,Medium Risk,Plan Utilisation Support
SA,9 to 14,DsbltyGrp_Missing,Unknown,12,0,50,1.0,0.0,12.0,50,0.0,0.7089983022071308,High Risk,Provider Availability Review
SA,9 to 14,Global developmental delay,Unknown,37,0,50,24.0,0.0,1.5416666666666667,50,0.0,0.6079584040747029,Medium Risk,Capacity Building - Improved Daily Living
SA,9 to 14,Hearing Impairment,Unknown,50,0,50,56.0,0.0,0.8928571428571429,50,0.0,0.5674660441426146,Medium Risk,Assistive Technology and Communication Support
SA,9 to 14,Intellectual Disability,Unknown,54,0,50,414.0,0.0,0.1304347826086956,50,0.0,0.4070246179966044,Medium Risk,Capacity Building - Social and Community Participation
SA,9 to 14,Other,Unknown,45,0,50,36.0,0.0,1.25,50,0.0,0.5911502546689305,Medium Risk,Plan Utilisation Support
SA,9 to 14,Other Neurological,Unknown,52,0,50,32.0,0.0,1.625,50,0.0,0.6102504244482173,Medium Risk,"Therapy, Assistive Technology, and Daily Living Support Review"
SA,9 to 14,Other Physical,Unknown,50,0,50,46.0,0.0,1.0869565217391304,50,0.0,0.5804541595925298,Medium Risk,Assistive Technology / Transport Support
SA,9 to 14,Other Sensory/Speech,Unknown,35,0,50,26.0,0.0,1.3461538461538465,50,0.0,0.5957342954159592,Medium Risk,Plan Utilisation Support
SA,9 to 14,Psychosocial disability,Unknown,9,0,50,1.0,0.0,9.0,50,0.0,0.7019312393887945,High Risk,Provider Availability Review
SA,9 to 14,Spinal Cord Injury,Unknown,17,0,50,1.0,0.0,17.0,50,0.0,0.7177843803056028,High Risk,Provider Availability Review
SA,9 to 14,Stroke,Unknown,13,0,50,4.0,0.0,3.25,50,0.0,0.6436757215619695,High Risk,Provider Availability Review
SA,9 to 14,Visual Impairment,Unknown,46,0,50,10.0,0.0,4.6,50,0.0,0.6568548387096774,Medium Risk,Assistive Technology and Orientation Support
State_Missing,0 to 8,Autism,Unknown,6,0,50,1.0,0.0,6.0,50,0.0,0.671943972835314,High Risk,Provider Availability Review
State_Missing,0 to 8,DsbltyGrp_Missing,Unknown,6,0,50,1.0,0.0,6.0,50,0.0,0.671943972835314,High Risk,Provider Availability Review
State_Missing,15 to 18,Autism,Unknown,6,0,50,1.0,0.0,6.0,50,0.0,0.671943972835314,High Risk,Provider Availability Review
State_Missing,19 to 24,Intellectual Disability,Unknown,6,0,50,8.0,0.0,0.75,50,0.0,0.5548599320882852,Medium Risk,Capacity Building - Social and Community Participation
State_Missing,35 to 44,Autism,Unknown,6,0,50,1.0,0.0,6.0,50,0.0,0.671943972835314,High Risk,Provider Availability Review
State_Missing,35 to 44,Intellectual Disability,Unknown,6,0,50,1.0,0.0,6.0,50,0.0,0.671943972835314,High Risk,Provider Availability Review
State_Missing,45 to 54,Intellectual Disability,Unknown,6,0,50,1.0,0.0,6.0,50,0.0,0.671943972835314,High Risk,Provider Availability Review
State_Missing,45 to 54,Multiple Sclerosis,Unknown,6,0,50,1.0,0.0,6.0,50,0.0,0.671943972835314,High Risk,Provider Availability Review
State_Missing,9 to 14,Autism,Unknown,6,0,50,1.0,0.0,6.0,50,0.0,0.671943972835314,High Risk,Provider Availability Review
State_Missing,9 to 14,Intellectual Disability,Unknown,6,0,50,1.0,0.0,6.0,50,0.0,0.671943972835314,High Risk,Provider Availability Review
TAS,0 to 8,ABI,Unknown,6,0,50,1.0,0.0,6.0,50,0.0,0.671943972835314,High Risk,Provider Availability Review
TAS,0 to 8,Autism,Unknown,20,0,50,134.0,0.0,0.1492537313432835,50,0.0,0.4184847198641765,Medium Risk,Capacity Building - Improved Daily Living
TAS,0 to 8,Cerebral Palsy,Unknown,20,0,50,12.0,0.0,1.6666666666666667,50,0.0,0.6112054329371817,Medium Risk,Plan Utilisation Support
TAS,0 to 8,Developmental delay,Unknown,20,0,50,64.0,0.0,0.3125,50,0.0,0.4841893039049236,Medium Risk,Capacity Building - Improved Daily Living
TAS,0 to 8,Down Syndrome,Unknown,20,0,50,16.0,0.0,1.25,50,0.0,0.5911502546689305,Medium Risk,Plan Utilisation Support
TAS,0 to 8,DsbltyGrp_Missing,Unknown,8,0,50,1.0,0.0,8.0,50,0.0,0.6941001697792869,High Risk,Provider Availability Review
TAS,0 to 8,Global developmental delay,Unknown,20,0,50,54.0,0.0,0.3703703703703703,50,0.0,0.499660441426146,Medium Risk,Capacity Building - Improved Daily Living
TAS,0 to 8,Hearing Impairment,Unknown,18,0,50,12.0,0.0,1.5,50,0.0,0.6037563667232597,Medium Risk,Assistive Technology and Communication Support
TAS,0 to 8,Intellectual Disability,Unknown,20,0,50,16.0,0.0,1.25,50,0.0,0.5911502546689305,Medium Risk,Capacity Building - Social and Community Participation
TAS,0 to 8,Other,Unknown,19,0,50,1.0,0.0,19.0,50,0.0,0.7208404074702887,High Risk,Provider Availability Review
TAS,0 to 8,Other Neurological,Unknown,18,0,50,1.0,0.0,18.0,50,0.0,0.7195033955857386,High Risk,Provider Availability Review
TAS,0 to 8,Other Physical,Unknown,19,0,50,1.0,0.0,19.0,50,0.0,0.7208404074702887,High Risk,Provider Availability Review
TAS,0 to 8,Other Sensory/Speech,Unknown,6,0,50,1.0,0.0,6.0,50,0.0,0.671943972835314,High Risk,Provider Availability Review
TAS,0 to 8,Visual Impairment,Unknown,14,0,50,1.0,0.0,14.0,50,0.0,0.7120543293718167,High Risk,Provider Availability Review
TAS,15 to 18,ABI,Unknown,15,0,50,16.0,0.0,0.9375,50,0.0,0.5697580645161291,Medium Risk,Plan Utilisation Support
TAS,15 to 18,Autism,Unknown,20,0,50,357.0,0.0,0.0560224089635854,50,0.0,0.3459040747028862,Medium Risk,Capacity Building - Improved Daily Living
TAS,15 to 18,Cerebral Palsy,Unknown,20,0,50,86.0,0.0,0.2325581395348837,50,0.0,0.4582130730050934,Medium Risk,Plan Utilisation Support
TAS,15 to 18,Down Syndrome,Unknown,18,0,50,4.0,0.0,4.5,50,0.0,0.6555178268251274,High Risk,Provider Availability Review
TAS,15 to 18,Hearing Impairment,Unknown,18,0,50,1.0,0.0,18.0,50,0.0,0.7195033955857386,High Risk,Provider Availability Review
TAS,15 to 18,Intellectual Disability,Unknown,20,0,50,248.0,0.0,0.0806451612903225,50,0.0,0.3707342954159592,Medium Risk,Capacity Building - Social and Community Participation
TAS,15 to 18,Multiple Sclerosis,Unknown,6,0,50,1.0,0.0,6.0,50,0.0,0.671943972835314,High Risk,Provider Availability Review
TAS,15 to 18,Other,Unknown,19,0,50,8.0,0.0,2.375,50,0.0,0.6316426146010187,Medium Risk,Plan Utilisation Support
TAS,15 to 18,Other Neurological,Unknown,20,0,50,34.0,0.0,0.5882352941176471,50,0.0,0.5336587436332767,Medium Risk,"Therapy, Assistive Technology, and Daily Living Support Review"
TAS,15 to 18,Other Physical,Unknown,20,0,50,8.0,0.0,2.5,50,0.0,0.6348896434634974,Medium Risk,Assistive Technology / Transport Support
TAS,15 to 18,Other Sensory/Speech,Unknown,6,0,50,1.0,0.0,6.0,50,0.0,0.671943972835314,High Risk,Provider Availability Review
TAS,15 to 18,Psychosocial disability,Unknown,14,0,50,16.0,0.0,0.875,50,0.0,0.5655560271646859,Medium Risk,Psychosocial Recovery and Community Participation
TAS,15 to 18,Spinal Cord Injury,Unknown,10,0,50,1.0,0.0,10.0,50,0.0,0.7032682512733446,High Risk,Provider Availability Review
TAS,15 to 18,Visual Impairment,Unknown,14,0,50,4.0,0.0,3.5,50,0.0,0.6461587436332767,High Risk,Provider Availability Review
TAS,19 to 24,ABI,Unknown,19,0,50,88.0,0.0,0.2159090909090909,50,0.0,0.4540110356536502,Medium Risk,Plan Utilisation Support
TAS,19 to 24,Autism,Unknown,20,0,50,499.0,0.0,0.0400801603206412,50,0.0,0.3237478777589134,Medium Risk,Capacity Building - Improved Daily Living
TAS,19 to 24,Cerebral Palsy,Unknown,20,0,50,70.0,0.0,0.2857142857142857,50,0.0,0.4773132427843803,Medium Risk,Plan Utilisation Support
TAS,19 to 24,Down Syndrome,Unknown,20,0,50,60.0,0.0,0.3333333333333333,50,0.0,0.4887733446519524,Medium Risk,Plan Utilisation Support
TAS,19 to 24,DsbltyGrp_Missing,Unknown,8,0,50,4.0,0.0,2.0,50,0.0,0.622474533106961,High Risk,Provider Availability Review
TAS,19 to 24,Hearing Impairment,Unknown,19,0,50,16.0,0.0,1.1875,50,0.0,0.5863752122241086,Medium Risk,Assistive Technology and Communication Support
TAS,19 to 24,Intellectual Disability,Unknown,20,0,50,444.0,0.0,0.045045045045045,50,0.0,0.3310059422750424,Medium Risk,Capacity Building - Social and Community Participation
TAS,19 to 24,Other,Unknown,15,0,50,1.0,0.0,15.0,50,0.0,0.7145373514431239,High Risk,Provider Availability Review
TAS,19 to 24,Other Neurological,Unknown,20,0,50,56.0,0.0,0.3571428571428571,50,0.0,0.4956494057724957,Medium Risk,"Therapy, Assistive Technology, and Daily Living Support Review"
TAS,19 to 24,Other Physical,Unknown,19,0,50,20.0,0.0,0.95,50,0.0,0.5701400679117148,Medium Risk,Assistive Technology / Transport Support
TAS,19 to 24,Other Sensory/Speech,Unknown,11,0,50,1.0,0.0,11.0,50,0.0,0.7053692699490662,High Risk,Provider Availability Review
TAS,19 to 24,Psychosocial disability,Unknown,15,0,50,92.0,0.0,0.1630434782608695,50,0.0,0.426506791171477,Medium Risk,Psychosocial Recovery and Community Participation
TAS,19 to 24,Spinal Cord Injury,Unknown,20,0,50,16.0,0.0,1.25,50,0.0,0.5911502546689305,Medium Risk,Plan Utilisation Support
TAS,19 to 24,Stroke,Unknown,9,0,50,4.0,0.0,2.25,50,0.0,0.6295415959252971,High Risk,Provider Availability Review
TAS,19 to 24,Visual Impairment,Unknown,17,0,50,4.0,0.0,4.25,50,0.0,0.6534168081494058,High Risk,Provider Availability Review
TAS,25 to 34,ABI,Unknown,20,0,50,120.0,0.0,0.1666666666666666,50,0.0,0.4291808149405772,Medium Risk,Plan Utilisation Support
TAS,25 to 34,Autism,Unknown,20,0,50,576.0,0.0,0.0347222222222222,50,0.0,0.3157258064516129,Medium Risk,Capacity Building - Improved Daily Living
TAS,25 to 34,Cerebral Palsy,Unknown,20,0,50,117.0,0.0,0.1709401709401709,50,0.0,0.4314728353140916,Medium Risk,Plan Utilisation Support
TAS,25 to 34,Down Syndrome,Unknown,20,0,50,126.0,0.0,0.1587301587301587,50,0.0,0.4238327674023769,Medium Risk,Plan Utilisation Support
TAS,25 to 34,DsbltyGrp_Missing,Unknown,6,0,50,1.0,0.0,6.0,50,0.0,0.671943972835314,High Risk,Provider Availability Review
TAS,25 to 34,Global developmental delay,Unknown,4,0,50,1.0,0.0,4.0,50,0.0,0.6509337860780985,High Risk,Provider Availability Review
TAS,25 to 34,Hearing Impairment,Unknown,20,0,50,4.0,0.0,5.0,50,0.0,0.6574278438030561,High Risk,Provider Availability Review
TAS,25 to 34,Intellectual Disability,Unknown,20,0,50,621.0,0.0,0.0322061191626409,50,0.0,0.3130517826825127,Medium Risk,Capacity Building - Social and Community Participation
TAS,25 to 34,Multiple Sclerosis,Unknown,14,0,50,4.0,0.0,3.5,50,0.0,0.6461587436332767,High Risk,Provider Availability Review
TAS,25 to 34,Other,Unknown,18,0,50,4.0,0.0,4.5,50,0.0,0.6555178268251274,High Risk,Provider Availability Review
TAS,25 to 34,Other Neurological,Unknown,20,0,50,76.0,0.0,0.2631578947368421,50,0.0,0.4692911714770797,Medium Risk,"Therapy, Assistive Technology, and Daily Living Support Review"
TAS,25 to 34,Other Physical,Unknown,20,0,50,43.0,0.0,0.4651162790697674,50,0.0,0.5178056027164686,Medium Risk,Assistive Technology / Transport Support
TAS,25 to 34,Other Sensory/Speech,Unknown,8,0,50,1.0,0.0,8.0,50,0.0,0.6941001697792869,High Risk,Provider Availability Review
TAS,25 to 34,Psychosocial disability,Unknown,20,0,50,297.0,0.0,0.0673400673400673,50,0.0,0.3569821731748727,Medium Risk,Psychosocial Recovery and Community Participation
TAS,25 to 34,Spinal Cord Injury,Unknown,20,0,50,28.0,0.0,0.7142857142857143,50,0.0,0.5519949066213922,Medium Risk,Plan Utilisation Support
TAS,25 to 34,Stroke,Unknown,15,0,50,1.0,0.0,15.0,50,0.0,0.7145373514431239,High Risk,Provider Availability Review
TAS,25 to 34,Visual Impairment,Unknown,19,0,50,22.0,0.0,0.8636363636363636,50,0.0,0.5644100169779287,Medium Risk,Assistive Technology and Orientation Support
TAS,35 to 44,ABI,Unknown,20,0,50,125.0,0.0,0.16,50,0.0,0.4244057724957555,Medium Risk,Plan Utilisation Support
TAS,35 to 44,Autism,Unknown,20,0,50,327.0,0.0,0.0611620795107033,50,0.0,0.3523981324278438,Medium Risk,Capacity Building - Improved Daily Living
TAS,35 to 44,Cerebral Palsy,Unknown,20,0,50,226.0,0.0,0.0884955752212389,50,0.0,0.378374363327674,Medium Risk,Plan Utilisation Support
TAS,35 to 44,Down Syndrome,Unknown,19,0,50,121.0,0.0,0.1570247933884297,50,0.0,0.4230687606112054,Medium Risk,Plan Utilisation Support
TAS,35 to 44,Hearing Impairment,Unknown,20,0,50,16.0,0.0,1.25,50,0.0,0.5911502546689305,Medium Risk,Assistive Technology and Communication Support
TAS,35 to 44,Intellectual Disability,Unknown,20,0,50,454.0,0.0,0.0440528634361233,50,0.0,0.3290959252971137,Medium Risk,Capacity Building - Social and Community Participation
TAS,35 to 44,Multiple Sclerosis,Unknown,20,0,50,24.0,0.0,0.8333333333333334,50,0.0,0.560971986417657,Medium Risk,Plan Utilisation Support
TAS,35 to 44,Other,Unknown,20,0,50,16.0,0.0,1.25,50,0.0,0.5911502546689305,Medium Risk,Plan Utilisation Support
TAS,35 to 44,Other Neurological,Unknown,20,0,50,96.0,0.0,0.2083333333333333,50,0.0,0.4505730050933786,Medium Risk,"Therapy, Assistive Technology, and Daily Living Support Review"
TAS,35 to 44,Other Physical,Unknown,20,0,50,84.0,0.0,0.238095238095238,50,0.0,0.4608870967741935,Medium Risk,Assistive Technology / Transport Support
TAS,35 to 44,Other Sensory/Speech,Unknown,8,0,50,1.0,0.0,8.0,50,0.0,0.6941001697792869,High Risk,Provider Availability Review
TAS,35 to 44,Psychosocial disability,Unknown,19,0,50,345.0,0.0,0.0550724637681159,50,0.0,0.3436120543293718,Medium Risk,Psychosocial Recovery and Community Participation
TAS,35 to 44,Spinal Cord Injury,Unknown,20,0,50,8.0,0.0,2.5,50,0.0,0.6348896434634974,Medium Risk,Plan Utilisation Support
TAS,35 to 44,Stroke,Unknown,20,0,50,12.0,0.0,1.6666666666666667,50,0.0,0.6112054329371817,Medium Risk,Plan Utilisation Support
TAS,35 to 44,Visual Impairment,Unknown,20,0,50,34.0,0.0,0.5882352941176471,50,0.0,0.5336587436332767,Medium Risk,Assistive Technology and Orientation Support
TAS,45 to 54,ABI,Unknown,20,0,50,247.0,0.0,0.0809716599190283,50,0.0,0.371116298811545,Medium Risk,Plan Utilisation Support
TAS,45 to 54,Autism,Unknown,19,0,50,187.0,0.0,0.1016042780748663,50,0.0,0.3909804753820033,Medium Risk,Capacity Building - Improved Daily Living
TAS,45 to 54,Cerebral Palsy,Unknown,20,0,50,147.0,0.0,0.1360544217687075,50,0.0,0.4108446519524618,Medium Risk,Plan Utilisation Support
TAS,45 to 54,Down Syndrome,Unknown,20,0,50,114.0,0.0,0.175438596491228,50,0.0,0.4333828522920203,Medium Risk,Plan Utilisation Support
TAS,45 to 54,DsbltyGrp_Missing,Unknown,6,0,50,1.0,0.0,6.0,50,0.0,0.671943972835314,High Risk,Provider Availability Review
TAS,45 to 54,Hearing Impairment,Unknown,20,0,50,38.0,0.0,0.5263157894736842,50,0.0,0.5254456706281834,Medium Risk,Assistive Technology and Communication Support
TAS,45 to 54,Intellectual Disability,Unknown,20,0,50,522.0,0.0,0.0383141762452107,50,0.0,0.3206918505942275,Medium Risk,Capacity Building - Social and Community Participation
TAS,45 to 54,Multiple Sclerosis,Unknown,20,0,50,46.0,0.0,0.4347826086956521,50,0.0,0.5122665534804753,Medium Risk,Plan Utilisation Support
TAS,45 to 54,Other,Unknown,20,0,50,56.0,0.0,0.3571428571428571,50,0.0,0.4956494057724957,Medium Risk,Plan Utilisation Support
TAS,45 to 54,Other Neurological,Unknown,20,0,50,124.0,0.0,0.1612903225806451,50,0.0,0.4257427843803056,Medium Risk,"Therapy, Assistive Technology, and Daily Living Support Review"
TAS,45 to 54,Other Physical,Unknown,20,0,50,52.0,0.0,0.3846153846153846,50,0.0,0.5029074702886248,Medium Risk,Assistive Technology / Transport Support
TAS,45 to 54,Other Sensory/Speech,Unknown,6,0,50,1.0,0.0,6.0,50,0.0,0.671943972835314,High Risk,Provider Availability Review
TAS,45 to 54,Psychosocial disability,Unknown,20,0,50,410.0,0.0,0.048780487804878,50,0.0,0.3350169779286926,Medium Risk,Psychosocial Recovery and Community Participation
TAS,45 to 54,Spinal Cord Injury,Unknown,20,0,50,60.0,0.0,0.3333333333333333,50,0.0,0.4887733446519524,Medium Risk,Plan Utilisation Support
TAS,45 to 54,Stroke,Unknown,20,0,50,44.0,0.0,0.4545454545454545,50,0.0,0.5160865874363327,Medium Risk,Plan Utilisation Support
TAS,45 to 54,Visual Impairment,Unknown,20,0,50,28.0,0.0,0.7142857142857143,50,0.0,0.5519949066213922,Medium Risk,Assistive Technology and Orientation Support
TAS,55 to 64,ABI,Unknown,20,0,50,329.0,0.0,0.060790273556231,50,0.0,0.3512521222410866,Medium Risk,Plan Utilisation Support
TAS,55 to 64,Autism,Unknown,20,0,50,130.0,0.0,0.1538461538461538,50,0.0,0.4205857385398981,Medium Risk,Capacity Building - Improved Daily Living
TAS,55 to 64,Cerebral Palsy,Unknown,20,0,50,162.0,0.0,0.1234567901234567,50,0.0,0.4051146010186757,Medium Risk,Plan Utilisation Support
TAS,55 to 64,Down Syndrome,Unknown,20,0,50,132.0,0.0,0.1515151515151515,50,0.0,0.4196307300509337,Medium Risk,Plan Utilisation Support
TAS,55 to 64,Hearing Impairment,Unknown,20,0,50,56.0,0.0,0.3571428571428571,50,0.0,0.4956494057724957,Medium Risk,Assistive Technology and Communication Support
TAS,55 to 64,Intellectual Disability,Unknown,20,0,50,562.0,0.0,0.0355871886120996,50,0.0,0.3164898132427843,Medium Risk,Capacity Building - Social and Community Participation
TAS,55 to 64,Multiple Sclerosis,Unknown,20,0,50,99.0,0.0,0.202020202020202,50,0.0,0.4478989813242784,Medium Risk,Plan Utilisation Support
TAS,55 to 64,Other,Unknown,20,0,50,113.0,0.0,0.1769911504424778,50,0.0,0.435292869269949,Medium Risk,Plan Utilisation Support
TAS,55 to 64,Other Neurological,Unknown,20,0,50,238.0,0.0,0.0840336134453781,50,0.0,0.3741723259762309,Medium Risk,"Therapy, Assistive Technology, and Daily Living Support Review"
TAS,55 to 64,Other Physical,Unknown,20,0,50,88.0,0.0,0.2272727272727272,50,0.0,0.4561120543293718,Medium Risk,Assistive Technology / Transport Support
TAS,55 to 64,Other Sensory/Speech,Unknown,9,0,50,4.0,0.0,2.25,50,0.0,0.6295415959252971,High Risk,Provider Availability Review
TAS,55 to 64,Psychosocial disability,Unknown,20,0,50,376.0,0.0,0.0531914893617021,50,0.0,0.3417020373514431,Medium Risk,Psychosocial Recovery and Community Participation
TAS,55 to 64,Spinal Cord Injury,Unknown,20,0,50,55.0,0.0,0.3636363636363636,50,0.0,0.4969864176570459,Medium Risk,Plan Utilisation Support
TAS,55 to 64,Stroke,Unknown,20,0,50,151.0,0.0,0.1324503311258278,50,0.0,0.4089346349745331,Medium Risk,Plan Utilisation Support
TAS,55 to 64,Visual Impairment,Unknown,20,0,50,40.0,0.0,0.5,50,0.0,0.5223896434634975,Medium Risk,Assistive Technology and Orientation Support
TAS,65+,ABI,Unknown,20,0,50,192.0,0.0,0.1041666666666666,50,0.0,0.3925084889643463,Medium Risk,Plan Utilisation Support
TAS,65+,Autism,Unknown,19,0,50,98.0,0.0,0.1938775510204081,50,0.0,0.444078947368421,Medium Risk,Capacity Building - Improved Daily Living
TAS,65+,Cerebral Palsy,Unknown,20,0,50,42.0,0.0,0.4761904761904761,50,0.0,0.5195246179966044,Medium Risk,Plan Utilisation Support
TAS,65+,Down Syndrome,Unknown,19,0,50,68.0,0.0,0.2794117647058823,50,0.0,0.4746392190152801,Medium Risk,Plan Utilisation Support
TAS,65+,Hearing Impairment,Unknown,20,0,50,28.0,0.0,0.7142857142857143,50,0.0,0.5519949066213922,Medium Risk,Assistive Technology and Communication Support
TAS,65+,Intellectual Disability,Unknown,20,0,50,409.0,0.0,0.0488997555012225,50,0.0,0.3355899830220712,Medium Risk,Capacity Building - Social and Community Participation
TAS,65+,Multiple Sclerosis,Unknown,20,0,50,107.0,0.0,0.1869158878504672,50,0.0,0.4410229202037351,Medium Risk,Plan Utilisation Support
TAS,65+,Other,Unknown,20,0,50,70.0,0.0,0.2857142857142857,50,0.0,0.4773132427843803,Medium Risk,Plan Utilisation Support
TAS,65+,Other Neurological,Unknown,20,0,50,203.0,0.0,0.0985221674876847,50,0.0,0.3863964346349745,Medium Risk,"Therapy, Assistive Technology, and Daily Living Support Review"
TAS,65+,Other Physical,Unknown,20,0,50,87.0,0.0,0.2298850574712643,50,0.0,0.4566850594227504,Medium Risk,Assistive Technology / Transport Support
TAS,65+,Other Sensory/Speech,Unknown,11,0,50,1.0,0.0,11.0,50,0.0,0.7053692699490662,High Risk,Provider Availability Review
TAS,65+,Psychosocial disability,Unknown,20,0,50,229.0,0.0,0.0873362445414847,50,0.0,0.3764643463497453,Medium Risk,Psychosocial Recovery and Community Participation
TAS,65+,Spinal Cord Injury,Unknown,20,0,50,30.0,0.0,0.6666666666666666,50,0.0,0.5460738539898132,Medium Risk,Plan Utilisation Support
TAS,65+,Stroke,Unknown,20,0,50,122.0,0.0,0.1639344262295081,50,0.0,0.4274617996604414,Medium Risk,Plan Utilisation Support
TAS,65+,Visual Impairment,Unknown,20,0,50,8.0,0.0,2.5,50,0.0,0.6348896434634974,Medium Risk,Assistive Technology and Orientation Support
TAS,9 to 14,ABI,Unknown,14,0,50,1.0,0.0,14.0,50,0.0,0.7120543293718167,High Risk,Provider Availability Review
TAS,9 to 14,Autism,Unknown,20,0,50,462.0,0.0,0.0432900432900432,50,0.0,0.3283319185059422,Medium Risk,Capacity Building - Improved Daily Living
TAS,9 to 14,Cerebral Palsy,Unknown,20,0,50,66.0,0.0,0.303030303030303,50,0.0,0.4815152801358234,Medium Risk,Plan Utilisation Support
TAS,9 to 14,Developmental delay,Unknown,6,0,50,4.0,0.0,1.5,50,0.0,0.6037563667232597,High Risk,Provider Availability Review
TAS,9 to 14,Down Syndrome,Unknown,20,0,50,24.0,0.0,0.8333333333333334,50,0.0,0.560971986417657,Medium Risk,Plan Utilisation Support
TAS,9 to 14,DsbltyGrp_Missing,Unknown,8,0,50,1.0,0.0,8.0,50,0.0,0.6941001697792869,High Risk,Provider Availability Review
TAS,9 to 14,Global developmental delay,Unknown,15,0,50,8.0,0.0,1.875,50,0.0,0.6161714770797962,Medium Risk,Capacity Building - Improved Daily Living
TAS,9 to 14,Hearing Impairment,Unknown,15,0,50,12.0,0.0,1.25,50,0.0,0.5911502546689305,Medium Risk,Assistive Technology and Communication Support
TAS,9 to 14,Intellectual Disability,Unknown,20,0,50,223.0,0.0,0.0896860986547085,50,0.0,0.3795203735144312,Medium Risk,Capacity Building - Social and Community Participation
TAS,9 to 14,Multiple Sclerosis,Unknown,6,0,50,1.0,0.0,6.0,50,0.0,0.671943972835314,High Risk,Provider Availability Review
TAS,9 to 14,Other,Unknown,17,0,50,12.0,0.0,1.4166666666666667,50,0.0,0.5976443123938879,Medium Risk,Plan Utilisation Support
TAS,9 to 14,Other Neurological,Unknown,20,0,50,18.0,0.0,1.1111111111111112,50,0.0,0.5812181663837012,Medium Risk,"Therapy, Assistive Technology, and Daily Living Support Review"
TAS,9 to 14,Other Physical,Unknown,20,0,50,8.0,0.0,2.5,50,0.0,0.6348896434634974,Medium Risk,Assistive Technology / Transport Support
TAS,9 to 14,Other Sensory/Speech,Unknown,16,0,50,4.0,0.0,4.0,50,0.0,0.6509337860780985,High Risk,Provider Availability Review
TAS,9 to 14,Psychosocial disability,Unknown,11,0,50,8.0,0.0,1.375,50,0.0,0.5964983022071307,Medium Risk,Psychosocial Recovery and Community Participation
TAS,9 to 14,Spinal Cord Injury,Unknown,8,0,50,1.0,0.0,8.0,50,0.0,0.6941001697792869,High Risk,Provider Availability Review
TAS,9 to 14,Stroke,Unknown,15,0,50,1.0,0.0,15.0,50,0.0,0.7145373514431239,High Risk,Provider Availability Review
TAS,9 to 14,Visual Impairment,Unknown,15,0,50,1.0,0.0,15.0,50,0.0,0.7145373514431239,High Risk,Provider Availability Review
VIC,0 to 8,ABI,Unknown,64,0,50,8.0,0.0,8.0,50,0.0,0.6941001697792869,Medium Risk,Plan Utilisation Support
VIC,0 to 8,Autism,Unknown,75,0,50,1963.0,0.0,0.0382068262862964,50,0.0,0.319927843803056,Medium Risk,Capacity Building - Improved Daily Living
VIC,0 to 8,Cerebral Palsy,Unknown,72,0,50,104.0,0.0,0.6923076923076923,50,0.0,0.5502758913412563,Medium Risk,Plan Utilisation Support
VIC,0 to 8,Developmental delay,Unknown,72,0,50,1390.0,0.0,0.0517985611510791,50,0.0,0.3394100169779286,Medium Risk,Capacity Building - Improved Daily Living
VIC,0 to 8,Down Syndrome,Unknown,72,0,50,116.0,0.0,0.6206896551724138,50,0.0,0.5388157894736842,Medium Risk,Plan Utilisation Support
VIC,0 to 8,DsbltyGrp_Missing,Unknown,55,0,50,12.0,0.0,4.583333333333333,50,0.0,0.6564728353140917,Medium Risk,Plan Utilisation Support
VIC,0 to 8,Global developmental delay,Unknown,76,0,50,638.0,0.0,0.1191222570532915,50,0.0,0.4020585738539898,Medium Risk,Capacity Building - Improved Daily Living
VIC,0 to 8,Hearing Impairment,Unknown,69,0,50,214.0,0.0,0.322429906542056,50,0.0,0.486481324278438,Medium Risk,Assistive Technology and Communication Support
VIC,0 to 8,Intellectual Disability,Unknown,72,0,50,412.0,0.0,0.174757281553398,50,0.0,0.4326188455008489,Medium Risk,Capacity Building - Social and Community Participation
VIC,0 to 8,Other,Unknown,72,0,50,32.0,0.0,2.25,50,0.0,0.6295415959252971,Medium Risk,Plan Utilisation Support
VIC,0 to 8,Other Neurological,Unknown,71,0,50,36.0,0.0,1.9722222222222223,50,0.0,0.6190365025466893,Medium Risk,"Therapy, Assistive Technology, and Daily Living Support Review"
VIC,0 to 8,Other Physical,Unknown,69,0,50,50.0,0.0,1.38,50,0.0,0.5972623089983022,Medium Risk,Assistive Technology / Transport Support
VIC,0 to 8,Other Sensory/Speech,Unknown,40,0,50,4.0,0.0,10.0,50,0.0,0.7032682512733446,High Risk,Provider Availability Review
VIC,0 to 8,Psychosocial disability,Unknown,12,0,50,1.0,0.0,12.0,50,0.0,0.7089983022071308,High Risk,Provider Availability Review
VIC,0 to 8,Spinal Cord Injury,Unknown,12,0,50,1.0,0.0,12.0,50,0.0,0.7089983022071308,High Risk,Provider Availability Review
VIC,0 to 8,Stroke,Unknown,30,0,50,4.0,0.0,7.5,50,0.0,0.6864601018675722,High Risk,Provider Availability Review
VIC,0 to 8,Visual Impairment,Unknown,68,0,50,26.0,0.0,2.6153846153846154,50,0.0,0.6366086587436333,Medium Risk,Assistive Technology and Orientation Support
VIC,15 to 18,ABI,Unknown,66,0,50,56.0,0.0,1.1785714285714286,50,0.0,0.5858022071307301,Medium Risk,Plan Utilisation Support
VIC,15 to 18,Autism,Unknown,72,0,50,3729.0,0.0,0.0193081255028157,50,0.0,0.2905135823429541,Medium Risk,Capacity Building - Improved Daily Living
VIC,15 to 18,Cerebral Palsy,Unknown,72,0,50,414.0,0.0,0.1739130434782608,50,0.0,0.4318548387096774,Medium Risk,Plan Utilisation Support
VIC,15 to 18,Developmental delay,Unknown,6,0,50,1.0,0.0,6.0,50,0.0,0.671943972835314,High Risk,Provider Availability Review
VIC,15 to 18,Down Syndrome,Unknown,69,0,50,184.0,0.0,0.375,50,0.0,0.5008064516129033,Medium Risk,Plan Utilisation Support
VIC,15 to 18,Hearing Impairment,Unknown,66,0,50,108.0,0.0,0.6111111111111112,50,0.0,0.5367147707979627,Medium Risk,Assistive Technology and Communication Support
VIC,15 to 18,Intellectual Disability,Unknown,72,0,50,2193.0,0.0,0.0328317373461012,50,0.0,0.3141977928692699,Medium Risk,Capacity Building - Social and Community Participation
VIC,15 to 18,Multiple Sclerosis,Unknown,11,0,50,1.0,0.0,11.0,50,0.0,0.7053692699490662,High Risk,Provider Availability Review
VIC,15 to 18,Other,Unknown,65,0,50,30.0,0.0,2.1666666666666665,50,0.0,0.6274405772495756,Medium Risk,Plan Utilisation Support
VIC,15 to 18,Other Neurological,Unknown,72,0,50,164.0,0.0,0.4390243902439024,50,0.0,0.5139855687606112,Medium Risk,"Therapy, Assistive Technology, and Daily Living Support Review"
VIC,15 to 18,Other Physical,Unknown,71,0,50,76.0,0.0,0.9342105263157896,50,0.0,0.5693760611205433,Medium Risk,Assistive Technology / Transport Support
VIC,15 to 18,Other Sensory/Speech,Unknown,50,0,50,28.0,0.0,1.7857142857142858,50,0.0,0.6144524617996604,Medium Risk,Plan Utilisation Support
VIC,15 to 18,Psychosocial disability,Unknown,48,0,50,70.0,0.0,0.6857142857142857,50,0.0,0.549320882852292,Medium Risk,Psychosocial Recovery and Community Participation
VIC,15 to 18,Spinal Cord Injury,Unknown,32,0,50,10.0,0.0,3.2,50,0.0,0.6431027164685909,Medium Risk,Plan Utilisation Support
VIC,15 to 18,Stroke,Unknown,27,0,50,8.0,0.0,3.375,50,0.0,0.6448217317487267,Medium Risk,Plan Utilisation Support
VIC,15 to 18,Visual Impairment,Unknown,65,0,50,58.0,0.0,1.1206896551724137,50,0.0,0.581600169779287,Medium Risk,Assistive Technology and Orientation Support
VIC,19 to 24,ABI,Unknown,68,0,50,238.0,0.0,0.2857142857142857,50,0.0,0.4773132427843803,Medium Risk,Plan Utilisation Support
VIC,19 to 24,Autism,Unknown,72,0,50,4304.0,0.0,0.0167286245353159,50,0.0,0.2882215619694397,Medium Risk,Capacity Building - Improved Daily Living
VIC,19 to 24,Cerebral Palsy,Unknown,72,0,50,736.0,0.0,0.0978260869565217,50,0.0,0.3860144312393888,Medium Risk,Plan Utilisation Support
VIC,19 to 24,Down Syndrome,Unknown,68,0,50,417.0,0.0,0.1630695443645084,50,0.0,0.4268887945670628,Medium Risk,Plan Utilisation Support
VIC,19 to 24,DsbltyGrp_Missing,Unknown,6,0,50,1.0,0.0,6.0,50,0.0,0.671943972835314,High Risk,Provider Availability Review
VIC,19 to 24,Hearing Impairment,Unknown,69,0,50,152.0,0.0,0.4539473684210526,50,0.0,0.5155135823429542,Medium Risk,Assistive Technology and Communication Support
VIC,19 to 24,Intellectual Disability,Unknown,75,0,50,3676.0,0.0,0.0204026115342763,50,0.0,0.2928056027164685,Medium Risk,Capacity Building - Social and Community Participation
VIC,19 to 24,Multiple Sclerosis,Unknown,42,0,50,28.0,0.0,1.5,50,0.0,0.6037563667232597,Medium Risk,Plan Utilisation Support
VIC,19 to 24,Other,Unknown,61,0,50,72.0,0.0,0.8472222222222222,50,0.0,0.5621179966044142,Medium Risk,Plan Utilisation Support
VIC,19 to 24,Other Neurological,Unknown,72,0,50,352.0,0.0,0.2045454545454545,50,0.0,0.4490449915110356,Medium Risk,"Therapy, Assistive Technology, and Daily Living Support Review"
VIC,19 to 24,Other Physical,Unknown,72,0,50,72.0,0.0,1.0,50,0.0,0.5749151103565365,Medium Risk,Assistive Technology / Transport Support
VIC,19 to 24,Other Sensory/Speech,Unknown,46,0,50,24.0,0.0,1.9166666666666667,50,0.0,0.6176994906621393,Medium Risk,Plan Utilisation Support
VIC,19 to 24,Psychosocial disability,Unknown,61,0,50,559.0,0.0,0.10912343470483,50,0.0,0.3951825127334465,Medium Risk,Psychosocial Recovery and Community Participation
VIC,19 to 24,Spinal Cord Injury,Unknown,52,0,50,64.0,0.0,0.8125,50,0.0,0.5588709677419355,Medium Risk,Plan Utilisation Support
VIC,19 to 24,Stroke,Unknown,39,0,50,34.0,0.0,1.1470588235294117,50,0.0,0.5835101867572156,Medium Risk,Plan Utilisation Support
VIC,19 to 24,Visual Impairment,Unknown,68,0,50,82.0,0.0,0.8292682926829268,50,0.0,0.5598259762308998,Medium Risk,Assistive Technology and Orientation Support
VIC,25 to 34,ABI,Unknown,75,0,50,798.0,0.0,0.093984962406015,50,0.0,0.3821943972835314,Medium Risk,Plan Utilisation Support
VIC,25 to 34,Autism,Unknown,72,0,50,4018.0,0.0,0.017919362867098,50,0.0,0.2893675721561969,Medium Risk,Capacity Building - Improved Daily Living
VIC,25 to 34,Cerebral Palsy,Unknown,72,0,50,1181.0,0.0,0.060965283657917,50,0.0,0.352016129032258,Medium Risk,Plan Utilisation Support
VIC,25 to 34,Down Syndrome,Unknown,72,0,50,904.0,0.0,0.079646017699115,50,0.0,0.3699702886247877,Medium Risk,Plan Utilisation Support
VIC,25 to 34,DsbltyGrp_Missing,Unknown,17,0,50,1.0,0.0,17.0,50,0.0,0.7177843803056028,High Risk,Provider Availability Review
VIC,25 to 34,Hearing Impairment,Unknown,72,0,50,188.0,0.0,0.3829787234042553,50,0.0,0.5021434634974533,Medium Risk,Assistive Technology and Communication Support
VIC,25 to 34,Intellectual Disability,Unknown,72,0,50,5256.0,0.0,0.0136986301369863,50,0.0,0.2809634974533107,Medium Risk,Capacity Building - Social and Community Participation
VIC,25 to 34,Multiple Sclerosis,Unknown,72,0,50,102.0,0.0,0.7058823529411765,50,0.0,0.5510398981324278,Medium Risk,Plan Utilisation Support
VIC,25 to 34,Other,Unknown,72,0,50,183.0,0.0,0.3934426229508196,50,0.0,0.5048174872665535,Medium Risk,Plan Utilisation Support
VIC,25 to 34,Other Neurological,Unknown,72,0,50,643.0,0.0,0.1119751166407465,50,0.0,0.3970925297113752,Medium Risk,"Therapy, Assistive Technology, and Daily Living Support Review"
VIC,25 to 34,Other Physical,Unknown,71,0,50,239.0,0.0,0.2970711297071129,50,0.0,0.4803692699490662,Medium Risk,Assistive Technology / Transport Support
VIC,25 to 34,Other Sensory/Speech,Unknown,20,0,50,1.0,0.0,20.0,50,0.0,0.7216044142614602,High Risk,Provider Availability Review
VIC,25 to 34,Psychosocial disability,Unknown,70,0,50,2713.0,0.0,0.0258016955399926,50,0.0,0.3012096774193548,Medium Risk,Psychosocial Recovery and Community Participation
VIC,25 to 34,Spinal Cord Injury,Unknown,68,0,50,161.0,0.0,0.422360248447205,50,0.0,0.5101655348047538,Medium Risk,Plan Utilisation Support
VIC,25 to 34,Stroke,Unknown,54,0,50,50.0,0.0,1.08,50,0.0,0.580072156196944,Medium Risk,Plan Utilisation Support
VIC,25 to 34,Visual Impairment,Unknown,71,0,50,186.0,0.0,0.3817204301075269,50,0.0,0.5017614601018676,Medium Risk,Assistive Technology and Orientation Support
VIC,35 to 44,ABI,Unknown,72,0,50,1514.0,0.0,0.047556142668428,50,0.0,0.3329159592529711,Medium Risk,Plan Utilisation Support
VIC,35 to 44,Autism,Unknown,72,0,50,2588.0,0.0,0.0278207109737248,50,0.0,0.3042657045840407,Medium Risk,Capacity Building - Improved Daily Living
VIC,35 to 44,Cerebral Palsy,Unknown,72,0,50,1262.0,0.0,0.0570522979397781,50,0.0,0.3466680814940577,Medium Risk,Plan Utilisation Support
VIC,35 to 44,Down Syndrome,Unknown,72,0,50,1213.0,0.0,0.0593569661995053,50,0.0,0.3497241086587436,Medium Risk,Plan Utilisation Support
VIC,35 to 44,DsbltyGrp_Missing,Unknown,9,0,50,16.0,0.0,0.5625,50,0.0,0.5300297113752122,Medium Risk,Plan Utilisation Support
VIC,35 to 44,Hearing Impairment,Unknown,71,0,50,133.0,0.0,0.5338345864661654,50,0.0,0.5265916808149406,Medium Risk,Assistive Technology and Communication Support
VIC,35 to 44,Intellectual Disability,Unknown,74,0,50,4640.0,0.0,0.0159482758620689,50,0.0,0.2859295415959252,Medium Risk,Capacity Building - Social and Community Participation
VIC,35 to 44,Multiple Sclerosis,Unknown,72,0,50,292.0,0.0,0.2465753424657534,50,0.0,0.4635611205432937,Medium Risk,Plan Utilisation Support
VIC,35 to 44,Other,Unknown,71,0,50,216.0,0.0,0.3287037037037037,50,0.0,0.4872453310696095,Medium Risk,Plan Utilisation Support
VIC,35 to 44,Other Neurological,Unknown,72,0,50,610.0,0.0,0.1180327868852459,50,0.0,0.4009125636672326,Medium Risk,"Therapy, Assistive Technology, and Daily Living Support Review"
VIC,35 to 44,Other Physical,Unknown,72,0,50,499.0,0.0,0.1442885771543086,50,0.0,0.4165747028862478,Medium Risk,Assistive Technology / Transport Support
VIC,35 to 44,Other Sensory/Speech,Unknown,11,0,50,14.0,0.0,0.7857142857142857,50,0.0,0.5573429541595926,Medium Risk,Plan Utilisation Support
VIC,35 to 44,Psychosocial disability,Unknown,75,0,50,3875.0,0.0,0.0193548387096774,50,0.0,0.2908955857385398,Medium Risk,Psychosocial Recovery and Community Participation
VIC,35 to 44,Spinal Cord Injury,Unknown,72,0,50,354.0,0.0,0.2033898305084746,50,0.0,0.4482809847198642,Medium Risk,Plan Utilisation Support
VIC,35 to 44,Stroke,Unknown,63,0,50,206.0,0.0,0.3058252427184466,50,0.0,0.4826612903225806,Medium Risk,Plan Utilisation Support
VIC,35 to 44,Visual Impairment,Unknown,71,0,50,379.0,0.0,0.1873350923482849,50,0.0,0.4414049235993209,Medium Risk,Assistive Technology and Orientation Support
VIC,45 to 54,ABI,Unknown,72,0,50,2397.0,0.0,0.030037546933667,50,0.0,0.3084677419354839,Medium Risk,Plan Utilisation Support
VIC,45 to 54,Autism,Unknown,71,0,50,1572.0,0.0,0.0451653944020356,50,0.0,0.3313879456706282,Medium Risk,Capacity Building - Improved Daily Living
VIC,45 to 54,Cerebral Palsy,Unknown,72,0,50,1254.0,0.0,0.0574162679425837,50,0.0,0.3470500848896434,Medium Risk,Plan Utilisation Support
VIC,45 to 54,Down Syndrome,Unknown,72,0,50,1142.0,0.0,0.063047285464098,50,0.0,0.3539261460101867,Medium Risk,Plan Utilisation Support
VIC,45 to 54,DsbltyGrp_Missing,Unknown,14,0,50,4.0,0.0,3.5,50,0.0,0.6461587436332767,High Risk,Provider Availability Review
VIC,45 to 54,Hearing Impairment,Unknown,71,0,50,182.0,0.0,0.3901098901098901,50,0.0,0.5036714770797962,Medium Risk,Assistive Technology and Communication Support
VIC,45 to 54,Intellectual Disability,Unknown,75,0,50,4266.0,0.0,0.0175808720112517,50,0.0,0.2889855687606112,Medium Risk,Capacity Building - Social and Community Participation
VIC,45 to 54,Multiple Sclerosis,Unknown,75,0,50,753.0,0.0,0.099601593625498,50,0.0,0.3883064516129032,Medium Risk,Plan Utilisation Support
VIC,45 to 54,Other,Unknown,72,0,50,426.0,0.0,0.1690140845070422,50,0.0,0.4299448217317487,Medium Risk,Plan Utilisation Support
VIC,45 to 54,Other Neurological,Unknown,72,0,50,1245.0,0.0,0.0578313253012048,50,0.0,0.3478140916808149,Medium Risk,"Therapy, Assistive Technology, and Daily Living Support Review"
VIC,45 to 54,Other Physical,Unknown,72,0,50,683.0,0.0,0.1054172767203514,50,0.0,0.3932724957555178,Medium Risk,Assistive Technology / Transport Support
VIC,45 to 54,Other Sensory/Speech,Unknown,14,0,50,8.0,0.0,1.75,50,0.0,0.613497453310696,Medium Risk,Plan Utilisation Support
VIC,45 to 54,Psychosocial disability,Unknown,75,0,50,4817.0,0.0,0.0155698567573178,50,0.0,0.2844015280135823,Medium Risk,Psychosocial Recovery and Community Participation
VIC,45 to 54,Spinal Cord Injury,Unknown,72,0,50,270.0,0.0,0.2666666666666666,50,0.0,0.4708191850594228,Medium Risk,Plan Utilisation Support
VIC,45 to 54,Stroke,Unknown,72,0,50,527.0,0.0,0.1366223908918406,50,0.0,0.4112266553480475,Medium Risk,Plan Utilisation Support
VIC,45 to 54,Visual Impairment,Unknown,72,0,50,397.0,0.0,0.181360201511335,50,0.0,0.4387308998302207,Medium Risk,Assistive Technology and Orientation Support
VIC,55 to 64,ABI,Unknown,72,0,50,3079.0,0.0,0.0233842156544332,50,0.0,0.2966256366723259,Medium Risk,Plan Utilisation Support
VIC,55 to 64,Autism,Unknown,71,0,50,994.0,0.0,0.0714285714285714,50,0.0,0.3602292020373514,Medium Risk,Capacity Building - Improved Daily Living
VIC,55 to 64,Cerebral Palsy,Unknown,72,0,50,1302.0,0.0,0.0552995391705069,50,0.0,0.3439940577249575,Medium Risk,Plan Utilisation Support
VIC,55 to 64,Down Syndrome,Unknown,71,0,50,1095.0,0.0,0.0648401826484018,50,0.0,0.355072156196944,Medium Risk,Plan Utilisation Support
VIC,55 to 64,DsbltyGrp_Missing,Unknown,22,0,50,12.0,0.0,1.8333333333333333,50,0.0,0.6154074702886247,Medium Risk,Plan Utilisation Support
VIC,55 to 64,Hearing Impairment,Unknown,72,0,50,351.0,0.0,0.2051282051282051,50,0.0,0.4494269949066214,Medium Risk,Assistive Technology and Communication Support
VIC,55 to 64,Intellectual Disability,Unknown,72,0,50,4249.0,0.0,0.0169451635678983,50,0.0,0.2886035653650254,Medium Risk,Capacity Building - Social and Community Participation
VIC,55 to 64,Multiple Sclerosis,Unknown,72,0,50,1341.0,0.0,0.0536912751677852,50,0.0,0.3426570458404074,Medium Risk,Plan Utilisation Support
VIC,55 to 64,Other,Unknown,72,0,50,1011.0,0.0,0.0712166172106825,50,0.0,0.3592741935483871,Medium Risk,Plan Utilisation Support
VIC,55 to 64,Other Neurological,Unknown,72,0,50,2364.0,0.0,0.0304568527918781,50,0.0,0.309613752122241,Medium Risk,"Therapy, Assistive Technology, and Daily Living Support Review"
VIC,55 to 64,Other Physical,Unknown,72,0,50,1185.0,0.0,0.060759493670886,50,0.0,0.3508701188455008,Medium Risk,Assistive Technology / Transport Support
VIC,55 to 64,Other Sensory/Speech,Unknown,31,0,50,8.0,0.0,3.875,50,0.0,0.6488327674023769,Medium Risk,Plan Utilisation Support
VIC,55 to 64,Psychosocial disability,Unknown,72,0,50,4466.0,0.0,0.0161218092252575,50,0.0,0.2874575551782682,Medium Risk,Psychosocial Recovery and Community Participation
VIC,55 to 64,Spinal Cord Injury,Unknown,72,0,50,398.0,0.0,0.1809045226130653,50,0.0,0.4379668930390492,Medium Risk,Plan Utilisation Support
VIC,55 to 64,Stroke,Unknown,76,0,50,1267.0,0.0,0.0599842146803472,50,0.0,0.3501061120543293,Medium Risk,Plan Utilisation Support
VIC,55 to 64,Visual Impairment,Unknown,72,0,50,580.0,0.0,0.1241379310344827,50,0.0,0.4054966044142615,Medium Risk,Assistive Technology and Orientation Support
VIC,65+,ABI,Unknown,72,0,50,1858.0,0.0,0.038751345532831,50,0.0,0.3222198641765704,Medium Risk,Plan Utilisation Support
VIC,65+,Autism,Unknown,63,0,50,382.0,0.0,0.1649214659685864,50,0.0,0.42803480475382,Medium Risk,Capacity Building - Improved Daily Living
VIC,65+,Cerebral Palsy,Unknown,72,0,50,718.0,0.0,0.1002785515320334,50,0.0,0.3894524617996604,Medium Risk,Plan Utilisation Support
VIC,65+,Down Syndrome,Unknown,56,0,50,242.0,0.0,0.2314049586776859,50,0.0,0.4570670628183361,Medium Risk,Plan Utilisation Support
VIC,65+,DsbltyGrp_Missing,Unknown,12,0,50,8.0,0.0,1.5,50,0.0,0.6037563667232597,Medium Risk,Plan Utilisation Support
VIC,65+,Hearing Impairment,Unknown,72,0,50,174.0,0.0,0.4137931034482758,50,0.0,0.5090195246179966,Medium Risk,Assistive Technology and Communication Support
VIC,65+,Intellectual Disability,Unknown,72,0,50,2924.0,0.0,0.0246238030095759,50,0.0,0.2985356536502546,Medium Risk,Capacity Building - Social and Community Participation
VIC,65+,Multiple Sclerosis,Unknown,72,0,50,839.0,0.0,0.0858164481525625,50,0.0,0.3757003395585738,Medium Risk,Plan Utilisation Support
VIC,65+,Other,Unknown,72,0,50,680.0,0.0,0.1058823529411764,50,0.0,0.3940365025466893,Medium Risk,Plan Utilisation Support
VIC,65+,Other Neurological,Unknown,72,0,50,2111.0,0.0,0.0341070582662245,50,0.0,0.3149617996604414,Medium Risk,"Therapy, Assistive Technology, and Daily Living Support Review"
VIC,65+,Other Physical,Unknown,72,0,50,1009.0,0.0,0.0713577799801783,50,0.0,0.3596561969439728,Medium Risk,Assistive Technology / Transport Support
VIC,65+,Other Sensory/Speech,Unknown,25,0,50,20.0,0.0,1.25,50,0.0,0.5911502546689305,Medium Risk,Plan Utilisation Support
VIC,65+,Psychosocial disability,Unknown,72,0,50,2630.0,0.0,0.0273764258555133,50,0.0,0.303883701188455,Medium Risk,Psychosocial Recovery and Community Participation
VIC,65+,Spinal Cord Injury,Unknown,72,0,50,384.0,0.0,0.1875,50,0.0,0.4417869269949066,Medium Risk,Plan Utilisation Support
VIC,65+,Stroke,Unknown,72,0,50,1375.0,0.0,0.0523636363636363,50,0.0,0.3405560271646859,Medium Risk,Plan Utilisation Support
VIC,65+,Visual Impairment,Unknown,72,0,50,500.0,0.0,0.144,50,0.0,0.4161926994906622,Medium Risk,Assistive Technology and Orientation Support
VIC,9 to 14,ABI,Unknown,69,0,50,106.0,0.0,0.6509433962264151,50,0.0,0.5418718166383701,Medium Risk,Plan Utilisation Support
VIC,9 to 14,Autism,Unknown,75,0,50,4674.0,0.0,0.0160462130937098,50,0.0,0.2870755517826825,Medium Risk,Capacity Building - Improved Daily Living
VIC,9 to 14,Cerebral Palsy,Unknown,72,0,50,400.0,0.0,0.18,50,0.0,0.4372028862478777,Medium Risk,Plan Utilisation Support
VIC,9 to 14,Developmental delay,Unknown,57,0,50,46.0,0.0,1.2391304347826086,50,0.0,0.588858234295416,Medium Risk,Capacity Building - Improved Daily Living
VIC,9 to 14,Down Syndrome,Unknown,71,0,50,230.0,0.0,0.308695652173913,50,0.0,0.4834252971137521,Medium Risk,Plan Utilisation Support
VIC,9 to 14,DsbltyGrp_Missing,Unknown,24,0,50,1.0,0.0,24.0,50,0.0,0.7225594227504244,High Risk,Provider Availability Review
VIC,9 to 14,Global developmental delay,Unknown,60,0,50,52.0,0.0,1.1538461538461535,50,0.0,0.5838921901528014,Medium Risk,Capacity Building - Improved Daily Living
VIC,9 to 14,Hearing Impairment,Unknown,71,0,50,172.0,0.0,0.4127906976744186,50,0.0,0.5086375212224108,Medium Risk,Assistive Technology and Communication Support
VIC,9 to 14,Intellectual Disability,Unknown,72,0,50,2014.0,0.0,0.0357497517378351,50,0.0,0.3168718166383701,Medium Risk,Capacity Building - Social and Community Participation
VIC,9 to 14,Multiple Sclerosis,Unknown,6,0,50,1.0,0.0,6.0,50,0.0,0.671943972835314,High Risk,Provider Availability Review
VIC,9 to 14,Other,Unknown,68,0,50,156.0,0.0,0.4358974358974359,50,0.0,0.512839558573854,Medium Risk,Plan Utilisation Support
VIC,9 to 14,Other Neurological,Unknown,72,0,50,244.0,0.0,0.2950819672131147,50,0.0,0.4799872665534804,Medium Risk,"Therapy, Assistive Technology, and Daily Living Support Review"
VIC,9 to 14,Other Physical,Unknown,70,0,50,147.0,0.0,0.4761904761904761,50,0.0,0.5195246179966044,Medium Risk,Assistive Technology / Transport Support
VIC,9 to 14,Other Sensory/Speech,Unknown,60,0,50,96.0,0.0,0.625,50,0.0,0.5395797962648556,Medium Risk,Plan Utilisation Support
VIC,9 to 14,Psychosocial disability,Unknown,45,0,50,20.0,0.0,2.25,50,0.0,0.6295415959252971,Medium Risk,Psychosocial Recovery and Community Participation
VIC,9 to 14,Spinal Cord Injury,Unknown,23,0,50,1.0,0.0,23.0,50,0.0,0.7221774193548387,High Risk,Provider Availability Review
VIC,9 to 14,Stroke,Unknown,40,0,50,12.0,0.0,3.333333333333333,50,0.0,0.644248726655348,Medium Risk,Plan Utilisation Support
VIC,9 to 14,Visual Impairment,Unknown,70,0,50,54.0,0.0,1.2962962962962965,50,0.0,0.594588285229202,Medium Risk,Assistive Technology and Orientation Support
WA,0 to 8,ABI,Unknown,34,0,50,8.0,0.0,4.25,50,0.0,0.6534168081494058,Medium Risk,Plan Utilisation Support
WA,0 to 8,Autism,Unknown,55,0,50,903.0,0.0,0.0609080841638981,50,0.0,0.3516341256366723,Medium Risk,Capacity Building - Improved Daily Living
WA,0 to 8,Cerebral Palsy,Unknown,52,0,50,126.0,0.0,0.4126984126984127,50,0.0,0.5082555178268251,Medium Risk,Plan Utilisation Support
WA,0 to 8,Developmental delay,Unknown,55,0,50,625.0,0.0,0.088,50,0.0,0.3772283531409168,Medium Risk,Capacity Building - Improved Daily Living
WA,0 to 8,Down Syndrome,Unknown,49,0,50,98.0,0.0,0.5,50,0.0,0.5223896434634975,Medium Risk,Plan Utilisation Support
WA,0 to 8,DsbltyGrp_Missing,Unknown,22,0,50,8.0,0.0,2.75,50,0.0,0.6390916808149406,Medium Risk,Plan Utilisation Support
WA,0 to 8,Global developmental delay,Unknown,55,0,50,382.0,0.0,0.143979057591623,50,0.0,0.4158106960950763,Medium Risk,Capacity Building - Improved Daily Living
WA,0 to 8,Hearing Impairment,Unknown,49,0,50,138.0,0.0,0.3550724637681159,50,0.0,0.4948853989813243,Medium Risk,Assistive Technology and Communication Support
WA,0 to 8,Intellectual Disability,Unknown,51,0,50,290.0,0.0,0.1758620689655172,50,0.0,0.4345288624787776,Medium Risk,Capacity Building - Social and Community Participation
WA,0 to 8,Other,Unknown,49,0,50,42.0,0.0,1.1666666666666667,50,0.0,0.5848471986417657,Medium Risk,Plan Utilisation Support
WA,0 to 8,Other Neurological,Unknown,44,0,50,20.0,0.0,2.2,50,0.0,0.6278225806451613,Medium Risk,"Therapy, Assistive Technology, and Daily Living Support Review"
WA,0 to 8,Other Physical,Unknown,39,0,50,32.0,0.0,1.21875,50,0.0,0.5880942275042444,Medium Risk,Assistive Technology / Transport Support
WA,0 to 8,Other Sensory/Speech,Unknown,31,0,50,4.0,0.0,7.75,50,0.0,0.6870331069609508,High Risk,Provider Availability Review
WA,0 to 8,Psychosocial disability,Unknown,6,0,50,1.0,0.0,6.0,50,0.0,0.671943972835314,High Risk,Provider Availability Review
WA,0 to 8,Spinal Cord Injury,Unknown,16,0,50,1.0,0.0,16.0,50,0.0,0.7166383701188455,High Risk,Provider Availability Review
WA,0 to 8,Stroke,Unknown,11,0,50,1.0,0.0,11.0,50,0.0,0.7053692699490662,High Risk,Provider Availability Review
WA,0 to 8,Visual Impairment,Unknown,38,0,50,14.0,0.0,2.7142857142857144,50,0.0,0.6377546689303905,Medium Risk,Assistive Technology and Orientation Support
WA,15 to 18,ABI,Unknown,43,0,50,136.0,0.0,0.3161764705882353,50,0.0,0.4853353140916808,Medium Risk,Plan Utilisation Support
WA,15 to 18,Autism,Unknown,51,0,50,1638.0,0.0,0.0311355311355311,50,0.0,0.311141765704584,Medium Risk,Capacity Building - Improved Daily Living
WA,15 to 18,Cerebral Palsy,Unknown,52,0,50,336.0,0.0,0.1547619047619047,50,0.0,0.4219227504244482,Medium Risk,Plan Utilisation Support
WA,15 to 18,Down Syndrome,Unknown,49,0,50,117.0,0.0,0.4188034188034188,50,0.0,0.5094015280135823,Medium Risk,Plan Utilisation Support
WA,15 to 18,DsbltyGrp_Missing,Unknown,9,0,50,1.0,0.0,9.0,50,0.0,0.7019312393887945,High Risk,Provider Availability Review
WA,15 to 18,Global developmental delay,Unknown,6,0,50,1.0,0.0,6.0,50,0.0,0.671943972835314,High Risk,Provider Availability Review
WA,15 to 18,Hearing Impairment,Unknown,49,0,50,64.0,0.0,0.765625,50,0.0,0.5560059422750424,Medium Risk,Assistive Technology and Communication Support
WA,15 to 18,Intellectual Disability,Unknown,55,0,50,868.0,0.0,0.0633640552995391,50,0.0,0.3543081494057725,Medium Risk,Capacity Building - Social and Community Participation
WA,15 to 18,Multiple Sclerosis,Unknown,8,0,50,1.0,0.0,8.0,50,0.0,0.6941001697792869,High Risk,Provider Availability Review
WA,15 to 18,Other,Unknown,46,0,50,28.0,0.0,1.6428571428571428,50,0.0,0.6106324278438031,Medium Risk,Plan Utilisation Support
WA,15 to 18,Other Neurological,Unknown,52,0,50,98.0,0.0,0.5306122448979592,50,0.0,0.5262096774193549,Medium Risk,"Therapy, Assistive Technology, and Daily Living Support Review"
WA,15 to 18,Other Physical,Unknown,51,0,50,28.0,0.0,1.8214285714285716,50,0.0,0.6148344651952462,Medium Risk,Assistive Technology / Transport Support
WA,15 to 18,Other Sensory/Speech,Unknown,20,0,50,40.0,0.0,0.5,50,0.0,0.5223896434634975,Medium Risk,Plan Utilisation Support
WA,15 to 18,Psychosocial disability,Unknown,29,0,50,22.0,0.0,1.318181818181818,50,0.0,0.5949702886247877,Medium Risk,Psychosocial Recovery and Community Participation
WA,15 to 18,Spinal Cord Injury,Unknown,30,0,50,16.0,0.0,1.875,50,0.0,0.6161714770797962,Medium Risk,Plan Utilisation Support
WA,15 to 18,Stroke,Unknown,21,0,50,4.0,0.0,5.25,50,0.0,0.658955857385399,High Risk,Provider Availability Review
WA,15 to 18,Visual Impairment,Unknown,44,0,50,31.0,0.0,1.4193548387096775,50,0.0,0.5980263157894737,Medium Risk,Assistive Technology and Orientation Support
WA,19 to 24,ABI,Unknown,43,0,50,172.0,0.0,0.25,50,0.0,0.4654711375212224,Medium Risk,Plan Utilisation Support
WA,19 to 24,Autism,Unknown,51,0,50,2053.0,0.0,0.0248416950803701,50,0.0,0.2992996604414261,Medium Risk,Capacity Building - Improved Daily Living
WA,19 to 24,Cerebral Palsy,Unknown,52,0,50,437.0,0.0,0.1189931350114416,50,0.0,0.4012945670628183,Medium Risk,Plan Utilisation Support
WA,19 to 24,Down Syndrome,Unknown,49,0,50,199.0,0.0,0.2462311557788944,50,0.0,0.463179117147708,Medium Risk,Plan Utilisation Support
WA,19 to 24,DsbltyGrp_Missing,Unknown,9,0,50,1.0,0.0,9.0,50,0.0,0.7019312393887945,High Risk,Provider Availability Review
WA,19 to 24,Hearing Impairment,Unknown,50,0,50,60.0,0.0,0.8333333333333334,50,0.0,0.560971986417657,Medium Risk,Assistive Technology and Communication Support
WA,19 to 24,Intellectual Disability,Unknown,52,0,50,1725.0,0.0,0.0301449275362318,50,0.0,0.3092317487266553,Medium Risk,Capacity Building - Social and Community Participation
WA,19 to 24,Multiple Sclerosis,Unknown,15,0,50,1.0,0.0,15.0,50,0.0,0.7145373514431239,High Risk,Provider Availability Review
WA,19 to 24,Other,Unknown,43,0,50,40.0,0.0,1.075,50,0.0,0.5793081494057725,Medium Risk,Plan Utilisation Support
WA,19 to 24,Other Neurological,Unknown,51,0,50,168.0,0.0,0.3035714285714285,50,0.0,0.4818972835314091,Medium Risk,"Therapy, Assistive Technology, and Daily Living Support Review"
WA,19 to 24,Other Physical,Unknown,48,0,50,78.0,0.0,0.6153846153846154,50,0.0,0.5380517826825127,Medium Risk,Assistive Technology / Transport Support
WA,19 to 24,Other Sensory/Speech,Unknown,12,0,50,1.0,0.0,12.0,50,0.0,0.7089983022071308,High Risk,Provider Availability Review
WA,19 to 24,Psychosocial disability,Unknown,43,0,50,278.0,0.0,0.1546762589928057,50,0.0,0.4215407470288624,Medium Risk,Psychosocial Recovery and Community Participation
WA,19 to 24,Spinal Cord Injury,Unknown,40,0,50,48.0,0.0,0.8333333333333334,50,0.0,0.560971986417657,Medium Risk,Plan Utilisation Support
WA,19 to 24,Stroke,Unknown,19,0,50,8.0,0.0,2.375,50,0.0,0.6316426146010187,Medium Risk,Plan Utilisation Support
WA,19 to 24,Visual Impairment,Unknown,43,0,50,50.0,0.0,0.86,50,0.0,0.5640280135823429,Medium Risk,Assistive Technology and Orientation Support
WA,25 to 34,ABI,Unknown,51,0,50,362.0,0.0,0.1408839779005525,50,0.0,0.4146646859083192,Medium Risk,Plan Utilisation Support
WA,25 to 34,Autism,Unknown,52,0,50,1945.0,0.0,0.0267352185089974,50,0.0,0.3027376910016978,Medium Risk,Capacity Building - Improved Daily Living
WA,25 to 34,Cerebral Palsy,Unknown,52,0,50,642.0,0.0,0.0809968847352024,50,0.0,0.3714983022071307,Medium Risk,Plan Utilisation Support
WA,25 to 34,Down Syndrome,Unknown,51,0,50,578.0,0.0,0.088235294117647,50,0.0,0.3779923599320883,Medium Risk,Plan Utilisation Support
WA,25 to 34,DsbltyGrp_Missing,Unknown,6,0,50,1.0,0.0,6.0,50,0.0,0.671943972835314,High Risk,Provider Availability Review
WA,25 to 34,Hearing Impairment,Unknown,51,0,50,30.0,0.0,1.7,50,0.0,0.6119694397283532,Medium Risk,Assistive Technology and Communication Support
WA,25 to 34,Intellectual Disability,Unknown,52,0,50,2672.0,0.0,0.0194610778443113,50,0.0,0.2912775891341256,Medium Risk,Capacity Building - Social and Community Participation
WA,25 to 34,Multiple Sclerosis,Unknown,39,0,50,46.0,0.0,0.8478260869565217,50,0.0,0.5625,Medium Risk,Plan Utilisation Support
WA,25 to 34,Other,Unknown,52,0,50,86.0,0.0,0.6046511627906976,50,0.0,0.536141765704584,Medium Risk,Plan Utilisation Support
WA,25 to 34,Other Neurological,Unknown,52,0,50,441.0,0.0,0.1179138321995464,50,0.0,0.4005305602716468,Medium Risk,"Therapy, Assistive Technology, and Daily Living Support Review"
WA,25 to 34,Other Physical,Unknown,50,0,50,142.0,0.0,0.352112676056338,50,0.0,0.4941213921901528,Medium Risk,Assistive Technology / Transport Support
WA,25 to 34,Other Sensory/Speech,Unknown,15,0,50,12.0,0.0,1.25,50,0.0,0.5911502546689305,Medium Risk,Plan Utilisation Support
WA,25 to 34,Psychosocial disability,Unknown,46,0,50,1192.0,0.0,0.0385906040268456,50,0.0,0.3214558573853989,Medium Risk,Psychosocial Recovery and Community Participation
WA,25 to 34,Spinal Cord Injury,Unknown,48,0,50,130.0,0.0,0.3692307692307692,50,0.0,0.4990874363327674,Medium Risk,Plan Utilisation Support
WA,25 to 34,Stroke,Unknown,27,0,50,8.0,0.0,3.375,50,0.0,0.6448217317487267,Medium Risk,Plan Utilisation Support
WA,25 to 34,Visual Impairment,Unknown,43,0,50,48.0,0.0,0.8958333333333334,50,0.0,0.5678480475382004,Medium Risk,Assistive Technology and Orientation Support
WA,35 to 44,ABI,Unknown,55,0,50,831.0,0.0,0.0661853188929001,50,0.0,0.3562181663837012,Medium Risk,Plan Utilisation Support
WA,35 to 44,Autism,Unknown,51,0,50,1113.0,0.0,0.045822102425876,50,0.0,0.3317699490662139,Medium Risk,Capacity Building - Improved Daily Living
WA,35 to 44,Cerebral Palsy,Unknown,52,0,50,755.0,0.0,0.0688741721854304,50,0.0,0.3577461799660441,Medium Risk,Plan Utilisation Support
WA,35 to 44,Down Syndrome,Unknown,46,0,50,533.0,0.0,0.0863039399624765,50,0.0,0.3760823429541596,Medium Risk,Plan Utilisation Support
WA,35 to 44,DsbltyGrp_Missing,Unknown,6,0,50,14.0,0.0,0.4285714285714285,50,0.0,0.511502546689304,Medium Risk,Plan Utilisation Support
WA,35 to 44,Hearing Impairment,Unknown,52,0,50,54.0,0.0,0.9629629629629628,50,0.0,0.5709040747028863,Medium Risk,Assistive Technology and Communication Support
WA,35 to 44,Intellectual Disability,Unknown,52,0,50,2326.0,0.0,0.0223559759243336,50,0.0,0.2958616298811545,Medium Risk,Capacity Building - Social and Community Participation
WA,35 to 44,Multiple Sclerosis,Unknown,48,0,50,88.0,0.0,0.5454545454545454,50,0.0,0.528883701188455,Medium Risk,Plan Utilisation Support
WA,35 to 44,Other,Unknown,52,0,50,108.0,0.0,0.4814814814814814,50,0.0,0.520097623089983,Medium Risk,Plan Utilisation Support
WA,35 to 44,Other Neurological,Unknown,52,0,50,377.0,0.0,0.1379310344827586,50,0.0,0.4133276740237691,Medium Risk,"Therapy, Assistive Technology, and Daily Living Support Review"
WA,35 to 44,Other Physical,Unknown,52,0,50,237.0,0.0,0.2194092827004219,50,0.0,0.454393039049236,Medium Risk,Assistive Technology / Transport Support
WA,35 to 44,Other Sensory/Speech,Unknown,6,0,50,1.0,0.0,6.0,50,0.0,0.671943972835314,High Risk,Provider Availability Review
WA,35 to 44,Psychosocial disability,Unknown,51,0,50,1800.0,0.0,0.0283333333333333,50,0.0,0.3046477079796265,Medium Risk,Psychosocial Recovery and Community Participation
WA,35 to 44,Spinal Cord Injury,Unknown,48,0,50,282.0,0.0,0.1702127659574468,50,0.0,0.4310908319185059,Medium Risk,Plan Utilisation Support
WA,35 to 44,Stroke,Unknown,51,0,50,32.0,0.0,1.59375,50,0.0,0.6094864176570458,Medium Risk,Plan Utilisation Support
WA,35 to 44,Visual Impairment,Unknown,46,0,50,79.0,0.0,0.5822784810126582,50,0.0,0.5330857385398982,Medium Risk,Assistive Technology and Orientation Support
WA,45 to 54,ABI,Unknown,52,0,50,1195.0,0.0,0.0435146443514644,50,0.0,0.328713921901528,Medium Risk,Plan Utilisation Support
WA,45 to 54,Autism,Unknown,47,0,50,649.0,0.0,0.0724191063174114,50,0.0,0.3615662139219015,Medium Risk,Capacity Building - Improved Daily Living
WA,45 to 54,Cerebral Palsy,Unknown,52,0,50,527.0,0.0,0.0986717267552182,50,0.0,0.3867784380305603,Medium Risk,Plan Utilisation Support
WA,45 to 54,Down Syndrome,Unknown,51,0,50,647.0,0.0,0.0788253477588871,50,0.0,0.3688242784380305,Medium Risk,Plan Utilisation Support
WA,45 to 54,DsbltyGrp_Missing,Unknown,14,0,50,1.0,0.0,14.0,50,0.0,0.7120543293718167,High Risk,Provider Availability Review
WA,45 to 54,Hearing Impairment,Unknown,51,0,50,86.0,0.0,0.5930232558139535,50,0.0,0.5342317487266554,Medium Risk,Assistive Technology and Communication Support
WA,45 to 54,Intellectual Disability,Unknown,52,0,50,1990.0,0.0,0.0261306532663316,50,0.0,0.302355687606112,Medium Risk,Capacity Building - Social and Community Participation
WA,45 to 54,Multiple Sclerosis,Unknown,52,0,50,210.0,0.0,0.2476190476190476,50,0.0,0.4643251273344652,Medium Risk,Plan Utilisation Support
WA,45 to 54,Other,Unknown,52,0,50,148.0,0.0,0.3513513513513513,50,0.0,0.493739388794567,Medium Risk,Plan Utilisation Support
WA,45 to 54,Other Neurological,Unknown,56,0,50,663.0,0.0,0.0844645550527903,50,0.0,0.3749363327674023,Medium Risk,"Therapy, Assistive Technology, and Daily Living Support Review"
WA,45 to 54,Other Physical,Unknown,52,0,50,362.0,0.0,0.143646408839779,50,0.0,0.4154286926994907,Medium Risk,Assistive Technology / Transport Support
WA,45 to 54,Other Sensory/Speech,Unknown,6,0,50,1.0,0.0,6.0,50,0.0,0.671943972835314,High Risk,Provider Availability Review
WA,45 to 54,Psychosocial disability,Unknown,51,0,50,1786.0,0.0,0.028555431131019,50,0.0,0.3050297113752122,Medium Risk,Psychosocial Recovery and Community Participation
WA,45 to 54,Spinal Cord Injury,Unknown,52,0,50,270.0,0.0,0.1925925925925926,50,0.0,0.4436969439728353,Medium Risk,Plan Utilisation Support
WA,45 to 54,Stroke,Unknown,54,0,50,195.0,0.0,0.2769230769230769,50,0.0,0.4742572156196943,Medium Risk,Plan Utilisation Support
WA,45 to 54,Visual Impairment,Unknown,50,0,50,147.0,0.0,0.3401360544217687,50,0.0,0.4910653650254669,Medium Risk,Assistive Technology and Orientation Support
WA,55 to 64,ABI,Unknown,52,0,50,1424.0,0.0,0.0365168539325842,50,0.0,0.3176358234295415,Medium Risk,Plan Utilisation Support
WA,55 to 64,Autism,Unknown,42,0,50,408.0,0.0,0.1029411764705882,50,0.0,0.3917444821731748,Medium Risk,Capacity Building - Improved Daily Living
WA,55 to 64,Cerebral Palsy,Unknown,47,0,50,640.0,0.0,0.0734375,50,0.0,0.3630942275042444,Medium Risk,Plan Utilisation Support
WA,55 to 64,Down Syndrome,Unknown,39,0,50,409.0,0.0,0.0953545232273838,50,0.0,0.3837224108658743,Medium Risk,Plan Utilisation Support
WA,55 to 64,DsbltyGrp_Missing,Unknown,18,0,50,1.0,0.0,18.0,50,0.0,0.7195033955857386,High Risk,Provider Availability Review
WA,55 to 64,Hearing Impairment,Unknown,51,0,50,112.0,0.0,0.4553571428571428,50,0.0,0.5166595925297114,Medium Risk,Assistive Technology and Communication Support
WA,55 to 64,Intellectual Disability,Unknown,52,0,50,1917.0,0.0,0.0271257172665623,50,0.0,0.3031196943972835,Medium Risk,Capacity Building - Social and Community Participation
WA,55 to 64,Multiple Sclerosis,Unknown,52,0,50,396.0,0.0,0.1313131313131313,50,0.0,0.4074066213921901,Medium Risk,Plan Utilisation Support
WA,55 to 64,Other,Unknown,52,0,50,533.0,0.0,0.0975609756097561,50,0.0,0.3854414261460102,Medium Risk,Plan Utilisation Support
WA,55 to 64,Other Neurological,Unknown,52,0,50,1452.0,0.0,0.0358126721763085,50,0.0,0.3172538200339558,Medium Risk,"Therapy, Assistive Technology, and Daily Living Support Review"
WA,55 to 64,Other Physical,Unknown,52,0,50,619.0,0.0,0.0840064620355412,50,0.0,0.3737903225806451,Medium Risk,Assistive Technology / Transport Support
WA,55 to 64,Other Sensory/Speech,Unknown,23,0,50,16.0,0.0,1.4375,50,0.0,0.5987903225806451,Medium Risk,Plan Utilisation Support
WA,55 to 64,Psychosocial disability,Unknown,54,0,50,1653.0,0.0,0.0326678765880217,50,0.0,0.3138157894736842,Medium Risk,Psychosocial Recovery and Community Participation
WA,55 to 64,Spinal Cord Injury,Unknown,52,0,50,371.0,0.0,0.1401617250673854,50,0.0,0.4142826825127334,Medium Risk,Plan Utilisation Support
WA,55 to 64,Stroke,Unknown,52,0,50,655.0,0.0,0.0793893129770992,50,0.0,0.369588285229202,Medium Risk,Plan Utilisation Support
WA,55 to 64,Visual Impairment,Unknown,47,0,50,187.0,0.0,0.2513368983957219,50,0.0,0.4666171477079796,Medium Risk,Assistive Technology and Orientation Support
WA,65+,ABI,Unknown,48,0,50,960.0,0.0,0.05,50,0.0,0.3380730050933786,Medium Risk,Plan Utilisation Support
WA,65+,Autism,Unknown,32,0,50,199.0,0.0,0.1608040201005025,50,0.0,0.4253607809847198,Medium Risk,Capacity Building - Improved Daily Living
WA,65+,Cerebral Palsy,Unknown,40,0,50,421.0,0.0,0.0950118764845605,50,0.0,0.3833404074702886,Medium Risk,Plan Utilisation Support
WA,65+,Down Syndrome,Unknown,34,0,50,165.0,0.0,0.206060606060606,50,0.0,0.4498089983022071,Medium Risk,Plan Utilisation Support
WA,65+,DsbltyGrp_Missing,Unknown,6,0,50,1.0,0.0,6.0,50,0.0,0.671943972835314,High Risk,Provider Availability Review
WA,65+,Hearing Impairment,Unknown,51,0,50,68.0,0.0,0.75,50,0.0,0.5548599320882852,Medium Risk,Assistive Technology and Communication Support
WA,65+,Intellectual Disability,Unknown,51,0,50,1349.0,0.0,0.0378057820607857,50,0.0,0.3191638370118845,Medium Risk,Capacity Building - Social and Community Participation
WA,65+,Multiple Sclerosis,Unknown,48,0,50,323.0,0.0,0.1486068111455108,50,0.0,0.417720713073005,Medium Risk,Plan Utilisation Support
WA,65+,Other,Unknown,52,0,50,430.0,0.0,0.1209302325581395,50,0.0,0.4028225806451613,Medium Risk,Plan Utilisation Support
WA,65+,Other Neurological,Unknown,52,0,50,1313.0,0.0,0.0396039603960396,50,0.0,0.3229838709677419,Medium Risk,"Therapy, Assistive Technology, and Daily Living Support Review"
WA,65+,Other Physical,Unknown,52,0,50,549.0,0.0,0.0947176684881603,50,0.0,0.3829584040747029,Medium Risk,Assistive Technology / Transport Support
WA,65+,Other Sensory/Speech,Unknown,11,0,50,1.0,0.0,11.0,50,0.0,0.7053692699490662,High Risk,Provider Availability Review
WA,65+,Psychosocial disability,Unknown,50,0,50,1039.0,0.0,0.0481231953801732,50,0.0,0.3344439728353141,Medium Risk,Psychosocial Recovery and Community Participation
WA,65+,Spinal Cord Injury,Unknown,52,0,50,296.0,0.0,0.1756756756756756,50,0.0,0.4337648556876061,Medium Risk,Plan Utilisation Support
WA,65+,Stroke,Unknown,56,0,50,739.0,0.0,0.0757780784844384,50,0.0,0.3661502546689303,Medium Risk,Plan Utilisation Support
WA,65+,Visual Impairment,Unknown,52,0,50,223.0,0.0,0.2331838565022421,50,0.0,0.4585950764006791,Medium Risk,Assistive Technology and Orientation Support
WA,9 to 14,ABI,Unknown,45,0,50,54.0,0.0,0.8333333333333334,50,0.0,0.560971986417657,Medium Risk,Plan Utilisation Support
WA,9 to 14,Autism,Unknown,52,0,50,2016.0,0.0,0.0257936507936507,50,0.0,0.3008276740237691,Medium Risk,Capacity Building - Improved Daily Living
WA,9 to 14,Cerebral Palsy,Unknown,52,0,50,337.0,0.0,0.1543026706231454,50,0.0,0.4211587436332767,Medium Risk,Plan Utilisation Support
WA,9 to 14,Developmental delay,Unknown,38,0,50,22.0,0.0,1.7272727272727273,50,0.0,0.6125424448217318,Medium Risk,Capacity Building - Improved Daily Living
WA,9 to 14,Down Syndrome,Unknown,49,0,50,170.0,0.0,0.288235294117647,50,0.0,0.4788412563667232,Medium Risk,Plan Utilisation Support
WA,9 to 14,DsbltyGrp_Missing,Unknown,15,0,50,1.0,0.0,15.0,50,0.0,0.7145373514431239,High Risk,Provider Availability Review
WA,9 to 14,Global developmental delay,Unknown,42,0,50,70.0,0.0,0.6,50,0.0,0.5353777589134125,Medium Risk,Capacity Building - Improved Daily Living
WA,9 to 14,Hearing Impairment,Unknown,48,0,50,70.0,0.0,0.6857142857142857,50,0.0,0.549320882852292,Medium Risk,Assistive Technology and Communication Support
WA,9 to 14,Intellectual Disability,Unknown,55,0,50,760.0,0.0,0.0723684210526315,50,0.0,0.3611842105263158,Medium Risk,Capacity Building - Social and Community Participation
WA,9 to 14,Other,Unknown,49,0,50,76.0,0.0,0.6447368421052632,50,0.0,0.5411078098471986,Medium Risk,Plan Utilisation Support
WA,9 to 14,Other Neurological,Unknown,52,0,50,123.0,0.0,0.4227642276422764,50,0.0,0.5105475382003396,Medium Risk,"Therapy, Assistive Technology, and Daily Living Support Review"
WA,9 to 14,Other Physical,Unknown,44,0,50,80.0,0.0,0.55,50,0.0,0.5292657045840408,Medium Risk,Assistive Technology / Transport Support
WA,9 to 14,Other Sensory/Speech,Unknown,34,0,50,52.0,0.0,0.6538461538461539,50,0.0,0.5424448217317487,Medium Risk,Plan Utilisation Support
WA,9 to 14,Psychosocial disability,Unknown,15,0,50,1.0,0.0,15.0,50,0.0,0.7145373514431239,High Risk,Provider Availability Review
WA,9 to 14,Spinal Cord Injury,Unknown,20,0,50,20.0,0.0,1.0,50,0.0,0.5749151103565365,Medium Risk,Plan Utilisation Support
WA,9 to 14,Stroke,Unknown,8,0,50,8.0,0.0,1.0,50,0.0,0.5749151103565365,Medium Risk,Plan Utilisation Support
WA,9 to 14,Visual Impairment,Unknown,41,0,50,28.0,0.0,1.4642857142857142,50,0.0,0.5999363327674024,Medium Risk,Assistive Technology and Orientation Support
NSW,0 to 8,Autism,,200,25000,85,80.0,,2.5,15,20000.0,,Low Risk,Capacity Building - Improved Daily Living
NSW,0 to 8,Autism,,500,40000,65,25.0,,20.0,35,15000.0,,Medium Risk,Capacity Building - Improved Daily Living
NSW,0 to 8,Autism,,1000,60000,30,8.0,,125.0,70,8000.0,,High Risk,Support Coordination / Plan Management Review
NSW,0 to 8,Intellectual Disability,,200,25000,85,80.0,,2.5,15,20000.0,,Low Risk,Capacity Building - Social and Community Participation
NSW,0 to 8,Intellectual Disability,,500,40000,65,25.0,,20.0,35,15000.0,,Medium Risk,Capacity Building - Social and Community Participation
NSW,0 to 8,Intellectual Disability,,1000,60000,30,8.0,,125.0,70,8000.0,,High Risk,Support Coordination / Plan Management Review
NSW,0 to 8,Psychosocial Disability,,200,25000,85,80.0,,2.5,15,20000.0,,Low Risk,Psychosocial Recovery and Community Participation
NSW,0 to 8,Psychosocial Disability,,500,40000,65,25.0,,20.0,35,15000.0,,Medium Risk,Psychosocial Recovery and Community Participation
NSW,0 to 8,Psychosocial Disability,,1000,60000,30,8.0,,125.0,70,8000.0,,High Risk,Support Coordination / Plan Management Review
NSW,0 to 8,Physical Disability,,200,25000,85,80.0,,2.5,15,20000.0,,Low Risk,Assistive Technology / Transport Support
NSW,0 to 8,Physical Disability,,500,40000,65,25.0,,20.0,35,15000.0,,Medium Risk,Assistive Technology / Transport Support
NSW,0 to 8,Physical Disability,,1000,60000,30,8.0,,125.0,70,8000.0,,High Risk,Support Coordination / Plan Management Review
NSW,0 to 8,Developmental Delay,,200,25000,85,80.0,,2.5,15,20000.0,,Low Risk,Capacity Building - Improved Daily Living
NSW,0 to 8,Developmental Delay,,500,40000,65,25.0,,20.0,35,15000.0,,Medium Risk,Capacity Building - Improved Daily Living
NSW,0 to 8,Developmental Delay,,1000,60000,30,8.0,,125.0,70,8000.0,,High Risk,Support Coordination / Plan Management Review
NSW,0 to 8,Acquired Brain Injury,,200,25000,85,80.0,,2.5,15,20000.0,,Low Risk,Capacity Building and Daily Living Support Review
NSW,0 to 8,Acquired Brain Injury,,500,40000,65,25.0,,20.0,35,15000.0,,Medium Risk,Capacity Building and Daily Living Support Review
NSW,0 to 8,Acquired Brain Injury,,1000,60000,30,8.0,,125.0,70,8000.0,,High Risk,Support Coordination / Plan Management Review
NSW,0 to 8,Hearing Impairment,,200,25000,85,80.0,,2.5,15,20000.0,,Low Risk,Assistive Technology and Communication Support
NSW,0 to 8,Hearing Impairment,,500,40000,65,25.0,,20.0,35,15000.0,,Medium Risk,Assistive Technology and Communication Support
NSW,0 to 8,Hearing Impairment,,1000,60000,30,8.0,,125.0,70,8000.0,,High Risk,Support Coordination / Plan Management Review
NSW,0 to 8,Visual Impairment,,200,25000,85,80.0,,2.5,15,20000.0,,Low Risk,Assistive Technology and Orientation Support
NSW,0 to 8,Visual Impairment,,500,40000,65,25.0,,20.0,35,15000.0,,Medium Risk,Assistive Technology and Orientation Support
NSW,0 to 8,Visual Impairment,,1000,60000,30,8.0,,125.0,70,8000.0,,High Risk,Support Coordination / Plan Management Review
NSW,0 to 8,Neurological Disability,,200,25000,85,80.0,,2.5,15,20000.0,,Low Risk,"Therapy, Assistive Technology, and Daily Living Support Review"
NSW,0 to 8,Neurological Disability,,500,40000,65,25.0,,20.0,35,15000.0,,Medium Risk,"Therapy, Assistive Technology, and Daily Living Support Review"
NSW,0 to 8,Neurological Disability,,1000,60000,30,8.0,,125.0,70,8000.0,,High Risk,Support Coordination / Plan Management Review
NSW,0 to 8,Other / Unknown,,200,25000,85,80.0,,2.5,15,20000.0,,Low Risk,General Core Support Monitoring
NSW,0 to 8,Other / Unknown,,500,40000,65,25.0,,20.0,35,15000.0,,Medium Risk,Plan Utilisation Support
NSW,0 to 8,Other / Unknown,,1000,60000,30,8.0,,125.0,70,8000.0,,High Risk,Support Coordination / Plan Management Review
NSW,9 to 14,Autism,,200,25000,85,80.0,,2.5,15,20000.0,,Low Risk,Capacity Building - Improved Daily Living
NSW,9 to 14,Autism,,500,40000,65,25.0,,20.0,35,15000.0,,Medium Risk,Capacity Building - Improved Daily Living
NSW,9 to 14,Autism,,1000,60000,30,8.0,,125.0,70,8000.0,,High Risk,Support Coordination / Plan Management Review
NSW,9 to 14,Intellectual Disability,,200,25000,85,80.0,,2.5,15,20000.0,,Low Risk,Capacity Building - Social and Community Participation
NSW,9 to 14,Intellectual Disability,,500,40000,65,25.0,,20.0,35,15000.0,,Medium Risk,Capacity Building - Social and Community Participation
NSW,9 to 14,Intellectual Disability,,1000,60000,30,8.0,,125.0,70,8000.0,,High Risk,Support Coordination / Plan Management Review
NSW,9 to 14,Psychosocial Disability,,200,25000,85,80.0,,2.5,15,20000.0,,Low Risk,Psychosocial Recovery and Community Participation
NSW,9 to 14,Psychosocial Disability,,500,40000,65,25.0,,20.0,35,15000.0,,Medium Risk,Psychosocial Recovery and Community Participation
NSW,9 to 14,Psychosocial Disability,,1000,60000,30,8.0,,125.0,70,8000.0,,High Risk,Support Coordination / Plan Management Review
NSW,9 to 14,Physical Disability,,200,25000,85,80.0,,2.5,15,20000.0,,Low Risk,Assistive Technology / Transport Support
NSW,9 to 14,Physical Disability,,500,40000,65,25.0,,20.0,35,15000.0,,Medium Risk,Assistive Technology / Transport Support
NSW,9 to 14,Physical Disability,,1000,60000,30,8.0,,125.0,70,8000.0,,High Risk,Support Coordination / Plan Management Review
NSW,9 to 14,Developmental Delay,,200,25000,85,80.0,,2.5,15,20000.0,,Low Risk,Capacity Building - Improved Daily Living
NSW,9 to 14,Developmental Delay,,500,40000,65,25.0,,20.0,35,15000.0,,Medium Risk,Capacity Building - Improved Daily Living
NSW,9 to 14,Developmental Delay,,1000,60000,30,8.0,,125.0,70,8000.0,,High Risk,Support Coordination / Plan Management Review
NSW,9 to 14,Acquired Brain Injury,,200,25000,85,80.0,,2.5,15,20000.0,,Low Risk,Capacity Building and Daily Living Support Review
NSW,9 to 14,Acquired Brain Injury,,500,40000,65,25.0,,20.0,35,15000.0,,Medium Risk,Capacity Building and Daily Living Support Review
NSW,9 to 14,Acquired Brain Injury,,1000,60000,30,8.0,,125.0,70,8000.0,,High Risk,Support Coordination / Plan Management Review
NSW,9 to 14,Hearing Impairment,,200,25000,85,80.0,,2.5,15,20000.0,,Low Risk,Assistive Technology and Communication Support
NSW,9 to 14,Hearing Impairment,,500,40000,65,25.0,,20.0,35,15000.0,,Medium Risk,Assistive Technology and Communication Support
NSW,9 to 14,Hearing Impairment,,1000,60000,30,8.0,,125.0,70,8000.0,,High Risk,Support Coordination / Plan Management Review
NSW,9 to 14,Visual Impairment,,200,25000,85,80.0,,2.5,15,20000.0,,Low Risk,Assistive Technology and Orientation Support
NSW,9 to 14,Visual Impairment,,500,40000,65,25.0,,20.0,35,15000.0,,Medium Risk,Assistive Technology and Orientation Support
NSW,9 to 14,Visual Impairment,,1000,60000,30,8.0,,125.0,70,8000.0,,High Risk,Support Coordination / Plan Management Review
NSW,9 to 14,Neurological Disability,,200,25000,85,80.0,,2.5,15,20000.0,,Low Risk,"Therapy, Assistive Technology, and Daily Living Support Review"
NSW,9 to 14,Neurological Disability,,500,40000,65,25.0,,20.0,35,15000.0,,Medium Risk,"Therapy, Assistive Technology, and Daily Living Support Review"
NSW,9 to 14,Neurological Disability,,1000,60000,30,8.0,,125.0,70,8000.0,,High Risk,Support Coordination / Plan Management Review
NSW,9 to 14,Other / Unknown,,200,25000,85,80.0,,2.5,15,20000.0,,Low Risk,General Core Support Monitoring
NSW,9 to 14,Other / Unknown,,500,40000,65,25.0,,20.0,35,15000.0,,Medium Risk,Plan Utilisation Support
NSW,9 to 14,Other / Unknown,,1000,60000,30,8.0,,125.0,70,8000.0,,High Risk,Support Coordination / Plan Management Review
NSW,15 to 24,Autism,,200,25000,85,80.0,,2.5,15,20000.0,,Low Risk,Capacity Building - Improved Daily Living
NSW,15 to 24,Autism,,500,40000,65,25.0,,20.0,35,15000.0,,Medium Risk,Capacity Building - Improved Daily Living
NSW,15 to 24,Autism,,1000,60000,30,8.0,,125.0,70,8000.0,,High Risk,Support Coordination / Plan Management Review
NSW,15 to 24,Intellectual Disability,,200,25000,85,80.0,,2.5,15,20000.0,,Low Risk,Capacity Building - Social and Community Participation
NSW,15 to 24,Intellectual Disability,,500,40000,65,25.0,,20.0,35,15000.0,,Medium Risk,Capacity Building - Social and Community Participation
NSW,15 to 24,Intellectual Disability,,1000,60000,30,8.0,,125.0,70,8000.0,,High Risk,Support Coordination / Plan Management Review
NSW,15 to 24,Psychosocial Disability,,200,25000,85,80.0,,2.5,15,20000.0,,Low Risk,Psychosocial Recovery and Community Participation
NSW,15 to 24,Psychosocial Disability,,500,40000,65,25.0,,20.0,35,15000.0,,Medium Risk,Psychosocial Recovery and Community Participation
NSW,15 to 24,Psychosocial Disability,,1000,60000,30,8.0,,125.0,70,8000.0,,High Risk,Support Coordination / Plan Management Review
NSW,15 to 24,Physical Disability,,200,25000,85,80.0,,2.5,15,20000.0,,Low Risk,Assistive Technology / Transport Support
NSW,15 to 24,Physical Disability,,500,40000,65,25.0,,20.0,35,15000.0,,Medium Risk,Assistive Technology / Transport Support
NSW,15 to 24,Physical Disability,,1000,60000,30,8.0,,125.0,70,8000.0,,High Risk,Support Coordination / Plan Management Review
NSW,15 to 24,Developmental Delay,,200,25000,85,80.0,,2.5,15,20000.0,,Low Risk,Capacity Building - Improved Daily Living
NSW,15 to 24,Developmental Delay,,500,40000,65,25.0,,20.0,35,15000.0,,Medium Risk,Capacity Building - Improved Daily Living
NSW,15 to 24,Developmental Delay,,1000,60000,30,8.0,,125.0,70,8000.0,,High Risk,Support Coordination / Plan Management Review
NSW,15 to 24,Acquired Brain Injury,,200,25000,85,80.0,,2.5,15,20000.0,,Low Risk,Capacity Building and Daily Living Support Review
NSW,15 to 24,Acquired Brain Injury,,500,40000,65,25.0,,20.0,35,15000.0,,Medium Risk,Capacity Building and Daily Living Support Review
NSW,15 to 24,Acquired Brain Injury,,1000,60000,30,8.0,,125.0,70,8000.0,,High Risk,Support Coordination / Plan Management Review
NSW,15 to 24,Hearing Impairment,,200,25000,85,80.0,,2.5,15,20000.0,,Low Risk,Assistive Technology and Communication Support
NSW,15 to 24,Hearing Impairment,,500,40000,65,25.0,,20.0,35,15000.0,,Medium Risk,Assistive Technology and Communication Support
NSW,15 to 24,Hearing Impairment,,1000,60000,30,8.0,,125.0,70,8000.0,,High Risk,Support Coordination / Plan Management Review
NSW,15 to 24,Visual Impairment,,200,25000,85,80.0,,2.5,15,20000.0,,Low Risk,Assistive Technology and Orientation Support
NSW,15 to 24,Visual Impairment,,500,40000,65,25.0,,20.0,35,15000.0,,Medium Risk,Assistive Technology and Orientation Support
NSW,15 to 24,Visual Impairment,,1000,60000,30,8.0,,125.0,70,8000.0,,High Risk,Support Coordination / Plan Management Review
NSW,15 to 24,Neurological Disability,,200,25000,85,80.0,,2.5,15,20000.0,,Low Risk,"Therapy, Assistive Technology, and Daily Living Support Review"
NSW,15 to 24,Neurological Disability,,500,40000,65,25.0,,20.0,35,15000.0,,Medium Risk,"Therapy, Assistive Technology, and Daily Living Support Review"
NSW,15 to 24,Neurological Disability,,1000,60000,30,8.0,,125.0,70,8000.0,,High Risk,Support Coordination / Plan Management Review
NSW,15 to 24,Other / Unknown,,200,25000,85,80.0,,2.5,15,20000.0,,Low Risk,General Core Support Monitoring
NSW,15 to 24,Other / Unknown,,500,40000,65,25.0,,20.0,35,15000.0,,Medium Risk,Plan Utilisation Support
NSW,15 to 24,Other / Unknown,,1000,60000,30,8.0,,125.0,70,8000.0,,High Risk,Support Coordination / Plan Management Review
NSW,25 to 34,Autism,,200,25000,85,80.0,,2.5,15,20000.0,,Low Risk,Capacity Building - Improved Daily Living
NSW,25 to 34,Autism,,500,40000,65,25.0,,20.0,35,15000.0,,Medium Risk,Capacity Building - Improved Daily Living
NSW,25 to 34,Autism,,1000,60000,30,8.0,,125.0,70,8000.0,,High Risk,Support Coordination / Plan Management Review
NSW,25 to 34,Intellectual Disability,,200,25000,85,80.0,,2.5,15,20000.0,,Low Risk,Capacity Building - Social and Community Participation
NSW,25 to 34,Intellectual Disability,,500,40000,65,25.0,,20.0,35,15000.0,,Medium Risk,Capacity Building - Social and Community Participation
NSW,25 to 34,Intellectual Disability,,1000,60000,30,8.0,,125.0,70,8000.0,,High Risk,Support Coordination / Plan Management Review
NSW,25 to 34,Psychosocial Disability,,200,25000,85,80.0,,2.5,15,20000.0,,Low Risk,Psychosocial Recovery and Community Participation
NSW,25 to 34,Psychosocial Disability,,500,40000,65,25.0,,20.0,35,15000.0,,Medium Risk,Psychosocial Recovery and Community Participation
NSW,25 to 34,Psychosocial Disability,,1000,60000,30,8.0,,125.0,70,8000.0,,High Risk,Support Coordination / Plan Management Review
NSW,25 to 34,Physical Disability,,200,25000,85,80.0,,2.5,15,20000.0,,Low Risk,Assistive Technology / Transport Support
NSW,25 to 34,Physical Disability,,500,40000,65,25.0,,20.0,35,15000.0,,Medium Risk,Assistive Technology / Transport Support
NSW,25 to 34,Physical Disability,,1000,60000,30,8.0,,125.0,70,8000.0,,High Risk,Support Coordination / Plan Management Review
NSW,25 to 34,Developmental Delay,,200,25000,85,80.0,,2.5,15,20000.0,,Low Risk,Capacity Building - Improved Daily Living
NSW,25 to 34,Developmental Delay,,500,40000,65,25.0,,20.0,35,15000.0,,Medium Risk,Capacity Building - Improved Daily Living
NSW,25 to 34,Developmental Delay,,1000,60000,30,8.0,,125.0,70,8000.0,,High Risk,Support Coordination / Plan Management Review
NSW,25 to 34,Acquired Brain Injury,,200,25000,85,80.0,,2.5,15,20000.0,,Low Risk,Capacity Building and Daily Living Support Review
NSW,25 to 34,Acquired Brain Injury,,500,40000,65,25.0,,20.0,35,15000.0,,Medium Risk,Capacity Building and Daily Living Support Review
NSW,25 to 34,Acquired Brain Injury,,1000,60000,30,8.0,,125.0,70,8000.0,,High Risk,Support Coordination / Plan Management Review
NSW,25 to 34,Hearing Impairment,,200,25000,85,80.0,,2.5,15,20000.0,,Low Risk,Assistive Technology and Communication Support
NSW,25 to 34,Hearing Impairment,,500,40000,65,25.0,,20.0,35,15000.0,,Medium Risk,Assistive Technology and Communication Support
NSW,25 to 34,Hearing Impairment,,1000,60000,30,8.0,,125.0,70,8000.0,,High Risk,Support Coordination / Plan Management Review
NSW,25 to 34,Visual Impairment,,200,25000,85,80.0,,2.5,15,20000.0,,Low Risk,Assistive Technology and Orientation Support
NSW,25 to 34,Visual Impairment,,500,40000,65,25.0,,20.0,35,15000.0,,Medium Risk,Assistive Technology and Orientation Support
NSW,25 to 34,Visual Impairment,,1000,60000,30,8.0,,125.0,70,8000.0,,High Risk,Support Coordination / Plan Management Review
NSW,25 to 34,Neurological Disability,,200,25000,85,80.0,,2.5,15,20000.0,,Low Risk,"Therapy, Assistive Technology, and Daily Living Support Review"
NSW,25 to 34,Neurological Disability,,500,40000,65,25.0,,20.0,35,15000.0,,Medium Risk,"Therapy, Assistive Technology, and Daily Living Support Review"
NSW,25 to 34,Neurological Disability,,1000,60000,30,8.0,,125.0,70,8000.0,,High Risk,Support Coordination / Plan Management Review
NSW,25 to 34,Other / Unknown,,200,25000,85,80.0,,2.5,15,20000.0,,Low Risk,General Core Support Monitoring
NSW,25 to 34,Other / Unknown,,500,40000,65,25.0,,20.0,35,15000.0,,Medium Risk,Plan Utilisation Support
NSW,25 to 34,Other / Unknown,,1000,60000,30,8.0,,125.0,70,8000.0,,High Risk,Support Coordination / Plan Management Review
NSW,35 to 44,Autism,,200,25000,85,80.0,,2.5,15,20000.0,,Low Risk,Capacity Building - Improved Daily Living
NSW,35 to 44,Autism,,500,40000,65,25.0,,20.0,35,15000.0,,Medium Risk,Capacity Building - Improved Daily Living
NSW,35 to 44,Autism,,1000,60000,30,8.0,,125.0,70,8000.0,,High Risk,Support Coordination / Plan Management Review
NSW,35 to 44,Intellectual Disability,,200,25000,85,80.0,,2.5,15,20000.0,,Low Risk,Capacity Building - Social and Community Participation
NSW,35 to 44,Intellectual Disability,,500,40000,65,25.0,,20.0,35,15000.0,,Medium Risk,Capacity Building - Social and Community Participation
NSW,35 to 44,Intellectual Disability,,1000,60000,30,8.0,,125.0,70,8000.0,,High Risk,Support Coordination / Plan Management Review
NSW,35 to 44,Psychosocial Disability,,200,25000,85,80.0,,2.5,15,20000.0,,Low Risk,Psychosocial Recovery and Community Participation
NSW,35 to 44,Psychosocial Disability,,500,40000,65,25.0,,20.0,35,15000.0,,Medium Risk,Psychosocial Recovery and Community Participation
NSW,35 to 44,Psychosocial Disability,,1000,60000,30,8.0,,125.0,70,8000.0,,High Risk,Support Coordination / Plan Management Review
NSW,35 to 44,Physical Disability,,200,25000,85,80.0,,2.5,15,20000.0,,Low Risk,Assistive Technology / Transport Support
NSW,35 to 44,Physical Disability,,500,40000,65,25.0,,20.0,35,15000.0,,Medium Risk,Assistive Technology / Transport Support
NSW,35 to 44,Physical Disability,,1000,60000,30,8.0,,125.0,70,8000.0,,High Risk,Support Coordination / Plan Management Review
NSW,35 to 44,Developmental Delay,,200,25000,85,80.0,,2.5,15,20000.0,,Low Risk,Capacity Building - Improved Daily Living
NSW,35 to 44,Developmental Delay,,500,40000,65,25.0,,20.0,35,15000.0,,Medium Risk,Capacity Building - Improved Daily Living
NSW,35 to 44,Developmental Delay,,1000,60000,30,8.0,,125.0,70,8000.0,,High Risk,Support Coordination / Plan Management Review
NSW,35 to 44,Acquired Brain Injury,,200,25000,85,80.0,,2.5,15,20000.0,,Low Risk,Capacity Building and Daily Living Support Review
NSW,35 to 44,Acquired Brain Injury,,500,40000,65,25.0,,20.0,35,15000.0,,Medium Risk,Capacity Building and Daily Living Support Review
NSW,35 to 44,Acquired Brain Injury,,1000,60000,30,8.0,,125.0,70,8000.0,,High Risk,Support Coordination / Plan Management Review
NSW,35 to 44,Hearing Impairment,,200,25000,85,80.0,,2.5,15,20000.0,,Low Risk,Assistive Technology and Communication Support
NSW,35 to 44,Hearing Impairment,,500,40000,65,25.0,,20.0,35,15000.0,,Medium Risk,Assistive Technology and Communication Support
NSW,35 to 44,Hearing Impairment,,1000,60000,30,8.0,,125.0,70,8000.0,,High Risk,Support Coordination / Plan Management Review
NSW,35 to 44,Visual Impairment,,200,25000,85,80.0,,2.5,15,20000.0,,Low Risk,Assistive Technology and Orientation Support
NSW,35 to 44,Visual Impairment,,500,40000,65,25.0,,20.0,35,15000.0,,Medium Risk,Assistive Technology and Orientation Support
NSW,35 to 44,Visual Impairment,,1000,60000,30,8.0,,125.0,70,8000.0,,High Risk,Support Coordination / Plan Management Review
NSW,35 to 44,Neurological Disability,,200,25000,85,80.0,,2.5,15,20000.0,,Low Risk,"Therapy, Assistive Technology, and Daily Living Support Review"
NSW,35 to 44,Neurological Disability,,500,40000,65,25.0,,20.0,35,15000.0,,Medium Risk,"Therapy, Assistive Technology, and Daily Living Support Review"
NSW,35 to 44,Neurological Disability,,1000,60000,30,8.0,,125.0,70,8000.0,,High Risk,Support Coordination / Plan Management Review
NSW,35 to 44,Other / Unknown,,200,25000,85,80.0,,2.5,15,20000.0,,Low Risk,General Core Support Monitoring
NSW,35 to 44,Other / Unknown,,500,40000,65,25.0,,20.0,35,15000.0,,Medium Risk,Plan Utilisation Support
NSW,35 to 44,Other / Unknown,,1000,60000,30,8.0,,125.0,70,8000.0,,High Risk,Support Coordination / Plan Management Review
NSW,45 to 54,Autism,,200,25000,85,80.0,,2.5,15,20000.0,,Low Risk,Capacity Building - Improved Daily Living
NSW,45 to 54,Autism,,500,40000,65,25.0,,20.0,35,15000.0,,Medium Risk,Capacity Building - Improved Daily Living
NSW,45 to 54,Autism,,1000,60000,30,8.0,,125.0,70,8000.0,,High Risk,Support Coordination / Plan Management Review
NSW,45 to 54,Intellectual Disability,,200,25000,85,80.0,,2.5,15,20000.0,,Low Risk,Capacity Building - Social and Community Participation
NSW,45 to 54,Intellectual Disability,,500,40000,65,25.0,,20.0,35,15000.0,,Medium Risk,Capacity Building - Social and Community Participation
NSW,45 to 54,Intellectual Disability,,1000,60000,30,8.0,,125.0,70,8000.0,,High Risk,Support Coordination / Plan Management Review
NSW,45 to 54,Psychosocial Disability,,200,25000,85,80.0,,2.5,15,20000.0,,Low Risk,Psychosocial Recovery and Community Participation
NSW,45 to 54,Psychosocial Disability,,500,40000,65,25.0,,20.0,35,15000.0,,Medium Risk,Psychosocial Recovery and Community Participation
NSW,45 to 54,Psychosocial Disability,,1000,60000,30,8.0,,125.0,70,8000.0,,High Risk,Support Coordination / Plan Management Review
NSW,45 to 54,Physical Disability,,200,25000,85,80.0,,2.5,15,20000.0,,Low Risk,Assistive Technology / Transport Support
NSW,45 to 54,Physical Disability,,500,40000,65,25.0,,20.0,35,15000.0,,Medium Risk,Assistive Technology / Transport Support
NSW,45 to 54,Physical Disability,,1000,60000,30,8.0,,125.0,70,8000.0,,High Risk,Support Coordination / Plan Management Review
NSW,45 to 54,Developmental Delay,,200,25000,85,80.0,,2.5,15,20000.0,,Low Risk,Capacity Building - Improved Daily Living
NSW,45 to 54,Developmental Delay,,500,40000,65,25.0,,20.0,35,15000.0,,Medium Risk,Capacity Building - Improved Daily Living
NSW,45 to 54,Developmental Delay,,1000,60000,30,8.0,,125.0,70,8000.0,,High Risk,Support Coordination / Plan Management Review
NSW,45 to 54,Acquired Brain Injury,,200,25000,85,80.0,,2.5,15,20000.0,,Low Risk,Capacity Building and Daily Living Support Review
NSW,45 to 54,Acquired Brain Injury,,500,40000,65,25.0,,20.0,35,15000.0,,Medium Risk,Capacity Building and Daily Living Support Review
NSW,45 to 54,Acquired Brain Injury,,1000,60000,30,8.0,,125.0,70,8000.0,,High Risk,Support Coordination / Plan Management Review
NSW,45 to 54,Hearing Impairment,,200,25000,85,80.0,,2.5,15,20000.0,,Low Risk,Assistive Technology and Communication Support
NSW,45 to 54,Hearing Impairment,,500,40000,65,25.0,,20.0,35,15000.0,,Medium Risk,Assistive Technology and Communication Support
NSW,45 to 54,Hearing Impairment,,1000,60000,30,8.0,,125.0,70,8000.0,,High Risk,Support Coordination / Plan Management Review
NSW,45 to 54,Visual Impairment,,200,25000,85,80.0,,2.5,15,20000.0,,Low Risk,Assistive Technology and Orientation Support
NSW,45 to 54,Visual Impairment,,500,40000,65,25.0,,20.0,35,15000.0,,Medium Risk,Assistive Technology and Orientation Support
NSW,45 to 54,Visual Impairment,,1000,60000,30,8.0,,125.0,70,8000.0,,High Risk,Support Coordination / Plan Management Review
NSW,45 to 54,Neurological Disability,,200,25000,85,80.0,,2.5,15,20000.0,,Low Risk,"Therapy, Assistive Technology, and Daily Living Support Review"
NSW,45 to 54,Neurological Disability,,500,40000,65,25.0,,20.0,35,15000.0,,Medium Risk,"Therapy, Assistive Technology, and Daily Living Support Review"
NSW,45 to 54,Neurological Disability,,1000,60000,30,8.0,,125.0,70,8000.0,,High Risk,Support Coordination / Plan Management Review
NSW,45 to 54,Other / Unknown,,200,25000,85,80.0,,2.5,15,20000.0,,Low Risk,General Core Support Monitoring
NSW,45 to 54,Other / Unknown,,500,40000,65,25.0,,20.0,35,15000.0,,Medium Risk,Plan Utilisation Support
NSW,45 to 54,Other / Unknown,,1000,60000,30,8.0,,125.0,70,8000.0,,High Risk,Support Coordination / Plan Management Review
NSW,55 to 64,Autism,,200,25000,85,80.0,,2.5,15,20000.0,,Low Risk,Capacity Building - Improved Daily Living
NSW,55 to 64,Autism,,500,40000,65,25.0,,20.0,35,15000.0,,Medium Risk,Capacity Building - Improved Daily Living
NSW,55 to 64,Autism,,1000,60000,30,8.0,,125.0,70,8000.0,,High Risk,Support Coordination / Plan Management Review
NSW,55 to 64,Intellectual Disability,,200,25000,85,80.0,,2.5,15,20000.0,,Low Risk,Capacity Building - Social and Community Participation
NSW,55 to 64,Intellectual Disability,,500,40000,65,25.0,,20.0,35,15000.0,,Medium Risk,Capacity Building - Social and Community Participation
NSW,55 to 64,Intellectual Disability,,1000,60000,30,8.0,,125.0,70,8000.0,,High Risk,Support Coordination / Plan Management Review
NSW,55 to 64,Psychosocial Disability,,200,25000,85,80.0,,2.5,15,20000.0,,Low Risk,Psychosocial Recovery and Community Participation
NSW,55 to 64,Psychosocial Disability,,500,40000,65,25.0,,20.0,35,15000.0,,Medium Risk,Psychosocial Recovery and Community Participation
NSW,55 to 64,Psychosocial Disability,,1000,60000,30,8.0,,125.0,70,8000.0,,High Risk,Support Coordination / Plan Management Review
NSW,55 to 64,Physical Disability,,200,25000,85,80.0,,2.5,15,20000.0,,Low Risk,Assistive Technology / Transport Support
NSW,55 to 64,Physical Disability,,500,40000,65,25.0,,20.0,35,15000.0,,Medium Risk,Assistive Technology / Transport Support
NSW,55 to 64,Physical Disability,,1000,60000,30,8.0,,125.0,70,8000.0,,High Risk,Support Coordination / Plan Management Review
NSW,55 to 64,Developmental Delay,,200,25000,85,80.0,,2.5,15,20000.0,,Low Risk,Capacity Building - Improved Daily Living
NSW,55 to 64,Developmental Delay,,500,40000,65,25.0,,20.0,35,15000.0,,Medium Risk,Capacity Building - Improved Daily Living
NSW,55 to 64,Developmental Delay,,1000,60000,30,8.0,,125.0,70,8000.0,,High Risk,Support Coordination / Plan Management Review
NSW,55 to 64,Acquired Brain Injury,,200,25000,85,80.0,,2.5,15,20000.0,,Low Risk,Capacity Building and Daily Living Support Review
NSW,55 to 64,Acquired Brain Injury,,500,40000,65,25.0,,20.0,35,15000.0,,Medium Risk,Capacity Building and Daily Living Support Review
NSW,55 to 64,Acquired Brain Injury,,1000,60000,30,8.0,,125.0,70,8000.0,,High Risk,Support Coordination / Plan Management Review
NSW,55 to 64,Hearing Impairment,,200,25000,85,80.0,,2.5,15,20000.0,,Low Risk,Assistive Technology and Communication Support
NSW,55 to 64,Hearing Impairment,,500,40000,65,25.0,,20.0,35,15000.0,,Medium Risk,Assistive Technology and Communication Support
NSW,55 to 64,Hearing Impairment,,1000,60000,30,8.0,,125.0,70,8000.0,,High Risk,Support Coordination / Plan Management Review
NSW,55 to 64,Visual Impairment,,200,25000,85,80.0,,2.5,15,20000.0,,Low Risk,Assistive Technology and Orientation Support
NSW,55 to 64,Visual Impairment,,500,40000,65,25.0,,20.0,35,15000.0,,Medium Risk,Assistive Technology and Orientation Support
NSW,55 to 64,Visual Impairment,,1000,60000,30,8.0,,125.0,70,8000.0,,High Risk,Support Coordination / Plan Management Review
NSW,55 to 64,Neurological Disability,,200,25000,85,80.0,,2.5,15,20000.0,,Low Risk,"Therapy, Assistive Technology, and Daily Living Support Review"
NSW,55 to 64,Neurological Disability,,500,40000,65,25.0,,20.0,35,15000.0,,Medium Risk,"Therapy, Assistive Technology, and Daily Living Support Review"
NSW,55 to 64,Neurological Disability,,1000,60000,30,8.0,,125.0,70,8000.0,,High Risk,Support Coordination / Plan Management Review
NSW,55 to 64,Other / Unknown,,200,25000,85,80.0,,2.5,15,20000.0,,Low Risk,General Core Support Monitoring
NSW,55 to 64,Other / Unknown,,500,40000,65,25.0,,20.0,35,15000.0,,Medium Risk,Plan Utilisation Support
NSW,55 to 64,Other / Unknown,,1000,60000,30,8.0,,125.0,70,8000.0,,High Risk,Support Coordination / Plan Management Review
VIC,0 to 8,Autism,,200,25000,85,80.0,,2.5,15,20000.0,,Low Risk,Capacity Building - Improved Daily Living
VIC,0 to 8,Autism,,500,40000,65,25.0,,20.0,35,15000.0,,Medium Risk,Capacity Building - Improved Daily Living
VIC,0 to 8,Autism,,1000,60000,30,8.0,,125.0,70,8000.0,,High Risk,Support Coordination / Plan Management Review
VIC,0 to 8,Intellectual Disability,,200,25000,85,80.0,,2.5,15,20000.0,,Low Risk,Capacity Building - Social and Community Participation
VIC,0 to 8,Intellectual Disability,,500,40000,65,25.0,,20.0,35,15000.0,,Medium Risk,Capacity Building - Social and Community Participation
VIC,0 to 8,Intellectual Disability,,1000,60000,30,8.0,,125.0,70,8000.0,,High Risk,Support Coordination / Plan Management Review
VIC,0 to 8,Psychosocial Disability,,200,25000,85,80.0,,2.5,15,20000.0,,Low Risk,Psychosocial Recovery and Community Participation
VIC,0 to 8,Psychosocial Disability,,500,40000,65,25.0,,20.0,35,15000.0,,Medium Risk,Psychosocial Recovery and Community Participation
VIC,0 to 8,Psychosocial Disability,,1000,60000,30,8.0,,125.0,70,8000.0,,High Risk,Support Coordination / Plan Management Review
VIC,0 to 8,Physical Disability,,200,25000,85,80.0,,2.5,15,20000.0,,Low Risk,Assistive Technology / Transport Support
VIC,0 to 8,Physical Disability,,500,40000,65,25.0,,20.0,35,15000.0,,Medium Risk,Assistive Technology / Transport Support
VIC,0 to 8,Physical Disability,,1000,60000,30,8.0,,125.0,70,8000.0,,High Risk,Support Coordination / Plan Management Review
VIC,0 to 8,Developmental Delay,,200,25000,85,80.0,,2.5,15,20000.0,,Low Risk,Capacity Building - Improved Daily Living
VIC,0 to 8,Developmental Delay,,500,40000,65,25.0,,20.0,35,15000.0,,Medium Risk,Capacity Building - Improved Daily Living
VIC,0 to 8,Developmental Delay,,1000,60000,30,8.0,,125.0,70,8000.0,,High Risk,Support Coordination / Plan Management Review
VIC,0 to 8,Acquired Brain Injury,,200,25000,85,80.0,,2.5,15,20000.0,,Low Risk,Capacity Building and Daily Living Support Review
VIC,0 to 8,Acquired Brain Injury,,500,40000,65,25.0,,20.0,35,15000.0,,Medium Risk,Capacity Building and Daily Living Support Review
VIC,0 to 8,Acquired Brain Injury,,1000,60000,30,8.0,,125.0,70,8000.0,,High Risk,Support Coordination / Plan Management Review
VIC,0 to 8,Hearing Impairment,,200,25000,85,80.0,,2.5,15,20000.0,,Low Risk,Assistive Technology and Communication Support
VIC,0 to 8,Hearing Impairment,,500,40000,65,25.0,,20.0,35,15000.0,,Medium Risk,Assistive Technology and Communication Support
VIC,0 to 8,Hearing Impairment,,1000,60000,30,8.0,,125.0,70,8000.0,,High Risk,Support Coordination / Plan Management Review
VIC,0 to 8,Visual Impairment,,200,25000,85,80.0,,2.5,15,20000.0,,Low Risk,Assistive Technology and Orientation Support
VIC,0 to 8,Visual Impairment,,500,40000,65,25.0,,20.0,35,15000.0,,Medium Risk,Assistive Technology and Orientation Support
VIC,0 to 8,Visual Impairment,,1000,60000,30,8.0,,125.0,70,8000.0,,High Risk,Support Coordination / Plan Management Review
VIC,0 to 8,Neurological Disability,,200,25000,85,80.0,,2.5,15,20000.0,,Low Risk,"Therapy, Assistive Technology, and Daily Living Support Review"
VIC,0 to 8,Neurological Disability,,500,40000,65,25.0,,20.0,35,15000.0,,Medium Risk,"Therapy, Assistive Technology, and Daily Living Support Review"
VIC,0 to 8,Neurological Disability,,1000,60000,30,8.0,,125.0,70,8000.0,,High Risk,Support Coordination / Plan Management Review
VIC,0 to 8,Other / Unknown,,200,25000,85,80.0,,2.5,15,20000.0,,Low Risk,General Core Support Monitoring
VIC,0 to 8,Other / Unknown,,500,40000,65,25.0,,20.0,35,15000.0,,Medium Risk,Plan Utilisation Support
VIC,0 to 8,Other / Unknown,,1000,60000,30,8.0,,125.0,70,8000.0,,High Risk,Support Coordination / Plan Management Review
VIC,9 to 14,Autism,,200,25000,85,80.0,,2.5,15,20000.0,,Low Risk,Capacity Building - Improved Daily Living
VIC,9 to 14,Autism,,500,40000,65,25.0,,20.0,35,15000.0,,Medium Risk,Capacity Building - Improved Daily Living
VIC,9 to 14,Autism,,1000,60000,30,8.0,,125.0,70,8000.0,,High Risk,Support Coordination / Plan Management Review
VIC,9 to 14,Intellectual Disability,,200,25000,85,80.0,,2.5,15,20000.0,,Low Risk,Capacity Building - Social and Community Participation
VIC,9 to 14,Intellectual Disability,,500,40000,65,25.0,,20.0,35,15000.0,,Medium Risk,Capacity Building - Social and Community Participation
VIC,9 to 14,Intellectual Disability,,1000,60000,30,8.0,,125.0,70,8000.0,,High Risk,Support Coordination / Plan Management Review
VIC,9 to 14,Psychosocial Disability,,200,25000,85,80.0,,2.5,15,20000.0,,Low Risk,Psychosocial Recovery and Community Participation
VIC,9 to 14,Psychosocial Disability,,500,40000,65,25.0,,20.0,35,15000.0,,Medium Risk,Psychosocial Recovery and Community Participation
VIC,9 to 14,Psychosocial Disability,,1000,60000,30,8.0,,125.0,70,8000.0,,High Risk,Support Coordination / Plan Management Review
VIC,9 to 14,Physical Disability,,200,25000,85,80.0,,2.5,15,20000.0,,Low Risk,Assistive Technology / Transport Support
VIC,9 to 14,Physical Disability,,500,40000,65,25.0,,20.0,35,15000.0,,Medium Risk,Assistive Technology / Transport Support
VIC,9 to 14,Physical Disability,,1000,60000,30,8.0,,125.0,70,8000.0,,High Risk,Support Coordination / Plan Management Review
VIC,9 to 14,Developmental Delay,,200,25000,85,80.0,,2.5,15,20000.0,,Low Risk,Capacity Building - Improved Daily Living
VIC,9 to 14,Developmental Delay,,500,40000,65,25.0,,20.0,35,15000.0,,Medium Risk,Capacity Building - Improved Daily Living
VIC,9 to 14,Developmental Delay,,1000,60000,30,8.0,,125.0,70,8000.0,,High Risk,Support Coordination / Plan Management Review
VIC,9 to 14,Acquired Brain Injury,,200,25000,85,80.0,,2.5,15,20000.0,,Low Risk,Capacity Building and Daily Living Support Review
VIC,9 to 14,Acquired Brain Injury,,500,40000,65,25.0,,20.0,35,15000.0,,Medium Risk,Capacity Building and Daily Living Support Review
VIC,9 to 14,Acquired Brain Injury,,1000,60000,30,8.0,,125.0,70,8000.0,,High Risk,Support Coordination / Plan Management Review
VIC,9 to 14,Hearing Impairment,,200,25000,85,80.0,,2.5,15,20000.0,,Low Risk,Assistive Technology and Communication Support
VIC,9 to 14,Hearing Impairment,,500,40000,65,25.0,,20.0,35,15000.0,,Medium Risk,Assistive Technology and Communication Support
VIC,9 to 14,Hearing Impairment,,1000,60000,30,8.0,,125.0,70,8000.0,,High Risk,Support Coordination / Plan Management Review
VIC,9 to 14,Visual Impairment,,200,25000,85,80.0,,2.5,15,20000.0,,Low Risk,Assistive Technology and Orientation Support
VIC,9 to 14,Visual Impairment,,500,40000,65,25.0,,20.0,35,15000.0,,Medium Risk,Assistive Technology and Orientation Support
VIC,9 to 14,Visual Impairment,,1000,60000,30,8.0,,125.0,70,8000.0,,High Risk,Support Coordination / Plan Management Review
VIC,9 to 14,Neurological Disability,,200,25000,85,80.0,,2.5,15,20000.0,,Low Risk,"Therapy, Assistive Technology, and Daily Living Support Review"
VIC,9 to 14,Neurological Disability,,500,40000,65,25.0,,20.0,35,15000.0,,Medium Risk,"Therapy, Assistive Technology, and Daily Living Support Review"
VIC,9 to 14,Neurological Disability,,1000,60000,30,8.0,,125.0,70,8000.0,,High Risk,Support Coordination / Plan Management Review
VIC,9 to 14,Other / Unknown,,200,25000,85,80.0,,2.5,15,20000.0,,Low Risk,General Core Support Monitoring
VIC,9 to 14,Other / Unknown,,500,40000,65,25.0,,20.0,35,15000.0,,Medium Risk,Plan Utilisation Support
VIC,9 to 14,Other / Unknown,,1000,60000,30,8.0,,125.0,70,8000.0,,High Risk,Support Coordination / Plan Management Review
VIC,15 to 24,Autism,,200,25000,85,80.0,,2.5,15,20000.0,,Low Risk,Capacity Building - Improved Daily Living
VIC,15 to 24,Autism,,500,40000,65,25.0,,20.0,35,15000.0,,Medium Risk,Capacity Building - Improved Daily Living
VIC,15 to 24,Autism,,1000,60000,30,8.0,,125.0,70,8000.0,,High Risk,Support Coordination / Plan Management Review
VIC,15 to 24,Intellectual Disability,,200,25000,85,80.0,,2.5,15,20000.0,,Low Risk,Capacity Building - Social and Community Participation
VIC,15 to 24,Intellectual Disability,,500,40000,65,25.0,,20.0,35,15000.0,,Medium Risk,Capacity Building - Social and Community Participation
VIC,15 to 24,Intellectual Disability,,1000,60000,30,8.0,,125.0,70,8000.0,,High Risk,Support Coordination / Plan Management Review
VIC,15 to 24,Psychosocial Disability,,200,25000,85,80.0,,2.5,15,20000.0,,Low Risk,Psychosocial Recovery and Community Participation
VIC,15 to 24,Psychosocial Disability,,500,40000,65,25.0,,20.0,35,15000.0,,Medium Risk,Psychosocial Recovery and Community Participation
VIC,15 to 24,Psychosocial Disability,,1000,60000,30,8.0,,125.0,70,8000.0,,High Risk,Support Coordination / Plan Management Review
VIC,15 to 24,Physical Disability,,200,25000,85,80.0,,2.5,15,20000.0,,Low Risk,Assistive Technology / Transport Support
VIC,15 to 24,Physical Disability,,500,40000,65,25.0,,20.0,35,15000.0,,Medium Risk,Assistive Technology / Transport Support
VIC,15 to 24,Physical Disability,,1000,60000,30,8.0,,125.0,70,8000.0,,High Risk,Support Coordination / Plan Management Review
VIC,15 to 24,Developmental Delay,,200,25000,85,80.0,,2.5,15,20000.0,,Low Risk,Capacity Building - Improved Daily Living
VIC,15 to 24,Developmental Delay,,500,40000,65,25.0,,20.0,35,15000.0,,Medium Risk,Capacity Building - Improved Daily Living
VIC,15 to 24,Developmental Delay,,1000,60000,30,8.0,,125.0,70,8000.0,,High Risk,Support Coordination / Plan Management Review
VIC,15 to 24,Acquired Brain Injury,,200,25000,85,80.0,,2.5,15,20000.0,,Low Risk,Capacity Building and Daily Living Support Review
VIC,15 to 24,Acquired Brain Injury,,500,40000,65,25.0,,20.0,35,15000.0,,Medium Risk,Capacity Building and Daily Living Support Review
VIC,15 to 24,Acquired Brain Injury,,1000,60000,30,8.0,,125.0,70,8000.0,,High Risk,Support Coordination / Plan Management Review
VIC,15 to 24,Hearing Impairment,,200,25000,85,80.0,,2.5,15,20000.0,,Low Risk,Assistive Technology and Communication Support
VIC,15 to 24,Hearing Impairment,,500,40000,65,25.0,,20.0,35,15000.0,,Medium Risk,Assistive Technology and Communication Support
VIC,15 to 24,Hearing Impairment,,1000,60000,30,8.0,,125.0,70,8000.0,,High Risk,Support Coordination / Plan Management Review
VIC,15 to 24,Visual Impairment,,200,25000,85,80.0,,2.5,15,20000.0,,Low Risk,Assistive Technology and Orientation Support
VIC,15 to 24,Visual Impairment,,500,40000,65,25.0,,20.0,35,15000.0,,Medium Risk,Assistive Technology and Orientation Support
VIC,15 to 24,Visual Impairment,,1000,60000,30,8.0,,125.0,70,8000.0,,High Risk,Support Coordination / Plan Management Review
VIC,15 to 24,Neurological Disability,,200,25000,85,80.0,,2.5,15,20000.0,,Low Risk,"Therapy, Assistive Technology, and Daily Living Support Review"
VIC,15 to 24,Neurological Disability,,500,40000,65,25.0,,20.0,35,15000.0,,Medium Risk,"Therapy, Assistive Technology, and Daily Living Support Review"
VIC,15 to 24,Neurological Disability,,1000,60000,30,8.0,,125.0,70,8000.0,,High Risk,Support Coordination / Plan Management Review
VIC,15 to 24,Other / Unknown,,200,25000,85,80.0,,2.5,15,20000.0,,Low Risk,General Core Support Monitoring
VIC,15 to 24,Other / Unknown,,500,40000,65,25.0,,20.0,35,15000.0,,Medium Risk,Plan Utilisation Support
VIC,15 to 24,Other / Unknown,,1000,60000,30,8.0,,125.0,70,8000.0,,High Risk,Support Coordination / Plan Management Review
VIC,25 to 34,Autism,,200,25000,85,80.0,,2.5,15,20000.0,,Low Risk,Capacity Building - Improved Daily Living
VIC,25 to 34,Autism,,500,40000,65,25.0,,20.0,35,15000.0,,Medium Risk,Capacity Building - Improved Daily Living
VIC,25 to 34,Autism,,1000,60000,30,8.0,,125.0,70,8000.0,,High Risk,Support Coordination / Plan Management Review
VIC,25 to 34,Intellectual Disability,,200,25000,85,80.0,,2.5,15,20000.0,,Low Risk,Capacity Building - Social and Community Participation
VIC,25 to 34,Intellectual Disability,,500,40000,65,25.0,,20.0,35,15000.0,,Medium Risk,Capacity Building - Social and Community Participation
VIC,25 to 34,Intellectual Disability,,1000,60000,30,8.0,,125.0,70,8000.0,,High Risk,Support Coordination / Plan Management Review
VIC,25 to 34,Psychosocial Disability,,200,25000,85,80.0,,2.5,15,20000.0,,Low Risk,Psychosocial Recovery and Community Participation
VIC,25 to 34,Psychosocial Disability,,500,40000,65,25.0,,20.0,35,15000.0,,Medium Risk,Psychosocial Recovery and Community Participation
VIC,25 to 34,Psychosocial Disability,,1000,60000,30,8.0,,125.0,70,8000.0,,High Risk,Support Coordination / Plan Management Review
VIC,25 to 34,Physical Disability,,200,25000,85,80.0,,2.5,15,20000.0,,Low Risk,Assistive Technology / Transport Support
VIC,25 to 34,Physical Disability,,500,40000,65,25.0,,20.0,35,15000.0,,Medium Risk,Assistive Technology / Transport Support
VIC,25 to 34,Physical Disability,,1000,60000,30,8.0,,125.0,70,8000.0,,High Risk,Support Coordination / Plan Management Review
VIC,25 to 34,Developmental Delay,,200,25000,85,80.0,,2.5,15,20000.0,,Low Risk,Capacity Building - Improved Daily Living
VIC,25 to 34,Developmental Delay,,500,40000,65,25.0,,20.0,35,15000.0,,Medium Risk,Capacity Building - Improved Daily Living
VIC,25 to 34,Developmental Delay,,1000,60000,30,8.0,,125.0,70,8000.0,,High Risk,Support Coordination / Plan Management Review
VIC,25 to 34,Acquired Brain Injury,,200,25000,85,80.0,,2.5,15,20000.0,,Low Risk,Capacity Building and Daily Living Support Review
VIC,25 to 34,Acquired Brain Injury,,500,40000,65,25.0,,20.0,35,15000.0,,Medium Risk,Capacity Building and Daily Living Support Review
VIC,25 to 34,Acquired Brain Injury,,1000,60000,30,8.0,,125.0,70,8000.0,,High Risk,Support Coordination / Plan Management Review
VIC,25 to 34,Hearing Impairment,,200,25000,85,80.0,,2.5,15,20000.0,,Low Risk,Assistive Technology and Communication Support
VIC,25 to 34,Hearing Impairment,,500,40000,65,25.0,,20.0,35,15000.0,,Medium Risk,Assistive Technology and Communication Support
VIC,25 to 34,Hearing Impairment,,1000,60000,30,8.0,,125.0,70,8000.0,,High Risk,Support Coordination / Plan Management Review
VIC,25 to 34,Visual Impairment,,200,25000,85,80.0,,2.5,15,20000.0,,Low Risk,Assistive Technology and Orientation Support
VIC,25 to 34,Visual Impairment,,500,40000,65,25.0,,20.0,35,15000.0,,Medium Risk,Assistive Technology and Orientation Support
VIC,25 to 34,Visual Impairment,,1000,60000,30,8.0,,125.0,70,8000.0,,High Risk,Support Coordination / Plan Management Review
VIC,25 to 34,Neurological Disability,,200,25000,85,80.0,,2.5,15,20000.0,,Low Risk,"Therapy, Assistive Technology, and Daily Living Support Review"
VIC,25 to 34,Neurological Disability,,500,40000,65,25.0,,20.0,35,15000.0,,Medium Risk,"Therapy, Assistive Technology, and Daily Living Support Review"
VIC,25 to 34,Neurological Disability,,1000,60000,30,8.0,,125.0,70,8000.0,,High Risk,Support Coordination / Plan Management Review
VIC,25 to 34,Other / Unknown,,200,25000,85,80.0,,2.5,15,20000.0,,Low Risk,General Core Support Monitoring
VIC,25 to 34,Other / Unknown,,500,40000,65,25.0,,20.0,35,15000.0,,Medium Risk,Plan Utilisation Support
VIC,25 to 34,Other / Unknown,,1000,60000,30,8.0,,125.0,70,8000.0,,High Risk,Support Coordination / Plan Management Review
VIC,35 to 44,Autism,,200,25000,85,80.0,,2.5,15,20000.0,,Low Risk,Capacity Building - Improved Daily Living
VIC,35 to 44,Autism,,500,40000,65,25.0,,20.0,35,15000.0,,Medium Risk,Capacity Building - Improved Daily Living
VIC,35 to 44,Autism,,1000,60000,30,8.0,,125.0,70,8000.0,,High Risk,Support Coordination / Plan Management Review
VIC,35 to 44,Intellectual Disability,,200,25000,85,80.0,,2.5,15,20000.0,,Low Risk,Capacity Building - Social and Community Participation
VIC,35 to 44,Intellectual Disability,,500,40000,65,25.0,,20.0,35,15000.0,,Medium Risk,Capacity Building - Social and Community Participation
VIC,35 to 44,Intellectual Disability,,1000,60000,30,8.0,,125.0,70,8000.0,,High Risk,Support Coordination / Plan Management Review
VIC,35 to 44,Psychosocial Disability,,200,25000,85,80.0,,2.5,15,20000.0,,Low Risk,Psychosocial Recovery and Community Participation
VIC,35 to 44,Psychosocial Disability,,500,40000,65,25.0,,20.0,35,15000.0,,Medium Risk,Psychosocial Recovery and Community Participation
VIC,35 to 44,Psychosocial Disability,,1000,60000,30,8.0,,125.0,70,8000.0,,High Risk,Support Coordination / Plan Management Review
VIC,35 to 44,Physical Disability,,200,25000,85,80.0,,2.5,15,20000.0,,Low Risk,Assistive Technology / Transport Support
VIC,35 to 44,Physical Disability,,500,40000,65,25.0,,20.0,35,15000.0,,Medium Risk,Assistive Technology / Transport Support
VIC,35 to 44,Physical Disability,,1000,60000,30,8.0,,125.0,70,8000.0,,High Risk,Support Coordination / Plan Management Review
VIC,35 to 44,Developmental Delay,,200,25000,85,80.0,,2.5,15,20000.0,,Low Risk,Capacity Building - Improved Daily Living
VIC,35 to 44,Developmental Delay,,500,40000,65,25.0,,20.0,35,15000.0,,Medium Risk,Capacity Building - Improved Daily Living
VIC,35 to 44,Developmental Delay,,1000,60000,30,8.0,,125.0,70,8000.0,,High Risk,Support Coordination / Plan Management Review
VIC,35 to 44,Acquired Brain Injury,,200,25000,85,80.0,,2.5,15,20000.0,,Low Risk,Capacity Building and Daily Living Support Review
VIC,35 to 44,Acquired Brain Injury,,500,40000,65,25.0,,20.0,35,15000.0,,Medium Risk,Capacity Building and Daily Living Support Review
VIC,35 to 44,Acquired Brain Injury,,1000,60000,30,8.0,,125.0,70,8000.0,,High Risk,Support Coordination / Plan Management Review
VIC,35 to 44,Hearing Impairment,,200,25000,85,80.0,,2.5,15,20000.0,,Low Risk,Assistive Technology and Communication Support
VIC,35 to 44,Hearing Impairment,,500,40000,65,25.0,,20.0,35,15000.0,,Medium Risk,Assistive Technology and Communication Support
VIC,35 to 44,Hearing Impairment,,1000,60000,30,8.0,,125.0,70,8000.0,,High Risk,Support Coordination / Plan Management Review
VIC,35 to 44,Visual Impairment,,200,25000,85,80.0,,2.5,15,20000.0,,Low Risk,Assistive Technology and Orientation Support
VIC,35 to 44,Visual Impairment,,500,40000,65,25.0,,20.0,35,15000.0,,Medium Risk,Assistive Technology and Orientation Support
VIC,35 to 44,Visual Impairment,,1000,60000,30,8.0,,125.0,70,8000.0,,High Risk,Support Coordination / Plan Management Review
VIC,35 to 44,Neurological Disability,,200,25000,85,80.0,,2.5,15,20000.0,,Low Risk,"Therapy, Assistive Technology, and Daily Living Support Review"
VIC,35 to 44,Neurological Disability,,500,40000,65,25.0,,20.0,35,15000.0,,Medium Risk,"Therapy, Assistive Technology, and Daily Living Support Review"
VIC,35 to 44,Neurological Disability,,1000,60000,30,8.0,,125.0,70,8000.0,,High Risk,Support Coordination / Plan Management Review
VIC,35 to 44,Other / Unknown,,200,25000,85,80.0,,2.5,15,20000.0,,Low Risk,General Core Support Monitoring
VIC,35 to 44,Other / Unknown,,500,40000,65,25.0,,20.0,35,15000.0,,Medium Risk,Plan Utilisation Support
VIC,35 to 44,Other / Unknown,,1000,60000,30,8.0,,125.0,70,8000.0,,High Risk,Support Coordination / Plan Management Review
VIC,45 to 54,Autism,,200,25000,85,80.0,,2.5,15,20000.0,,Low Risk,Capacity Building - Improved Daily Living
VIC,45 to 54,Autism,,500,40000,65,25.0,,20.0,35,15000.0,,Medium Risk,Capacity Building - Improved Daily Living
VIC,45 to 54,Autism,,1000,60000,30,8.0,,125.0,70,8000.0,,High Risk,Support Coordination / Plan Management Review
VIC,45 to 54,Intellectual Disability,,200,25000,85,80.0,,2.5,15,20000.0,,Low Risk,Capacity Building - Social and Community Participation
VIC,45 to 54,Intellectual Disability,,500,40000,65,25.0,,20.0,35,15000.0,,Medium Risk,Capacity Building - Social and Community Participation
VIC,45 to 54,Intellectual Disability,,1000,60000,30,8.0,,125.0,70,8000.0,,High Risk,Support Coordination / Plan Management Review
VIC,45 to 54,Psychosocial Disability,,200,25000,85,80.0,,2.5,15,20000.0,,Low Risk,Psychosocial Recovery and Community Participation
VIC,45 to 54,Psychosocial Disability,,500,40000,65,25.0,,20.0,35,15000.0,,Medium Risk,Psychosocial Recovery and Community Participation
VIC,45 to 54,Psychosocial Disability,,1000,60000,30,8.0,,125.0,70,8000.0,,High Risk,Support Coordination / Plan Management Review
VIC,45 to 54,Physical Disability,,200,25000,85,80.0,,2.5,15,20000.0,,Low Risk,Assistive Technology / Transport Support
VIC,45 to 54,Physical Disability,,500,40000,65,25.0,,20.0,35,15000.0,,Medium Risk,Assistive Technology / Transport Support
VIC,45 to 54,Physical Disability,,1000,60000,30,8.0,,125.0,70,8000.0,,High Risk,Support Coordination / Plan Management Review
VIC,45 to 54,Developmental Delay,,200,25000,85,80.0,,2.5,15,20000.0,,Low Risk,Capacity Building - Improved Daily Living
VIC,45 to 54,Developmental Delay,,500,40000,65,25.0,,20.0,35,15000.0,,Medium Risk,Capacity Building - Improved Daily Living
VIC,45 to 54,Developmental Delay,,1000,60000,30,8.0,,125.0,70,8000.0,,High Risk,Support Coordination / Plan Management Review
VIC,45 to 54,Acquired Brain Injury,,200,25000,85,80.0,,2.5,15,20000.0,,Low Risk,Capacity Building and Daily Living Support Review
VIC,45 to 54,Acquired Brain Injury,,500,40000,65,25.0,,20.0,35,15000.0,,Medium Risk,Capacity Building and Daily Living Support Review
VIC,45 to 54,Acquired Brain Injury,,1000,60000,30,8.0,,125.0,70,8000.0,,High Risk,Support Coordination / Plan Management Review
VIC,45 to 54,Hearing Impairment,,200,25000,85,80.0,,2.5,15,20000.0,,Low Risk,Assistive Technology and Communication Support
VIC,45 to 54,Hearing Impairment,,500,40000,65,25.0,,20.0,35,15000.0,,Medium Risk,Assistive Technology and Communication Support
VIC,45 to 54,Hearing Impairment,,1000,60000,30,8.0,,125.0,70,8000.0,,High Risk,Support Coordination / Plan Management Review
VIC,45 to 54,Visual Impairment,,200,25000,85,80.0,,2.5,15,20000.0,,Low Risk,Assistive Technology and Orientation Support
VIC,45 to 54,Visual Impairment,,500,40000,65,25.0,,20.0,35,15000.0,,Medium Risk,Assistive Technology and Orientation Support
VIC,45 to 54,Visual Impairment,,1000,60000,30,8.0,,125.0,70,8000.0,,High Risk,Support Coordination / Plan Management Review
VIC,45 to 54,Neurological Disability,,200,25000,85,80.0,,2.5,15,20000.0,,Low Risk,"Therapy, Assistive Technology, and Daily Living Support Review"
VIC,45 to 54,Neurological Disability,,500,40000,65,25.0,,20.0,35,15000.0,,Medium Risk,"Therapy, Assistive Technology, and Daily Living Support Review"
VIC,45 to 54,Neurological Disability,,1000,60000,30,8.0,,125.0,70,8000.0,,High Risk,Support Coordination / Plan Management Review
VIC,45 to 54,Other / Unknown,,200,25000,85,80.0,,2.5,15,20000.0,,Low Risk,General Core Support Monitoring
VIC,45 to 54,Other / Unknown,,500,40000,65,25.0,,20.0,35,15000.0,,Medium Risk,Plan Utilisation Support
VIC,45 to 54,Other / Unknown,,1000,60000,30,8.0,,125.0,70,8000.0,,High Risk,Support Coordination / Plan Management Review
VIC,55 to 64,Autism,,200,25000,85,80.0,,2.5,15,20000.0,,Low Risk,Capacity Building - Improved Daily Living
VIC,55 to 64,Autism,,500,40000,65,25.0,,20.0,35,15000.0,,Medium Risk,Capacity Building - Improved Daily Living
VIC,55 to 64,Autism,,1000,60000,30,8.0,,125.0,70,8000.0,,High Risk,Support Coordination / Plan Management Review
VIC,55 to 64,Intellectual Disability,,200,25000,85,80.0,,2.5,15,20000.0,,Low Risk,Capacity Building - Social and Community Participation
VIC,55 to 64,Intellectual Disability,,500,40000,65,25.0,,20.0,35,15000.0,,Medium Risk,Capacity Building - Social and Community Participation
VIC,55 to 64,Intellectual Disability,,1000,60000,30,8.0,,125.0,70,8000.0,,High Risk,Support Coordination / Plan Management Review
VIC,55 to 64,Psychosocial Disability,,200,25000,85,80.0,,2.5,15,20000.0,,Low Risk,Psychosocial Recovery and Community Participation
VIC,55 to 64,Psychosocial Disability,,500,40000,65,25.0,,20.0,35,15000.0,,Medium Risk,Psychosocial Recovery and Community Participation
VIC,55 to 64,Psychosocial Disability,,1000,60000,30,8.0,,125.0,70,8000.0,,High Risk,Support Coordination / Plan Management Review
VIC,55 to 64,Physical Disability,,200,25000,85,80.0,,2.5,15,20000.0,,Low Risk,Assistive Technology / Transport Support
VIC,55 to 64,Physical Disability,,500,40000,65,25.0,,20.0,35,15000.0,,Medium Risk,Assistive Technology / Transport Support
VIC,55 to 64,Physical Disability,,1000,60000,30,8.0,,125.0,70,8000.0,,High Risk,Support Coordination / Plan Management Review
VIC,55 to 64,Developmental Delay,,200,25000,85,80.0,,2.5,15,20000.0,,Low Risk,Capacity Building - Improved Daily Living
VIC,55 to 64,Developmental Delay,,500,40000,65,25.0,,20.0,35,15000.0,,Medium Risk,Capacity Building - Improved Daily Living
VIC,55 to 64,Developmental Delay,,1000,60000,30,8.0,,125.0,70,8000.0,,High Risk,Support Coordination / Plan Management Review
VIC,55 to 64,Acquired Brain Injury,,200,25000,85,80.0,,2.5,15,20000.0,,Low Risk,Capacity Building and Daily Living Support Review
VIC,55 to 64,Acquired Brain Injury,,500,40000,65,25.0,,20.0,35,15000.0,,Medium Risk,Capacity Building and Daily Living Support Review
VIC,55 to 64,Acquired Brain Injury,,1000,60000,30,8.0,,125.0,70,8000.0,,High Risk,Support Coordination / Plan Management Review
VIC,55 to 64,Hearing Impairment,,200,25000,85,80.0,,2.5,15,20000.0,,Low Risk,Assistive Technology and Communication Support
VIC,55 to 64,Hearing Impairment,,500,40000,65,25.0,,20.0,35,15000.0,,Medium Risk,Assistive Technology and Communication Support
VIC,55 to 64,Hearing Impairment,,1000,60000,30,8.0,,125.0,70,8000.0,,High Risk,Support Coordination / Plan Management Review
VIC,55 to 64,Visual Impairment,,200,25000,85,80.0,,2.5,15,20000.0,,Low Risk,Assistive Technology and Orientation Support
VIC,55 to 64,Visual Impairment,,500,40000,65,25.0,,20.0,35,15000.0,,Medium Risk,Assistive Technology and Orientation Support
VIC,55 to 64,Visual Impairment,,1000,60000,30,8.0,,125.0,70,8000.0,,High Risk,Support Coordination / Plan Management Review
VIC,55 to 64,Neurological Disability,,200,25000,85,80.0,,2.5,15,20000.0,,Low Risk,"Therapy, Assistive Technology, and Daily Living Support Review"
VIC,55 to 64,Neurological Disability,,500,40000,65,25.0,,20.0,35,15000.0,,Medium Risk,"Therapy, Assistive Technology, and Daily Living Support Review"
VIC,55 to 64,Neurological Disability,,1000,60000,30,8.0,,125.0,70,8000.0,,High Risk,Support Coordination / Plan Management Review
VIC,55 to 64,Other / Unknown,,200,25000,85,80.0,,2.5,15,20000.0,,Low Risk,General Core Support Monitoring
VIC,55 to 64,Other / Unknown,,500,40000,65,25.0,,20.0,35,15000.0,,Medium Risk,Plan Utilisation Support
VIC,55 to 64,Other / Unknown,,1000,60000,30,8.0,,125.0,70,8000.0,,High Risk,Support Coordination / Plan Management Review
QLD,0 to 8,Autism,,200,25000,85,80.0,,2.5,15,20000.0,,Low Risk,Capacity Building - Improved Daily Living
QLD,0 to 8,Autism,,500,40000,65,25.0,,20.0,35,15000.0,,Medium Risk,Capacity Building - Improved Daily Living
QLD,0 to 8,Autism,,1000,60000,30,8.0,,125.0,70,8000.0,,High Risk,Support Coordination / Plan Management Review
QLD,0 to 8,Intellectual Disability,,200,25000,85,80.0,,2.5,15,20000.0,,Low Risk,Capacity Building - Social and Community Participation
QLD,0 to 8,Intellectual Disability,,500,40000,65,25.0,,20.0,35,15000.0,,Medium Risk,Capacity Building - Social and Community Participation
QLD,0 to 8,Intellectual Disability,,1000,60000,30,8.0,,125.0,70,8000.0,,High Risk,Support Coordination / Plan Management Review
QLD,0 to 8,Psychosocial Disability,,200,25000,85,80.0,,2.5,15,20000.0,,Low Risk,Psychosocial Recovery and Community Participation
QLD,0 to 8,Psychosocial Disability,,500,40000,65,25.0,,20.0,35,15000.0,,Medium Risk,Psychosocial Recovery and Community Participation
QLD,0 to 8,Psychosocial Disability,,1000,60000,30,8.0,,125.0,70,8000.0,,High Risk,Support Coordination / Plan Management Review
QLD,0 to 8,Physical Disability,,200,25000,85,80.0,,2.5,15,20000.0,,Low Risk,Assistive Technology / Transport Support
QLD,0 to 8,Physical Disability,,500,40000,65,25.0,,20.0,35,15000.0,,Medium Risk,Assistive Technology / Transport Support
QLD,0 to 8,Physical Disability,,1000,60000,30,8.0,,125.0,70,8000.0,,High Risk,Support Coordination / Plan Management Review
QLD,0 to 8,Developmental Delay,,200,25000,85,80.0,,2.5,15,20000.0,,Low Risk,Capacity Building - Improved Daily Living
QLD,0 to 8,Developmental Delay,,500,40000,65,25.0,,20.0,35,15000.0,,Medium Risk,Capacity Building - Improved Daily Living
QLD,0 to 8,Developmental Delay,,1000,60000,30,8.0,,125.0,70,8000.0,,High Risk,Support Coordination / Plan Management Review
QLD,0 to 8,Acquired Brain Injury,,200,25000,85,80.0,,2.5,15,20000.0,,Low Risk,Capacity Building and Daily Living Support Review
QLD,0 to 8,Acquired Brain Injury,,500,40000,65,25.0,,20.0,35,15000.0,,Medium Risk,Capacity Building and Daily Living Support Review
QLD,0 to 8,Acquired Brain Injury,,1000,60000,30,8.0,,125.0,70,8000.0,,High Risk,Support Coordination / Plan Management Review
QLD,0 to 8,Hearing Impairment,,200,25000,85,80.0,,2.5,15,20000.0,,Low Risk,Assistive Technology and Communication Support
QLD,0 to 8,Hearing Impairment,,500,40000,65,25.0,,20.0,35,15000.0,,Medium Risk,Assistive Technology and Communication Support
QLD,0 to 8,Hearing Impairment,,1000,60000,30,8.0,,125.0,70,8000.0,,High Risk,Support Coordination / Plan Management Review
QLD,0 to 8,Visual Impairment,,200,25000,85,80.0,,2.5,15,20000.0,,Low Risk,Assistive Technology and Orientation Support
QLD,0 to 8,Visual Impairment,,500,40000,65,25.0,,20.0,35,15000.0,,Medium Risk,Assistive Technology and Orientation Support
QLD,0 to 8,Visual Impairment,,1000,60000,30,8.0,,125.0,70,8000.0,,High Risk,Support Coordination / Plan Management Review
QLD,0 to 8,Neurological Disability,,200,25000,85,80.0,,2.5,15,20000.0,,Low Risk,"Therapy, Assistive Technology, and Daily Living Support Review"
QLD,0 to 8,Neurological Disability,,500,40000,65,25.0,,20.0,35,15000.0,,Medium Risk,"Therapy, Assistive Technology, and Daily Living Support Review"
QLD,0 to 8,Neurological Disability,,1000,60000,30,8.0,,125.0,70,8000.0,,High Risk,Support Coordination / Plan Management Review
QLD,0 to 8,Other / Unknown,,200,25000,85,80.0,,2.5,15,20000.0,,Low Risk,General Core Support Monitoring
QLD,0 to 8,Other / Unknown,,500,40000,65,25.0,,20.0,35,15000.0,,Medium Risk,Plan Utilisation Support
QLD,0 to 8,Other / Unknown,,1000,60000,30,8.0,,125.0,70,8000.0,,High Risk,Support Coordination / Plan Management Review
QLD,9 to 14,Autism,,200,25000,85,80.0,,2.5,15,20000.0,,Low Risk,Capacity Building - Improved Daily Living
QLD,9 to 14,Autism,,500,40000,65,25.0,,20.0,35,15000.0,,Medium Risk,Capacity Building - Improved Daily Living
QLD,9 to 14,Autism,,1000,60000,30,8.0,,125.0,70,8000.0,,High Risk,Support Coordination / Plan Management Review
QLD,9 to 14,Intellectual Disability,,200,25000,85,80.0,,2.5,15,20000.0,,Low Risk,Capacity Building - Social and Community Participation
QLD,9 to 14,Intellectual Disability,,500,40000,65,25.0,,20.0,35,15000.0,,Medium Risk,Capacity Building - Social and Community Participation
QLD,9 to 14,Intellectual Disability,,1000,60000,30,8.0,,125.0,70,8000.0,,High Risk,Support Coordination / Plan Management Review
QLD,9 to 14,Psychosocial Disability,,200,25000,85,80.0,,2.5,15,20000.0,,Low Risk,Psychosocial Recovery and Community Participation
QLD,9 to 14,Psychosocial Disability,,500,40000,65,25.0,,20.0,35,15000.0,,Medium Risk,Psychosocial Recovery and Community Participation
QLD,9 to 14,Psychosocial Disability,,1000,60000,30,8.0,,125.0,70,8000.0,,High Risk,Support Coordination / Plan Management Review
QLD,9 to 14,Physical Disability,,200,25000,85,80.0,,2.5,15,20000.0,,Low Risk,Assistive Technology / Transport Support
QLD,9 to 14,Physical Disability,,500,40000,65,25.0,,20.0,35,15000.0,,Medium Risk,Assistive Technology / Transport Support
QLD,9 to 14,Physical Disability,,1000,60000,30,8.0,,125.0,70,8000.0,,High Risk,Support Coordination / Plan Management Review
QLD,9 to 14,Developmental Delay,,200,25000,85,80.0,,2.5,15,20000.0,,Low Risk,Capacity Building - Improved Daily Living
QLD,9 to 14,Developmental Delay,,500,40000,65,25.0,,20.0,35,15000.0,,Medium Risk,Capacity Building - Improved Daily Living
QLD,9 to 14,Developmental Delay,,1000,60000,30,8.0,,125.0,70,8000.0,,High Risk,Support Coordination / Plan Management Review
QLD,9 to 14,Acquired Brain Injury,,200,25000,85,80.0,,2.5,15,20000.0,,Low Risk,Capacity Building and Daily Living Support Review
QLD,9 to 14,Acquired Brain Injury,,500,40000,65,25.0,,20.0,35,15000.0,,Medium Risk,Capacity Building and Daily Living Support Review
QLD,9 to 14,Acquired Brain Injury,,1000,60000,30,8.0,,125.0,70,8000.0,,High Risk,Support Coordination / Plan Management Review
QLD,9 to 14,Hearing Impairment,,200,25000,85,80.0,,2.5,15,20000.0,,Low Risk,Assistive Technology and Communication Support
QLD,9 to 14,Hearing Impairment,,500,40000,65,25.0,,20.0,35,15000.0,,Medium Risk,Assistive Technology and Communication Support
QLD,9 to 14,Hearing Impairment,,1000,60000,30,8.0,,125.0,70,8000.0,,High Risk,Support Coordination / Plan Management Review
QLD,9 to 14,Visual Impairment,,200,25000,85,80.0,,2.5,15,20000.0,,Low Risk,Assistive Technology and Orientation Support
QLD,9 to 14,Visual Impairment,,500,40000,65,25.0,,20.0,35,15000.0,,Medium Risk,Assistive Technology and Orientation Support
QLD,9 to 14,Visual Impairment,,1000,60000,30,8.0,,125.0,70,8000.0,,High Risk,Support Coordination / Plan Management Review
QLD,9 to 14,Neurological Disability,,200,25000,85,80.0,,2.5,15,20000.0,,Low Risk,"Therapy, Assistive Technology, and Daily Living Support Review"
QLD,9 to 14,Neurological Disability,,500,40000,65,25.0,,20.0,35,15000.0,,Medium Risk,"Therapy, Assistive Technology, and Daily Living Support Review"
QLD,9 to 14,Neurological Disability,,1000,60000,30,8.0,,125.0,70,8000.0,,High Risk,Support Coordination / Plan Management Review
QLD,9 to 14,Other / Unknown,,200,25000,85,80.0,,2.5,15,20000.0,,Low Risk,General Core Support Monitoring
QLD,9 to 14,Other / Unknown,,500,40000,65,25.0,,20.0,35,15000.0,,Medium Risk,Plan Utilisation Support
QLD,9 to 14,Other / Unknown,,1000,60000,30,8.0,,125.0,70,8000.0,,High Risk,Support Coordination / Plan Management Review
QLD,15 to 24,Autism,,200,25000,85,80.0,,2.5,15,20000.0,,Low Risk,Capacity Building - Improved Daily Living
QLD,15 to 24,Autism,,500,40000,65,25.0,,20.0,35,15000.0,,Medium Risk,Capacity Building - Improved Daily Living
QLD,15 to 24,Autism,,1000,60000,30,8.0,,125.0,70,8000.0,,High Risk,Support Coordination / Plan Management Review
QLD,15 to 24,Intellectual Disability,,200,25000,85,80.0,,2.5,15,20000.0,,Low Risk,Capacity Building - Social and Community Participation
QLD,15 to 24,Intellectual Disability,,500,40000,65,25.0,,20.0,35,15000.0,,Medium Risk,Capacity Building - Social and Community Participation
QLD,15 to 24,Intellectual Disability,,1000,60000,30,8.0,,125.0,70,8000.0,,High Risk,Support Coordination / Plan Management Review
QLD,15 to 24,Psychosocial Disability,,200,25000,85,80.0,,2.5,15,20000.0,,Low Risk,Psychosocial Recovery and Community Participation
QLD,15 to 24,Psychosocial Disability,,500,40000,65,25.0,,20.0,35,15000.0,,Medium Risk,Psychosocial Recovery and Community Participation
QLD,15 to 24,Psychosocial Disability,,1000,60000,30,8.0,,125.0,70,8000.0,,High Risk,Support Coordination / Plan Management Review
QLD,15 to 24,Physical Disability,,200,25000,85,80.0,,2.5,15,20000.0,,Low Risk,Assistive Technology / Transport Support
QLD,15 to 24,Physical Disability,,500,40000,65,25.0,,20.0,35,15000.0,,Medium Risk,Assistive Technology / Transport Support
QLD,15 to 24,Physical Disability,,1000,60000,30,8.0,,125.0,70,8000.0,,High Risk,Support Coordination / Plan Management Review
QLD,15 to 24,Developmental Delay,,200,25000,85,80.0,,2.5,15,20000.0,,Low Risk,Capacity Building - Improved Daily Living
QLD,15 to 24,Developmental Delay,,500,40000,65,25.0,,20.0,35,15000.0,,Medium Risk,Capacity Building - Improved Daily Living
QLD,15 to 24,Developmental Delay,,1000,60000,30,8.0,,125.0,70,8000.0,,High Risk,Support Coordination / Plan Management Review
QLD,15 to 24,Acquired Brain Injury,,200,25000,85,80.0,,2.5,15,20000.0,,Low Risk,Capacity Building and Daily Living Support Review
QLD,15 to 24,Acquired Brain Injury,,500,40000,65,25.0,,20.0,35,15000.0,,Medium Risk,Capacity Building and Daily Living Support Review
QLD,15 to 24,Acquired Brain Injury,,1000,60000,30,8.0,,125.0,70,8000.0,,High Risk,Support Coordination / Plan Management Review
QLD,15 to 24,Hearing Impairment,,200,25000,85,80.0,,2.5,15,20000.0,,Low Risk,Assistive Technology and Communication Support
QLD,15 to 24,Hearing Impairment,,500,40000,65,25.0,,20.0,35,15000.0,,Medium Risk,Assistive Technology and Communication Support
QLD,15 to 24,Hearing Impairment,,1000,60000,30,8.0,,125.0,70,8000.0,,High Risk,Support Coordination / Plan Management Review
QLD,15 to 24,Visual Impairment,,200,25000,85,80.0,,2.5,15,20000.0,,Low Risk,Assistive Technology and Orientation Support
QLD,15 to 24,Visual Impairment,,500,40000,65,25.0,,20.0,35,15000.0,,Medium Risk,Assistive Technology and Orientation Support
QLD,15 to 24,Visual Impairment,,1000,60000,30,8.0,,125.0,70,8000.0,,High Risk,Support Coordination / Plan Management Review
QLD,15 to 24,Neurological Disability,,200,25000,85,80.0,,2.5,15,20000.0,,Low Risk,"Therapy, Assistive Technology, and Daily Living Support Review"
QLD,15 to 24,Neurological Disability,,500,40000,65,25.0,,20.0,35,15000.0,,Medium Risk,"Therapy, Assistive Technology, and Daily Living Support Review"
QLD,15 to 24,Neurological Disability,,1000,60000,30,8.0,,125.0,70,8000.0,,High Risk,Support Coordination / Plan Management Review
QLD,15 to 24,Other / Unknown,,200,25000,85,80.0,,2.5,15,20000.0,,Low Risk,General Core Support Monitoring
QLD,15 to 24,Other / Unknown,,500,40000,65,25.0,,20.0,35,15000.0,,Medium Risk,Plan Utilisation Support
QLD,15 to 24,Other / Unknown,,1000,60000,30,8.0,,125.0,70,8000.0,,High Risk,Support Coordination / Plan Management Review
QLD,25 to 34,Autism,,200,25000,85,80.0,,2.5,15,20000.0,,Low Risk,Capacity Building - Improved Daily Living
QLD,25 to 34,Autism,,500,40000,65,25.0,,20.0,35,15000.0,,Medium Risk,Capacity Building - Improved Daily Living
QLD,25 to 34,Autism,,1000,60000,30,8.0,,125.0,70,8000.0,,High Risk,Support Coordination / Plan Management Review
QLD,25 to 34,Intellectual Disability,,200,25000,85,80.0,,2.5,15,20000.0,,Low Risk,Capacity Building - Social and Community Participation
QLD,25 to 34,Intellectual Disability,,500,40000,65,25.0,,20.0,35,15000.0,,Medium Risk,Capacity Building - Social and Community Participation
QLD,25 to 34,Intellectual Disability,,1000,60000,30,8.0,,125.0,70,8000.0,,High Risk,Support Coordination / Plan Management Review
QLD,25 to 34,Psychosocial Disability,,200,25000,85,80.0,,2.5,15,20000.0,,Low Risk,Psychosocial Recovery and Community Participation
QLD,25 to 34,Psychosocial Disability,,500,40000,65,25.0,,20.0,35,15000.0,,Medium Risk,Psychosocial Recovery and Community Participation
QLD,25 to 34,Psychosocial Disability,,1000,60000,30,8.0,,125.0,70,8000.0,,High Risk,Support Coordination / Plan Management Review
QLD,25 to 34,Physical Disability,,200,25000,85,80.0,,2.5,15,20000.0,,Low Risk,Assistive Technology / Transport Support
QLD,25 to 34,Physical Disability,,500,40000,65,25.0,,20.0,35,15000.0,,Medium Risk,Assistive Technology / Transport Support
QLD,25 to 34,Physical Disability,,1000,60000,30,8.0,,125.0,70,8000.0,,High Risk,Support Coordination / Plan Management Review
QLD,25 to 34,Developmental Delay,,200,25000,85,80.0,,2.5,15,20000.0,,Low Risk,Capacity Building - Improved Daily Living
QLD,25 to 34,Developmental Delay,,500,40000,65,25.0,,20.0,35,15000.0,,Medium Risk,Capacity Building - Improved Daily Living
QLD,25 to 34,Developmental Delay,,1000,60000,30,8.0,,125.0,70,8000.0,,High Risk,Support Coordination / Plan Management Review
QLD,25 to 34,Acquired Brain Injury,,200,25000,85,80.0,,2.5,15,20000.0,,Low Risk,Capacity Building and Daily Living Support Review
QLD,25 to 34,Acquired Brain Injury,,500,40000,65,25.0,,20.0,35,15000.0,,Medium Risk,Capacity Building and Daily Living Support Review
QLD,25 to 34,Acquired Brain Injury,,1000,60000,30,8.0,,125.0,70,8000.0,,High Risk,Support Coordination / Plan Management Review
QLD,25 to 34,Hearing Impairment,,200,25000,85,80.0,,2.5,15,20000.0,,Low Risk,Assistive Technology and Communication Support
QLD,25 to 34,Hearing Impairment,,500,40000,65,25.0,,20.0,35,15000.0,,Medium Risk,Assistive Technology and Communication Support
QLD,25 to 34,Hearing Impairment,,1000,60000,30,8.0,,125.0,70,8000.0,,High Risk,Support Coordination / Plan Management Review
QLD,25 to 34,Visual Impairment,,200,25000,85,80.0,,2.5,15,20000.0,,Low Risk,Assistive Technology and Orientation Support
QLD,25 to 34,Visual Impairment,,500,40000,65,25.0,,20.0,35,15000.0,,Medium Risk,Assistive Technology and Orientation Support
QLD,25 to 34,Visual Impairment,,1000,60000,30,8.0,,125.0,70,8000.0,,High Risk,Support Coordination / Plan Management Review
QLD,25 to 34,Neurological Disability,,200,25000,85,80.0,,2.5,15,20000.0,,Low Risk,"Therapy, Assistive Technology, and Daily Living Support Review"
QLD,25 to 34,Neurological Disability,,500,40000,65,25.0,,20.0,35,15000.0,,Medium Risk,"Therapy, Assistive Technology, and Daily Living Support Review"
QLD,25 to 34,Neurological Disability,,1000,60000,30,8.0,,125.0,70,8000.0,,High Risk,Support Coordination / Plan Management Review
QLD,25 to 34,Other / Unknown,,200,25000,85,80.0,,2.5,15,20000.0,,Low Risk,General Core Support Monitoring
QLD,25 to 34,Other / Unknown,,500,40000,65,25.0,,20.0,35,15000.0,,Medium Risk,Plan Utilisation Support
QLD,25 to 34,Other / Unknown,,1000,60000,30,8.0,,125.0,70,8000.0,,High Risk,Support Coordination / Plan Management Review
QLD,35 to 44,Autism,,200,25000,85,80.0,,2.5,15,20000.0,,Low Risk,Capacity Building - Improved Daily Living
QLD,35 to 44,Autism,,500,40000,65,25.0,,20.0,35,15000.0,,Medium Risk,Capacity Building - Improved Daily Living
QLD,35 to 44,Autism,,1000,60000,30,8.0,,125.0,70,8000.0,,High Risk,Support Coordination / Plan Management Review
QLD,35 to 44,Intellectual Disability,,200,25000,85,80.0,,2.5,15,20000.0,,Low Risk,Capacity Building - Social and Community Participation
QLD,35 to 44,Intellectual Disability,,500,40000,65,25.0,,20.0,35,15000.0,,Medium Risk,Capacity Building - Social and Community Participation
QLD,35 to 44,Intellectual Disability,,1000,60000,30,8.0,,125.0,70,8000.0,,High Risk,Support Coordination / Plan Management Review
QLD,35 to 44,Psychosocial Disability,,200,25000,85,80.0,,2.5,15,20000.0,,Low Risk,Psychosocial Recovery and Community Participation
QLD,35 to 44,Psychosocial Disability,,500,40000,65,25.0,,20.0,35,15000.0,,Medium Risk,Psychosocial Recovery and Community Participation
QLD,35 to 44,Psychosocial Disability,,1000,60000,30,8.0,,125.0,70,8000.0,,High Risk,Support Coordination / Plan Management Review
QLD,35 to 44,Physical Disability,,200,25000,85,80.0,,2.5,15,20000.0,,Low Risk,Assistive Technology / Transport Support
QLD,35 to 44,Physical Disability,,500,40000,65,25.0,,20.0,35,15000.0,,Medium Risk,Assistive Technology / Transport Support
QLD,35 to 44,Physical Disability,,1000,60000,30,8.0,,125.0,70,8000.0,,High Risk,Support Coordination / Plan Management Review
QLD,35 to 44,Developmental Delay,,200,25000,85,80.0,,2.5,15,20000.0,,Low Risk,Capacity Building - Improved Daily Living
QLD,35 to 44,Developmental Delay,,500,40000,65,25.0,,20.0,35,15000.0,,Medium Risk,Capacity Building - Improved Daily Living
QLD,35 to 44,Developmental Delay,,1000,60000,30,8.0,,125.0,70,8000.0,,High Risk,Support Coordination / Plan Management Review
QLD,35 to 44,Acquired Brain Injury,,200,25000,85,80.0,,2.5,15,20000.0,,Low Risk,Capacity Building and Daily Living Support Review
QLD,35 to 44,Acquired Brain Injury,,500,40000,65,25.0,,20.0,35,15000.0,,Medium Risk,Capacity Building and Daily Living Support Review
QLD,35 to 44,Acquired Brain Injury,,1000,60000,30,8.0,,125.0,70,8000.0,,High Risk,Support Coordination / Plan Management Review
QLD,35 to 44,Hearing Impairment,,200,25000,85,80.0,,2.5,15,20000.0,,Low Risk,Assistive Technology and Communication Support
QLD,35 to 44,Hearing Impairment,,500,40000,65,25.0,,20.0,35,15000.0,,Medium Risk,Assistive Technology and Communication Support
QLD,35 to 44,Hearing Impairment,,1000,60000,30,8.0,,125.0,70,8000.0,,High Risk,Support Coordination / Plan Management Review
QLD,35 to 44,Visual Impairment,,200,25000,85,80.0,,2.5,15,20000.0,,Low Risk,Assistive Technology and Orientation Support
QLD,35 to 44,Visual Impairment,,500,40000,65,25.0,,20.0,35,15000.0,,Medium Risk,Assistive Technology and Orientation Support
QLD,35 to 44,Visual Impairment,,1000,60000,30,8.0,,125.0,70,8000.0,,High Risk,Support Coordination / Plan Management Review
QLD,35 to 44,Neurological Disability,,200,25000,85,80.0,,2.5,15,20000.0,,Low Risk,"Therapy, Assistive Technology, and Daily Living Support Review"
QLD,35 to 44,Neurological Disability,,500,40000,65,25.0,,20.0,35,15000.0,,Medium Risk,"Therapy, Assistive Technology, and Daily Living Support Review"
QLD,35 to 44,Neurological Disability,,1000,60000,30,8.0,,125.0,70,8000.0,,High Risk,Support Coordination / Plan Management Review
QLD,35 to 44,Other / Unknown,,200,25000,85,80.0,,2.5,15,20000.0,,Low Risk,General Core Support Monitoring
QLD,35 to 44,Other / Unknown,,500,40000,65,25.0,,20.0,35,15000.0,,Medium Risk,Plan Utilisation Support
QLD,35 to 44,Other / Unknown,,1000,60000,30,8.0,,125.0,70,8000.0,,High Risk,Support Coordination / Plan Management Review
QLD,45 to 54,Autism,,200,25000,85,80.0,,2.5,15,20000.0,,Low Risk,Capacity Building - Improved Daily Living
QLD,45 to 54,Autism,,500,40000,65,25.0,,20.0,35,15000.0,,Medium Risk,Capacity Building - Improved Daily Living
QLD,45 to 54,Autism,,1000,60000,30,8.0,,125.0,70,8000.0,,High Risk,Support Coordination / Plan Management Review
QLD,45 to 54,Intellectual Disability,,200,25000,85,80.0,,2.5,15,20000.0,,Low Risk,Capacity Building - Social and Community Participation
QLD,45 to 54,Intellectual Disability,,500,40000,65,25.0,,20.0,35,15000.0,,Medium Risk,Capacity Building - Social and Community Participation
QLD,45 to 54,Intellectual Disability,,1000,60000,30,8.0,,125.0,70,8000.0,,High Risk,Support Coordination / Plan Management Review
QLD,45 to 54,Psychosocial Disability,,200,25000,85,80.0,,2.5,15,20000.0,,Low Risk,Psychosocial Recovery and Community Participation
QLD,45 to 54,Psychosocial Disability,,500,40000,65,25.0,,20.0,35,15000.0,,Medium Risk,Psychosocial Recovery and Community Participation
QLD,45 to 54,Psychosocial Disability,,1000,60000,30,8.0,,125.0,70,8000.0,,High Risk,Support Coordination / Plan Management Review
QLD,45 to 54,Physical Disability,,200,25000,85,80.0,,2.5,15,20000.0,,Low Risk,Assistive Technology / Transport Support
QLD,45 to 54,Physical Disability,,500,40000,65,25.0,,20.0,35,15000.0,,Medium Risk,Assistive Technology / Transport Support
QLD,45 to 54,Physical Disability,,1000,60000,30,8.0,,125.0,70,8000.0,,High Risk,Support Coordination / Plan Management Review
QLD,45 to 54,Developmental Delay,,200,25000,85,80.0,,2.5,15,20000.0,,Low Risk,Capacity Building - Improved Daily Living
QLD,45 to 54,Developmental Delay,,500,40000,65,25.0,,20.0,35,15000.0,,Medium Risk,Capacity Building - Improved Daily Living
QLD,45 to 54,Developmental Delay,,1000,60000,30,8.0,,125.0,70,8000.0,,High Risk,Support Coordination / Plan Management Review
QLD,45 to 54,Acquired Brain Injury,,200,25000,85,80.0,,2.5,15,20000.0,,Low Risk,Capacity Building and Daily Living Support Review
QLD,45 to 54,Acquired Brain Injury,,500,40000,65,25.0,,20.0,35,15000.0,,Medium Risk,Capacity Building and Daily Living Support Review
QLD,45 to 54,Acquired Brain Injury,,1000,60000,30,8.0,,125.0,70,8000.0,,High Risk,Support Coordination / Plan Management Review
QLD,45 to 54,Hearing Impairment,,200,25000,85,80.0,,2.5,15,20000.0,,Low Risk,Assistive Technology and Communication Support
QLD,45 to 54,Hearing Impairment,,500,40000,65,25.0,,20.0,35,15000.0,,Medium Risk,Assistive Technology and Communication Support
QLD,45 to 54,Hearing Impairment,,1000,60000,30,8.0,,125.0,70,8000.0,,High Risk,Support Coordination / Plan Management Review
QLD,45 to 54,Visual Impairment,,200,25000,85,80.0,,2.5,15,20000.0,,Low Risk,Assistive Technology and Orientation Support
QLD,45 to 54,Visual Impairment,,500,40000,65,25.0,,20.0,35,15000.0,,Medium Risk,Assistive Technology and Orientation Support
QLD,45 to 54,Visual Impairment,,1000,60000,30,8.0,,125.0,70,8000.0,,High Risk,Support Coordination / Plan Management Review
QLD,45 to 54,Neurological Disability,,200,25000,85,80.0,,2.5,15,20000.0,,Low Risk,"Therapy, Assistive Technology, and Daily Living Support Review"
QLD,45 to 54,Neurological Disability,,500,40000,65,25.0,,20.0,35,15000.0,,Medium Risk,"Therapy, Assistive Technology, and Daily Living Support Review"
QLD,45 to 54,Neurological Disability,,1000,60000,30,8.0,,125.0,70,8000.0,,High Risk,Support Coordination / Plan Management Review
QLD,45 to 54,Other / Unknown,,200,25000,85,80.0,,2.5,15,20000.0,,Low Risk,General Core Support Monitoring
QLD,45 to 54,Other / Unknown,,500,40000,65,25.0,,20.0,35,15000.0,,Medium Risk,Plan Utilisation Support
QLD,45 to 54,Other / Unknown,,1000,60000,30,8.0,,125.0,70,8000.0,,High Risk,Support Coordination / Plan Management Review
QLD,55 to 64,Autism,,200,25000,85,80.0,,2.5,15,20000.0,,Low Risk,Capacity Building - Improved Daily Living
QLD,55 to 64,Autism,,500,40000,65,25.0,,20.0,35,15000.0,,Medium Risk,Capacity Building - Improved Daily Living
QLD,55 to 64,Autism,,1000,60000,30,8.0,,125.0,70,8000.0,,High Risk,Support Coordination / Plan Management Review
QLD,55 to 64,Intellectual Disability,,200,25000,85,80.0,,2.5,15,20000.0,,Low Risk,Capacity Building - Social and Community Participation
QLD,55 to 64,Intellectual Disability,,500,40000,65,25.0,,20.0,35,15000.0,,Medium Risk,Capacity Building - Social and Community Participation
QLD,55 to 64,Intellectual Disability,,1000,60000,30,8.0,,125.0,70,8000.0,,High Risk,Support Coordination / Plan Management Review
QLD,55 to 64,Psychosocial Disability,,200,25000,85,80.0,,2.5,15,20000.0,,Low Risk,Psychosocial Recovery and Community Participation
QLD,55 to 64,Psychosocial Disability,,500,40000,65,25.0,,20.0,35,15000.0,,Medium Risk,Psychosocial Recovery and Community Participation
QLD,55 to 64,Psychosocial Disability,,1000,60000,30,8.0,,125.0,70,8000.0,,High Risk,Support Coordination / Plan Management Review
QLD,55 to 64,Physical Disability,,200,25000,85,80.0,,2.5,15,20000.0,,Low Risk,Assistive Technology / Transport Support
QLD,55 to 64,Physical Disability,,500,40000,65,25.0,,20.0,35,15000.0,,Medium Risk,Assistive Technology / Transport Support
QLD,55 to 64,Physical Disability,,1000,60000,30,8.0,,125.0,70,8000.0,,High Risk,Support Coordination / Plan Management Review
QLD,55 to 64,Developmental Delay,,200,25000,85,80.0,,2.5,15,20000.0,,Low Risk,Capacity Building - Improved Daily Living
QLD,55 to 64,Developmental Delay,,500,40000,65,25.0,,20.0,35,15000.0,,Medium Risk,Capacity Building - Improved Daily Living
QLD,55 to 64,Developmental Delay,,1000,60000,30,8.0,,125.0,70,8000.0,,High Risk,Support Coordination / Plan Management Review
QLD,55 to 64,Acquired Brain Injury,,200,25000,85,80.0,,2.5,15,20000.0,,Low Risk,Capacity Building and Daily Living Support Review
QLD,55 to 64,Acquired Brain Injury,,500,40000,65,25.0,,20.0,35,15000.0,,Medium Risk,Capacity Building and Daily Living Support Review
QLD,55 to 64,Acquired Brain Injury,,1000,60000,30,8.0,,125.0,70,8000.0,,High Risk,Support Coordination / Plan Management Review
QLD,55 to 64,Hearing Impairment,,200,25000,85,80.0,,2.5,15,20000.0,,Low Risk,Assistive Technology and Communication Support
QLD,55 to 64,Hearing Impairment,,500,40000,65,25.0,,20.0,35,15000.0,,Medium Risk,Assistive Technology and Communication Support
QLD,55 to 64,Hearing Impairment,,1000,60000,30,8.0,,125.0,70,8000.0,,High Risk,Support Coordination / Plan Management Review
QLD,55 to 64,Visual Impairment,,200,25000,85,80.0,,2.5,15,20000.0,,Low Risk,Assistive Technology and Orientation Support
QLD,55 to 64,Visual Impairment,,500,40000,65,25.0,,20.0,35,15000.0,,Medium Risk,Assistive Technology and Orientation Support
QLD,55 to 64,Visual Impairment,,1000,60000,30,8.0,,125.0,70,8000.0,,High Risk,Support Coordination / Plan Management Review
QLD,55 to 64,Neurological Disability,,200,25000,85,80.0,,2.5,15,20000.0,,Low Risk,"Therapy, Assistive Technology, and Daily Living Support Review"
QLD,55 to 64,Neurological Disability,,500,40000,65,25.0,,20.0,35,15000.0,,Medium Risk,"Therapy, Assistive Technology, and Daily Living Support Review"
QLD,55 to 64,Neurological Disability,,1000,60000,30,8.0,,125.0,70,8000.0,,High Risk,Support Coordination / Plan Management Review
QLD,55 to 64,Other / Unknown,,200,25000,85,80.0,,2.5,15,20000.0,,Low Risk,General Core Support Monitoring
QLD,55 to 64,Other / Unknown,,500,40000,65,25.0,,20.0,35,15000.0,,Medium Risk,Plan Utilisation Support
QLD,55 to 64,Other / Unknown,,1000,60000,30,8.0,,125.0,70,8000.0,,High Risk,Support Coordination / Plan Management Review
SA,0 to 8,Autism,,200,25000,85,80.0,,2.5,15,20000.0,,Low Risk,Capacity Building - Improved Daily Living
SA,0 to 8,Autism,,500,40000,65,25.0,,20.0,35,15000.0,,Medium Risk,Capacity Building - Improved Daily Living
SA,0 to 8,Autism,,1000,60000,30,8.0,,125.0,70,8000.0,,High Risk,Support Coordination / Plan Management Review
SA,0 to 8,Intellectual Disability,,200,25000,85,80.0,,2.5,15,20000.0,,Low Risk,Capacity Building - Social and Community Participation
SA,0 to 8,Intellectual Disability,,500,40000,65,25.0,,20.0,35,15000.0,,Medium Risk,Capacity Building - Social and Community Participation
SA,0 to 8,Intellectual Disability,,1000,60000,30,8.0,,125.0,70,8000.0,,High Risk,Support Coordination / Plan Management Review
SA,0 to 8,Psychosocial Disability,,200,25000,85,80.0,,2.5,15,20000.0,,Low Risk,Psychosocial Recovery and Community Participation
SA,0 to 8,Psychosocial Disability,,500,40000,65,25.0,,20.0,35,15000.0,,Medium Risk,Psychosocial Recovery and Community Participation
SA,0 to 8,Psychosocial Disability,,1000,60000,30,8.0,,125.0,70,8000.0,,High Risk,Support Coordination / Plan Management Review
SA,0 to 8,Physical Disability,,200,25000,85,80.0,,2.5,15,20000.0,,Low Risk,Assistive Technology / Transport Support
SA,0 to 8,Physical Disability,,500,40000,65,25.0,,20.0,35,15000.0,,Medium Risk,Assistive Technology / Transport Support
SA,0 to 8,Physical Disability,,1000,60000,30,8.0,,125.0,70,8000.0,,High Risk,Support Coordination / Plan Management Review
SA,0 to 8,Developmental Delay,,200,25000,85,80.0,,2.5,15,20000.0,,Low Risk,Capacity Building - Improved Daily Living
SA,0 to 8,Developmental Delay,,500,40000,65,25.0,,20.0,35,15000.0,,Medium Risk,Capacity Building - Improved Daily Living
SA,0 to 8,Developmental Delay,,1000,60000,30,8.0,,125.0,70,8000.0,,High Risk,Support Coordination / Plan Management Review
SA,0 to 8,Acquired Brain Injury,,200,25000,85,80.0,,2.5,15,20000.0,,Low Risk,Capacity Building and Daily Living Support Review
SA,0 to 8,Acquired Brain Injury,,500,40000,65,25.0,,20.0,35,15000.0,,Medium Risk,Capacity Building and Daily Living Support Review
SA,0 to 8,Acquired Brain Injury,,1000,60000,30,8.0,,125.0,70,8000.0,,High Risk,Support Coordination / Plan Management Review
SA,0 to 8,Hearing Impairment,,200,25000,85,80.0,,2.5,15,20000.0,,Low Risk,Assistive Technology and Communication Support
SA,0 to 8,Hearing Impairment,,500,40000,65,25.0,,20.0,35,15000.0,,Medium Risk,Assistive Technology and Communication Support
SA,0 to 8,Hearing Impairment,,1000,60000,30,8.0,,125.0,70,8000.0,,High Risk,Support Coordination / Plan Management Review
SA,0 to 8,Visual Impairment,,200,25000,85,80.0,,2.5,15,20000.0,,Low Risk,Assistive Technology and Orientation Support
SA,0 to 8,Visual Impairment,,500,40000,65,25.0,,20.0,35,15000.0,,Medium Risk,Assistive Technology and Orientation Support
SA,0 to 8,Visual Impairment,,1000,60000,30,8.0,,125.0,70,8000.0,,High Risk,Support Coordination / Plan Management Review
SA,0 to 8,Neurological Disability,,200,25000,85,80.0,,2.5,15,20000.0,,Low Risk,"Therapy, Assistive Technology, and Daily Living Support Review"
SA,0 to 8,Neurological Disability,,500,40000,65,25.0,,20.0,35,15000.0,,Medium Risk,"Therapy, Assistive Technology, and Daily Living Support Review"
SA,0 to 8,Neurological Disability,,1000,60000,30,8.0,,125.0,70,8000.0,,High Risk,Support Coordination / Plan Management Review
SA,0 to 8,Other / Unknown,,200,25000,85,80.0,,2.5,15,20000.0,,Low Risk,General Core Support Monitoring
SA,0 to 8,Other / Unknown,,500,40000,65,25.0,,20.0,35,15000.0,,Medium Risk,Plan Utilisation Support
SA,0 to 8,Other / Unknown,,1000,60000,30,8.0,,125.0,70,8000.0,,High Risk,Support Coordination / Plan Management Review
SA,9 to 14,Autism,,200,25000,85,80.0,,2.5,15,20000.0,,Low Risk,Capacity Building - Improved Daily Living
SA,9 to 14,Autism,,500,40000,65,25.0,,20.0,35,15000.0,,Medium Risk,Capacity Building - Improved Daily Living
SA,9 to 14,Autism,,1000,60000,30,8.0,,125.0,70,8000.0,,High Risk,Support Coordination / Plan Management Review
SA,9 to 14,Intellectual Disability,,200,25000,85,80.0,,2.5,15,20000.0,,Low Risk,Capacity Building - Social and Community Participation
SA,9 to 14,Intellectual Disability,,500,40000,65,25.0,,20.0,35,15000.0,,Medium Risk,Capacity Building - Social and Community Participation
SA,9 to 14,Intellectual Disability,,1000,60000,30,8.0,,125.0,70,8000.0,,High Risk,Support Coordination / Plan Management Review
SA,9 to 14,Psychosocial Disability,,200,25000,85,80.0,,2.5,15,20000.0,,Low Risk,Psychosocial Recovery and Community Participation
SA,9 to 14,Psychosocial Disability,,500,40000,65,25.0,,20.0,35,15000.0,,Medium Risk,Psychosocial Recovery and Community Participation
SA,9 to 14,Psychosocial Disability,,1000,60000,30,8.0,,125.0,70,8000.0,,High Risk,Support Coordination / Plan Management Review
SA,9 to 14,Physical Disability,,200,25000,85,80.0,,2.5,15,20000.0,,Low Risk,Assistive Technology / Transport Support
SA,9 to 14,Physical Disability,,500,40000,65,25.0,,20.0,35,15000.0,,Medium Risk,Assistive Technology / Transport Support
SA,9 to 14,Physical Disability,,1000,60000,30,8.0,,125.0,70,8000.0,,High Risk,Support Coordination / Plan Management Review
SA,9 to 14,Developmental Delay,,200,25000,85,80.0,,2.5,15,20000.0,,Low Risk,Capacity Building - Improved Daily Living
SA,9 to 14,Developmental Delay,,500,40000,65,25.0,,20.0,35,15000.0,,Medium Risk,Capacity Building - Improved Daily Living
SA,9 to 14,Developmental Delay,,1000,60000,30,8.0,,125.0,70,8000.0,,High Risk,Support Coordination / Plan Management Review
SA,9 to 14,Acquired Brain Injury,,200,25000,85,80.0,,2.5,15,20000.0,,Low Risk,Capacity Building and Daily Living Support Review
SA,9 to 14,Acquired Brain Injury,,500,40000,65,25.0,,20.0,35,15000.0,,Medium Risk,Capacity Building and Daily Living Support Review
SA,9 to 14,Acquired Brain Injury,,1000,60000,30,8.0,,125.0,70,8000.0,,High Risk,Support Coordination / Plan Management Review
SA,9 to 14,Hearing Impairment,,200,25000,85,80.0,,2.5,15,20000.0,,Low Risk,Assistive Technology and Communication Support
SA,9 to 14,Hearing Impairment,,500,40000,65,25.0,,20.0,35,15000.0,,Medium Risk,Assistive Technology and Communication Support
SA,9 to 14,Hearing Impairment,,1000,60000,30,8.0,,125.0,70,8000.0,,High Risk,Support Coordination / Plan Management Review
SA,9 to 14,Visual Impairment,,200,25000,85,80.0,,2.5,15,20000.0,,Low Risk,Assistive Technology and Orientation Support
SA,9 to 14,Visual Impairment,,500,40000,65,25.0,,20.0,35,15000.0,,Medium Risk,Assistive Technology and Orientation Support
SA,9 to 14,Visual Impairment,,1000,60000,30,8.0,,125.0,70,8000.0,,High Risk,Support Coordination / Plan Management Review
SA,9 to 14,Neurological Disability,,200,25000,85,80.0,,2.5,15,20000.0,,Low Risk,"Therapy, Assistive Technology, and Daily Living Support Review"
SA,9 to 14,Neurological Disability,,500,40000,65,25.0,,20.0,35,15000.0,,Medium Risk,"Therapy, Assistive Technology, and Daily Living Support Review"
SA,9 to 14,Neurological Disability,,1000,60000,30,8.0,,125.0,70,8000.0,,High Risk,Support Coordination / Plan Management Review
SA,9 to 14,Other / Unknown,,200,25000,85,80.0,,2.5,15,20000.0,,Low Risk,General Core Support Monitoring
SA,9 to 14,Other / Unknown,,500,40000,65,25.0,,20.0,35,15000.0,,Medium Risk,Plan Utilisation Support
SA,9 to 14,Other / Unknown,,1000,60000,30,8.0,,125.0,70,8000.0,,High Risk,Support Coordination / Plan Management Review
SA,15 to 24,Autism,,200,25000,85,80.0,,2.5,15,20000.0,,Low Risk,Capacity Building - Improved Daily Living
SA,15 to 24,Autism,,500,40000,65,25.0,,20.0,35,15000.0,,Medium Risk,Capacity Building - Improved Daily Living
SA,15 to 24,Autism,,1000,60000,30,8.0,,125.0,70,8000.0,,High Risk,Support Coordination / Plan Management Review
SA,15 to 24,Intellectual Disability,,200,25000,85,80.0,,2.5,15,20000.0,,Low Risk,Capacity Building - Social and Community Participation
SA,15 to 24,Intellectual Disability,,500,40000,65,25.0,,20.0,35,15000.0,,Medium Risk,Capacity Building - Social and Community Participation
SA,15 to 24,Intellectual Disability,,1000,60000,30,8.0,,125.0,70,8000.0,,High Risk,Support Coordination / Plan Management Review
SA,15 to 24,Psychosocial Disability,,200,25000,85,80.0,,2.5,15,20000.0,,Low Risk,Psychosocial Recovery and Community Participation
SA,15 to 24,Psychosocial Disability,,500,40000,65,25.0,,20.0,35,15000.0,,Medium Risk,Psychosocial Recovery and Community Participation
SA,15 to 24,Psychosocial Disability,,1000,60000,30,8.0,,125.0,70,8000.0,,High Risk,Support Coordination / Plan Management Review
SA,15 to 24,Physical Disability,,200,25000,85,80.0,,2.5,15,20000.0,,Low Risk,Assistive Technology / Transport Support
SA,15 to 24,Physical Disability,,500,40000,65,25.0,,20.0,35,15000.0,,Medium Risk,Assistive Technology / Transport Support
SA,15 to 24,Physical Disability,,1000,60000,30,8.0,,125.0,70,8000.0,,High Risk,Support Coordination / Plan Management Review
SA,15 to 24,Developmental Delay,,200,25000,85,80.0,,2.5,15,20000.0,,Low Risk,Capacity Building - Improved Daily Living
SA,15 to 24,Developmental Delay,,500,40000,65,25.0,,20.0,35,15000.0,,Medium Risk,Capacity Building - Improved Daily Living
SA,15 to 24,Developmental Delay,,1000,60000,30,8.0,,125.0,70,8000.0,,High Risk,Support Coordination / Plan Management Review
SA,15 to 24,Acquired Brain Injury,,200,25000,85,80.0,,2.5,15,20000.0,,Low Risk,Capacity Building and Daily Living Support Review
SA,15 to 24,Acquired Brain Injury,,500,40000,65,25.0,,20.0,35,15000.0,,Medium Risk,Capacity Building and Daily Living Support Review
SA,15 to 24,Acquired Brain Injury,,1000,60000,30,8.0,,125.0,70,8000.0,,High Risk,Support Coordination / Plan Management Review
SA,15 to 24,Hearing Impairment,,200,25000,85,80.0,,2.5,15,20000.0,,Low Risk,Assistive Technology and Communication Support
SA,15 to 24,Hearing Impairment,,500,40000,65,25.0,,20.0,35,15000.0,,Medium Risk,Assistive Technology and Communication Support
SA,15 to 24,Hearing Impairment,,1000,60000,30,8.0,,125.0,70,8000.0,,High Risk,Support Coordination / Plan Management Review
SA,15 to 24,Visual Impairment,,200,25000,85,80.0,,2.5,15,20000.0,,Low Risk,Assistive Technology and Orientation Support
SA,15 to 24,Visual Impairment,,500,40000,65,25.0,,20.0,35,15000.0,,Medium Risk,Assistive Technology and Orientation Support
SA,15 to 24,Visual Impairment,,1000,60000,30,8.0,,125.0,70,8000.0,,High Risk,Support Coordination / Plan Management Review
SA,15 to 24,Neurological Disability,,200,25000,85,80.0,,2.5,15,20000.0,,Low Risk,"Therapy, Assistive Technology, and Daily Living Support Review"
SA,15 to 24,Neurological Disability,,500,40000,65,25.0,,20.0,35,15000.0,,Medium Risk,"Therapy, Assistive Technology, and Daily Living Support Review"
SA,15 to 24,Neurological Disability,,1000,60000,30,8.0,,125.0,70,8000.0,,High Risk,Support Coordination / Plan Management Review
SA,15 to 24,Other / Unknown,,200,25000,85,80.0,,2.5,15,20000.0,,Low Risk,General Core Support Monitoring
SA,15 to 24,Other / Unknown,,500,40000,65,25.0,,20.0,35,15000.0,,Medium Risk,Plan Utilisation Support
SA,15 to 24,Other / Unknown,,1000,60000,30,8.0,,125.0,70,8000.0,,High Risk,Support Coordination / Plan Management Review
SA,25 to 34,Autism,,200,25000,85,80.0,,2.5,15,20000.0,,Low Risk,Capacity Building - Improved Daily Living
SA,25 to 34,Autism,,500,40000,65,25.0,,20.0,35,15000.0,,Medium Risk,Capacity Building - Improved Daily Living
SA,25 to 34,Autism,,1000,60000,30,8.0,,125.0,70,8000.0,,High Risk,Support Coordination / Plan Management Review
SA,25 to 34,Intellectual Disability,,200,25000,85,80.0,,2.5,15,20000.0,,Low Risk,Capacity Building - Social and Community Participation
SA,25 to 34,Intellectual Disability,,500,40000,65,25.0,,20.0,35,15000.0,,Medium Risk,Capacity Building - Social and Community Participation
SA,25 to 34,Intellectual Disability,,1000,60000,30,8.0,,125.0,70,8000.0,,High Risk,Support Coordination / Plan Management Review
SA,25 to 34,Psychosocial Disability,,200,25000,85,80.0,,2.5,15,20000.0,,Low Risk,Psychosocial Recovery and Community Participation
SA,25 to 34,Psychosocial Disability,,500,40000,65,25.0,,20.0,35,15000.0,,Medium Risk,Psychosocial Recovery and Community Participation
SA,25 to 34,Psychosocial Disability,,1000,60000,30,8.0,,125.0,70,8000.0,,High Risk,Support Coordination / Plan Management Review
SA,25 to 34,Physical Disability,,200,25000,85,80.0,,2.5,15,20000.0,,Low Risk,Assistive Technology / Transport Support
SA,25 to 34,Physical Disability,,500,40000,65,25.0,,20.0,35,15000.0,,Medium Risk,Assistive Technology / Transport Support
SA,25 to 34,Physical Disability,,1000,60000,30,8.0,,125.0,70,8000.0,,High Risk,Support Coordination / Plan Management Review
SA,25 to 34,Developmental Delay,,200,25000,85,80.0,,2.5,15,20000.0,,Low Risk,Capacity Building - Improved Daily Living
SA,25 to 34,Developmental Delay,,500,40000,65,25.0,,20.0,35,15000.0,,Medium Risk,Capacity Building - Improved Daily Living
SA,25 to 34,Developmental Delay,,1000,60000,30,8.0,,125.0,70,8000.0,,High Risk,Support Coordination / Plan Management Review
SA,25 to 34,Acquired Brain Injury,,200,25000,85,80.0,,2.5,15,20000.0,,Low Risk,Capacity Building and Daily Living Support Review
SA,25 to 34,Acquired Brain Injury,,500,40000,65,25.0,,20.0,35,15000.0,,Medium Risk,Capacity Building and Daily Living Support Review
SA,25 to 34,Acquired Brain Injury,,1000,60000,30,8.0,,125.0,70,8000.0,,High Risk,Support Coordination / Plan Management Review
SA,25 to 34,Hearing Impairment,,200,25000,85,80.0,,2.5,15,20000.0,,Low Risk,Assistive Technology and Communication Support
SA,25 to 34,Hearing Impairment,,500,40000,65,25.0,,20.0,35,15000.0,,Medium Risk,Assistive Technology and Communication Support
SA,25 to 34,Hearing Impairment,,1000,60000,30,8.0,,125.0,70,8000.0,,High Risk,Support Coordination / Plan Management Review
SA,25 to 34,Visual Impairment,,200,25000,85,80.0,,2.5,15,20000.0,,Low Risk,Assistive Technology and Orientation Support
SA,25 to 34,Visual Impairment,,500,40000,65,25.0,,20.0,35,15000.0,,Medium Risk,Assistive Technology and Orientation Support
SA,25 to 34,Visual Impairment,,1000,60000,30,8.0,,125.0,70,8000.0,,High Risk,Support Coordination / Plan Management Review
SA,25 to 34,Neurological Disability,,200,25000,85,80.0,,2.5,15,20000.0,,Low Risk,"Therapy, Assistive Technology, and Daily Living Support Review"
SA,25 to 34,Neurological Disability,,500,40000,65,25.0,,20.0,35,15000.0,,Medium Risk,"Therapy, Assistive Technology, and Daily Living Support Review"
SA,25 to 34,Neurological Disability,,1000,60000,30,8.0,,125.0,70,8000.0,,High Risk,Support Coordination / Plan Management Review
SA,25 to 34,Other / Unknown,,200,25000,85,80.0,,2.5,15,20000.0,,Low Risk,General Core Support Monitoring
SA,25 to 34,Other / Unknown,,500,40000,65,25.0,,20.0,35,15000.0,,Medium Risk,Plan Utilisation Support
SA,25 to 34,Other / Unknown,,1000,60000,30,8.0,,125.0,70,8000.0,,High Risk,Support Coordination / Plan Management Review
SA,35 to 44,Autism,,200,25000,85,80.0,,2.5,15,20000.0,,Low Risk,Capacity Building - Improved Daily Living
SA,35 to 44,Autism,,500,40000,65,25.0,,20.0,35,15000.0,,Medium Risk,Capacity Building - Improved Daily Living
SA,35 to 44,Autism,,1000,60000,30,8.0,,125.0,70,8000.0,,High Risk,Support Coordination / Plan Management Review
SA,35 to 44,Intellectual Disability,,200,25000,85,80.0,,2.5,15,20000.0,,Low Risk,Capacity Building - Social and Community Participation
SA,35 to 44,Intellectual Disability,,500,40000,65,25.0,,20.0,35,15000.0,,Medium Risk,Capacity Building - Social and Community Participation
SA,35 to 44,Intellectual Disability,,1000,60000,30,8.0,,125.0,70,8000.0,,High Risk,Support Coordination / Plan Management Review
SA,35 to 44,Psychosocial Disability,,200,25000,85,80.0,,2.5,15,20000.0,,Low Risk,Psychosocial Recovery and Community Participation
SA,35 to 44,Psychosocial Disability,,500,40000,65,25.0,,20.0,35,15000.0,,Medium Risk,Psychosocial Recovery and Community Participation
SA,35 to 44,Psychosocial Disability,,1000,60000,30,8.0,,125.0,70,8000.0,,High Risk,Support Coordination / Plan Management Review
SA,35 to 44,Physical Disability,,200,25000,85,80.0,,2.5,15,20000.0,,Low Risk,Assistive Technology / Transport Support
SA,35 to 44,Physical Disability,,500,40000,65,25.0,,20.0,35,15000.0,,Medium Risk,Assistive Technology / Transport Support
SA,35 to 44,Physical Disability,,1000,60000,30,8.0,,125.0,70,8000.0,,High Risk,Support Coordination / Plan Management Review
SA,35 to 44,Developmental Delay,,200,25000,85,80.0,,2.5,15,20000.0,,Low Risk,Capacity Building - Improved Daily Living
SA,35 to 44,Developmental Delay,,500,40000,65,25.0,,20.0,35,15000.0,,Medium Risk,Capacity Building - Improved Daily Living
SA,35 to 44,Developmental Delay,,1000,60000,30,8.0,,125.0,70,8000.0,,High Risk,Support Coordination / Plan Management Review
SA,35 to 44,Acquired Brain Injury,,200,25000,85,80.0,,2.5,15,20000.0,,Low Risk,Capacity Building and Daily Living Support Review
SA,35 to 44,Acquired Brain Injury,,500,40000,65,25.0,,20.0,35,15000.0,,Medium Risk,Capacity Building and Daily Living Support Review
SA,35 to 44,Acquired Brain Injury,,1000,60000,30,8.0,,125.0,70,8000.0,,High Risk,Support Coordination / Plan Management Review
SA,35 to 44,Hearing Impairment,,200,25000,85,80.0,,2.5,15,20000.0,,Low Risk,Assistive Technology and Communication Support
SA,35 to 44,Hearing Impairment,,500,40000,65,25.0,,20.0,35,15000.0,,Medium Risk,Assistive Technology and Communication Support
SA,35 to 44,Hearing Impairment,,1000,60000,30,8.0,,125.0,70,8000.0,,High Risk,Support Coordination / Plan Management Review
SA,35 to 44,Visual Impairment,,200,25000,85,80.0,,2.5,15,20000.0,,Low Risk,Assistive Technology and Orientation Support
SA,35 to 44,Visual Impairment,,500,40000,65,25.0,,20.0,35,15000.0,,Medium Risk,Assistive Technology and Orientation Support
SA,35 to 44,Visual Impairment,,1000,60000,30,8.0,,125.0,70,8000.0,,High Risk,Support Coordination / Plan Management Review
SA,35 to 44,Neurological Disability,,200,25000,85,80.0,,2.5,15,20000.0,,Low Risk,"Therapy, Assistive Technology, and Daily Living Support Review"
SA,35 to 44,Neurological Disability,,500,40000,65,25.0,,20.0,35,15000.0,,Medium Risk,"Therapy, Assistive Technology, and Daily Living Support Review"
SA,35 to 44,Neurological Disability,,1000,60000,30,8.0,,125.0,70,8000.0,,High Risk,Support Coordination / Plan Management Review
SA,35 to 44,Other / Unknown,,200,25000,85,80.0,,2.5,15,20000.0,,Low Risk,General Core Support Monitoring
SA,35 to 44,Other / Unknown,,500,40000,65,25.0,,20.0,35,15000.0,,Medium Risk,Plan Utilisation Support
SA,35 to 44,Other / Unknown,,1000,60000,30,8.0,,125.0,70,8000.0,,High Risk,Support Coordination / Plan Management Review
SA,45 to 54,Autism,,200,25000,85,80.0,,2.5,15,20000.0,,Low Risk,Capacity Building - Improved Daily Living
SA,45 to 54,Autism,,500,40000,65,25.0,,20.0,35,15000.0,,Medium Risk,Capacity Building - Improved Daily Living
SA,45 to 54,Autism,,1000,60000,30,8.0,,125.0,70,8000.0,,High Risk,Support Coordination / Plan Management Review
SA,45 to 54,Intellectual Disability,,200,25000,85,80.0,,2.5,15,20000.0,,Low Risk,Capacity Building - Social and Community Participation
SA,45 to 54,Intellectual Disability,,500,40000,65,25.0,,20.0,35,15000.0,,Medium Risk,Capacity Building - Social and Community Participation
SA,45 to 54,Intellectual Disability,,1000,60000,30,8.0,,125.0,70,8000.0,,High Risk,Support Coordination / Plan Management Review
SA,45 to 54,Psychosocial Disability,,200,25000,85,80.0,,2.5,15,20000.0,,Low Risk,Psychosocial Recovery and Community Participation
SA,45 to 54,Psychosocial Disability,,500,40000,65,25.0,,20.0,35,15000.0,,Medium Risk,Psychosocial Recovery and Community Participation
SA,45 to 54,Psychosocial Disability,,1000,60000,30,8.0,,125.0,70,8000.0,,High Risk,Support Coordination / Plan Management Review
SA,45 to 54,Physical Disability,,200,25000,85,80.0,,2.5,15,20000.0,,Low Risk,Assistive Technology / Transport Support
SA,45 to 54,Physical Disability,,500,40000,65,25.0,,20.0,35,15000.0,,Medium Risk,Assistive Technology / Transport Support
SA,45 to 54,Physical Disability,,1000,60000,30,8.0,,125.0,70,8000.0,,High Risk,Support Coordination / Plan Management Review
SA,45 to 54,Developmental Delay,,200,25000,85,80.0,,2.5,15,20000.0,,Low Risk,Capacity Building - Improved Daily Living
SA,45 to 54,Developmental Delay,,500,40000,65,25.0,,20.0,35,15000.0,,Medium Risk,Capacity Building - Improved Daily Living
SA,45 to 54,Developmental Delay,,1000,60000,30,8.0,,125.0,70,8000.0,,High Risk,Support Coordination / Plan Management Review
SA,45 to 54,Acquired Brain Injury,,200,25000,85,80.0,,2.5,15,20000.0,,Low Risk,Capacity Building and Daily Living Support Review
SA,45 to 54,Acquired Brain Injury,,500,40000,65,25.0,,20.0,35,15000.0,,Medium Risk,Capacity Building and Daily Living Support Review
SA,45 to 54,Acquired Brain Injury,,1000,60000,30,8.0,,125.0,70,8000.0,,High Risk,Support Coordination / Plan Management Review
SA,45 to 54,Hearing Impairment,,200,25000,85,80.0,,2.5,15,20000.0,,Low Risk,Assistive Technology and Communication Support
SA,45 to 54,Hearing Impairment,,500,40000,65,25.0,,20.0,35,15000.0,,Medium Risk,Assistive Technology and Communication Support
SA,45 to 54,Hearing Impairment,,1000,60000,30,8.0,,125.0,70,8000.0,,High Risk,Support Coordination / Plan Management Review
SA,45 to 54,Visual Impairment,,200,25000,85,80.0,,2.5,15,20000.0,,Low Risk,Assistive Technology and Orientation Support
SA,45 to 54,Visual Impairment,,500,40000,65,25.0,,20.0,35,15000.0,,Medium Risk,Assistive Technology and Orientation Support
SA,45 to 54,Visual Impairment,,1000,60000,30,8.0,,125.0,70,8000.0,,High Risk,Support Coordination / Plan Management Review
SA,45 to 54,Neurological Disability,,200,25000,85,80.0,,2.5,15,20000.0,,Low Risk,"Therapy, Assistive Technology, and Daily Living Support Review"
SA,45 to 54,Neurological Disability,,500,40000,65,25.0,,20.0,35,15000.0,,Medium Risk,"Therapy, Assistive Technology, and Daily Living Support Review"
SA,45 to 54,Neurological Disability,,1000,60000,30,8.0,,125.0,70,8000.0,,High Risk,Support Coordination / Plan Management Review
SA,45 to 54,Other / Unknown,,200,25000,85,80.0,,2.5,15,20000.0,,Low Risk,General Core Support Monitoring
SA,45 to 54,Other / Unknown,,500,40000,65,25.0,,20.0,35,15000.0,,Medium Risk,Plan Utilisation Support
SA,45 to 54,Other / Unknown,,1000,60000,30,8.0,,125.0,70,8000.0,,High Risk,Support Coordination / Plan Management Review
SA,55 to 64,Autism,,200,25000,85,80.0,,2.5,15,20000.0,,Low Risk,Capacity Building - Improved Daily Living
SA,55 to 64,Autism,,500,40000,65,25.0,,20.0,35,15000.0,,Medium Risk,Capacity Building - Improved Daily Living
SA,55 to 64,Autism,,1000,60000,30,8.0,,125.0,70,8000.0,,High Risk,Support Coordination / Plan Management Review
SA,55 to 64,Intellectual Disability,,200,25000,85,80.0,,2.5,15,20000.0,,Low Risk,Capacity Building - Social and Community Participation
SA,55 to 64,Intellectual Disability,,500,40000,65,25.0,,20.0,35,15000.0,,Medium Risk,Capacity Building - Social and Community Participation
SA,55 to 64,Intellectual Disability,,1000,60000,30,8.0,,125.0,70,8000.0,,High Risk,Support Coordination / Plan Management Review
SA,55 to 64,Psychosocial Disability,,200,25000,85,80.0,,2.5,15,20000.0,,Low Risk,Psychosocial Recovery and Community Participation
SA,55 to 64,Psychosocial Disability,,500,40000,65,25.0,,20.0,35,15000.0,,Medium Risk,Psychosocial Recovery and Community Participation
SA,55 to 64,Psychosocial Disability,,1000,60000,30,8.0,,125.0,70,8000.0,,High Risk,Support Coordination / Plan Management Review
SA,55 to 64,Physical Disability,,200,25000,85,80.0,,2.5,15,20000.0,,Low Risk,Assistive Technology / Transport Support
SA,55 to 64,Physical Disability,,500,40000,65,25.0,,20.0,35,15000.0,,Medium Risk,Assistive Technology / Transport Support
SA,55 to 64,Physical Disability,,1000,60000,30,8.0,,125.0,70,8000.0,,High Risk,Support Coordination / Plan Management Review
SA,55 to 64,Developmental Delay,,200,25000,85,80.0,,2.5,15,20000.0,,Low Risk,Capacity Building - Improved Daily Living
SA,55 to 64,Developmental Delay,,500,40000,65,25.0,,20.0,35,15000.0,,Medium Risk,Capacity Building - Improved Daily Living
SA,55 to 64,Developmental Delay,,1000,60000,30,8.0,,125.0,70,8000.0,,High Risk,Support Coordination / Plan Management Review
SA,55 to 64,Acquired Brain Injury,,200,25000,85,80.0,,2.5,15,20000.0,,Low Risk,Capacity Building and Daily Living Support Review
SA,55 to 64,Acquired Brain Injury,,500,40000,65,25.0,,20.0,35,15000.0,,Medium Risk,Capacity Building and Daily Living Support Review
SA,55 to 64,Acquired Brain Injury,,1000,60000,30,8.0,,125.0,70,8000.0,,High Risk,Support Coordination / Plan Management Review
SA,55 to 64,Hearing Impairment,,200,25000,85,80.0,,2.5,15,20000.0,,Low Risk,Assistive Technology and Communication Support
SA,55 to 64,Hearing Impairment,,500,40000,65,25.0,,20.0,35,15000.0,,Medium Risk,Assistive Technology and Communication Support
SA,55 to 64,Hearing Impairment,,1000,60000,30,8.0,,125.0,70,8000.0,,High Risk,Support Coordination / Plan Management Review
SA,55 to 64,Visual Impairment,,200,25000,85,80.0,,2.5,15,20000.0,,Low Risk,Assistive Technology and Orientation Support
SA,55 to 64,Visual Impairment,,500,40000,65,25.0,,20.0,35,15000.0,,Medium Risk,Assistive Technology and Orientation Support
SA,55 to 64,Visual Impairment,,1000,60000,30,8.0,,125.0,70,8000.0,,High Risk,Support Coordination / Plan Management Review
SA,55 to 64,Neurological Disability,,200,25000,85,80.0,,2.5,15,20000.0,,Low Risk,"Therapy, Assistive Technology, and Daily Living Support Review"
SA,55 to 64,Neurological Disability,,500,40000,65,25.0,,20.0,35,15000.0,,Medium Risk,"Therapy, Assistive Technology, and Daily Living Support Review"
SA,55 to 64,Neurological Disability,,1000,60000,30,8.0,,125.0,70,8000.0,,High Risk,Support Coordination / Plan Management Review
SA,55 to 64,Other / Unknown,,200,25000,85,80.0,,2.5,15,20000.0,,Low Risk,General Core Support Monitoring
SA,55 to 64,Other / Unknown,,500,40000,65,25.0,,20.0,35,15000.0,,Medium Risk,Plan Utilisation Support
SA,55 to 64,Other / Unknown,,1000,60000,30,8.0,,125.0,70,8000.0,,High Risk,Support Coordination / Plan Management Review
WA,0 to 8,Autism,,200,25000,85,80.0,,2.5,15,20000.0,,Low Risk,Capacity Building - Improved Daily Living
WA,0 to 8,Autism,,500,40000,65,25.0,,20.0,35,15000.0,,Medium Risk,Capacity Building - Improved Daily Living
WA,0 to 8,Autism,,1000,60000,30,8.0,,125.0,70,8000.0,,High Risk,Support Coordination / Plan Management Review
WA,0 to 8,Intellectual Disability,,200,25000,85,80.0,,2.5,15,20000.0,,Low Risk,Capacity Building - Social and Community Participation
WA,0 to 8,Intellectual Disability,,500,40000,65,25.0,,20.0,35,15000.0,,Medium Risk,Capacity Building - Social and Community Participation
WA,0 to 8,Intellectual Disability,,1000,60000,30,8.0,,125.0,70,8000.0,,High Risk,Support Coordination / Plan Management Review
WA,0 to 8,Psychosocial Disability,,200,25000,85,80.0,,2.5,15,20000.0,,Low Risk,Psychosocial Recovery and Community Participation
WA,0 to 8,Psychosocial Disability,,500,40000,65,25.0,,20.0,35,15000.0,,Medium Risk,Psychosocial Recovery and Community Participation
WA,0 to 8,Psychosocial Disability,,1000,60000,30,8.0,,125.0,70,8000.0,,High Risk,Support Coordination / Plan Management Review
WA,0 to 8,Physical Disability,,200,25000,85,80.0,,2.5,15,20000.0,,Low Risk,Assistive Technology / Transport Support
WA,0 to 8,Physical Disability,,500,40000,65,25.0,,20.0,35,15000.0,,Medium Risk,Assistive Technology / Transport Support
WA,0 to 8,Physical Disability,,1000,60000,30,8.0,,125.0,70,8000.0,,High Risk,Support Coordination / Plan Management Review
WA,0 to 8,Developmental Delay,,200,25000,85,80.0,,2.5,15,20000.0,,Low Risk,Capacity Building - Improved Daily Living
WA,0 to 8,Developmental Delay,,500,40000,65,25.0,,20.0,35,15000.0,,Medium Risk,Capacity Building - Improved Daily Living
WA,0 to 8,Developmental Delay,,1000,60000,30,8.0,,125.0,70,8000.0,,High Risk,Support Coordination / Plan Management Review
WA,0 to 8,Acquired Brain Injury,,200,25000,85,80.0,,2.5,15,20000.0,,Low Risk,Capacity Building and Daily Living Support Review
WA,0 to 8,Acquired Brain Injury,,500,40000,65,25.0,,20.0,35,15000.0,,Medium Risk,Capacity Building and Daily Living Support Review
WA,0 to 8,Acquired Brain Injury,,1000,60000,30,8.0,,125.0,70,8000.0,,High Risk,Support Coordination / Plan Management Review
WA,0 to 8,Hearing Impairment,,200,25000,85,80.0,,2.5,15,20000.0,,Low Risk,Assistive Technology and Communication Support
WA,0 to 8,Hearing Impairment,,500,40000,65,25.0,,20.0,35,15000.0,,Medium Risk,Assistive Technology and Communication Support
WA,0 to 8,Hearing Impairment,,1000,60000,30,8.0,,125.0,70,8000.0,,High Risk,Support Coordination / Plan Management Review
WA,0 to 8,Visual Impairment,,200,25000,85,80.0,,2.5,15,20000.0,,Low Risk,Assistive Technology and Orientation Support
WA,0 to 8,Visual Impairment,,500,40000,65,25.0,,20.0,35,15000.0,,Medium Risk,Assistive Technology and Orientation Support
WA,0 to 8,Visual Impairment,,1000,60000,30,8.0,,125.0,70,8000.0,,High Risk,Support Coordination / Plan Management Review
WA,0 to 8,Neurological Disability,,200,25000,85,80.0,,2.5,15,20000.0,,Low Risk,"Therapy, Assistive Technology, and Daily Living Support Review"
WA,0 to 8,Neurological Disability,,500,40000,65,25.0,,20.0,35,15000.0,,Medium Risk,"Therapy, Assistive Technology, and Daily Living Support Review"
WA,0 to 8,Neurological Disability,,1000,60000,30,8.0,,125.0,70,8000.0,,High Risk,Support Coordination / Plan Management Review
WA,0 to 8,Other / Unknown,,200,25000,85,80.0,,2.5,15,20000.0,,Low Risk,General Core Support Monitoring
WA,0 to 8,Other / Unknown,,500,40000,65,25.0,,20.0,35,15000.0,,Medium Risk,Plan Utilisation Support
WA,0 to 8,Other / Unknown,,1000,60000,30,8.0,,125.0,70,8000.0,,High Risk,Support Coordination / Plan Management Review
WA,9 to 14,Autism,,200,25000,85,80.0,,2.5,15,20000.0,,Low Risk,Capacity Building - Improved Daily Living
WA,9 to 14,Autism,,500,40000,65,25.0,,20.0,35,15000.0,,Medium Risk,Capacity Building - Improved Daily Living
WA,9 to 14,Autism,,1000,60000,30,8.0,,125.0,70,8000.0,,High Risk,Support Coordination / Plan Management Review
WA,9 to 14,Intellectual Disability,,200,25000,85,80.0,,2.5,15,20000.0,,Low Risk,Capacity Building - Social and Community Participation
WA,9 to 14,Intellectual Disability,,500,40000,65,25.0,,20.0,35,15000.0,,Medium Risk,Capacity Building - Social and Community Participation
WA,9 to 14,Intellectual Disability,,1000,60000,30,8.0,,125.0,70,8000.0,,High Risk,Support Coordination / Plan Management Review
WA,9 to 14,Psychosocial Disability,,200,25000,85,80.0,,2.5,15,20000.0,,Low Risk,Psychosocial Recovery and Community Participation
WA,9 to 14,Psychosocial Disability,,500,40000,65,25.0,,20.0,35,15000.0,,Medium Risk,Psychosocial Recovery and Community Participation
WA,9 to 14,Psychosocial Disability,,1000,60000,30,8.0,,125.0,70,8000.0,,High Risk,Support Coordination / Plan Management Review
WA,9 to 14,Physical Disability,,200,25000,85,80.0,,2.5,15,20000.0,,Low Risk,Assistive Technology / Transport Support
WA,9 to 14,Physical Disability,,500,40000,65,25.0,,20.0,35,15000.0,,Medium Risk,Assistive Technology / Transport Support
WA,9 to 14,Physical Disability,,1000,60000,30,8.0,,125.0,70,8000.0,,High Risk,Support Coordination / Plan Management Review
WA,9 to 14,Developmental Delay,,200,25000,85,80.0,,2.5,15,20000.0,,Low Risk,Capacity Building - Improved Daily Living
WA,9 to 14,Developmental Delay,,500,40000,65,25.0,,20.0,35,15000.0,,Medium Risk,Capacity Building - Improved Daily Living
WA,9 to 14,Developmental Delay,,1000,60000,30,8.0,,125.0,70,8000.0,,High Risk,Support Coordination / Plan Management Review
WA,9 to 14,Acquired Brain Injury,,200,25000,85,80.0,,2.5,15,20000.0,,Low Risk,Capacity Building and Daily Living Support Review
WA,9 to 14,Acquired Brain Injury,,500,40000,65,25.0,,20.0,35,15000.0,,Medium Risk,Capacity Building and Daily Living Support Review
WA,9 to 14,Acquired Brain Injury,,1000,60000,30,8.0,,125.0,70,8000.0,,High Risk,Support Coordination / Plan Management Review
WA,9 to 14,Hearing Impairment,,200,25000,85,80.0,,2.5,15,20000.0,,Low Risk,Assistive Technology and Communication Support
WA,9 to 14,Hearing Impairment,,500,40000,65,25.0,,20.0,35,15000.0,,Medium Risk,Assistive Technology and Communication Support
WA,9 to 14,Hearing Impairment,,1000,60000,30,8.0,,125.0,70,8000.0,,High Risk,Support Coordination / Plan Management Review
WA,9 to 14,Visual Impairment,,200,25000,85,80.0,,2.5,15,20000.0,,Low Risk,Assistive Technology and Orientation Support
WA,9 to 14,Visual Impairment,,500,40000,65,25.0,,20.0,35,15000.0,,Medium Risk,Assistive Technology and Orientation Support
WA,9 to 14,Visual Impairment,,1000,60000,30,8.0,,125.0,70,8000.0,,High Risk,Support Coordination / Plan Management Review
WA,9 to 14,Neurological Disability,,200,25000,85,80.0,,2.5,15,20000.0,,Low Risk,"Therapy, Assistive Technology, and Daily Living Support Review"
WA,9 to 14,Neurological Disability,,500,40000,65,25.0,,20.0,35,15000.0,,Medium Risk,"Therapy, Assistive Technology, and Daily Living Support Review"
WA,9 to 14,Neurological Disability,,1000,60000,30,8.0,,125.0,70,8000.0,,High Risk,Support Coordination / Plan Management Review
WA,9 to 14,Other / Unknown,,200,25000,85,80.0,,2.5,15,20000.0,,Low Risk,General Core Support Monitoring
WA,9 to 14,Other / Unknown,,500,40000,65,25.0,,20.0,35,15000.0,,Medium Risk,Plan Utilisation Support
WA,9 to 14,Other / Unknown,,1000,60000,30,8.0,,125.0,70,8000.0,,High Risk,Support Coordination / Plan Management Review
WA,15 to 24,Autism,,200,25000,85,80.0,,2.5,15,20000.0,,Low Risk,Capacity Building - Improved Daily Living
WA,15 to 24,Autism,,500,40000,65,25.0,,20.0,35,15000.0,,Medium Risk,Capacity Building - Improved Daily Living
WA,15 to 24,Autism,,1000,60000,30,8.0,,125.0,70,8000.0,,High Risk,Support Coordination / Plan Management Review
WA,15 to 24,Intellectual Disability,,200,25000,85,80.0,,2.5,15,20000.0,,Low Risk,Capacity Building - Social and Community Participation
WA,15 to 24,Intellectual Disability,,500,40000,65,25.0,,20.0,35,15000.0,,Medium Risk,Capacity Building - Social and Community Participation
WA,15 to 24,Intellectual Disability,,1000,60000,30,8.0,,125.0,70,8000.0,,High Risk,Support Coordination / Plan Management Review
WA,15 to 24,Psychosocial Disability,,200,25000,85,80.0,,2.5,15,20000.0,,Low Risk,Psychosocial Recovery and Community Participation
WA,15 to 24,Psychosocial Disability,,500,40000,65,25.0,,20.0,35,15000.0,,Medium Risk,Psychosocial Recovery and Community Participation
WA,15 to 24,Psychosocial Disability,,1000,60000,30,8.0,,125.0,70,8000.0,,High Risk,Support Coordination / Plan Management Review
WA,15 to 24,Physical Disability,,200,25000,85,80.0,,2.5,15,20000.0,,Low Risk,Assistive Technology / Transport Support
WA,15 to 24,Physical Disability,,500,40000,65,25.0,,20.0,35,15000.0,,Medium Risk,Assistive Technology / Transport Support
WA,15 to 24,Physical Disability,,1000,60000,30,8.0,,125.0,70,8000.0,,High Risk,Support Coordination / Plan Management Review
WA,15 to 24,Developmental Delay,,200,25000,85,80.0,,2.5,15,20000.0,,Low Risk,Capacity Building - Improved Daily Living
WA,15 to 24,Developmental Delay,,500,40000,65,25.0,,20.0,35,15000.0,,Medium Risk,Capacity Building - Improved Daily Living
WA,15 to 24,Developmental Delay,,1000,60000,30,8.0,,125.0,70,8000.0,,High Risk,Support Coordination / Plan Management Review
WA,15 to 24,Acquired Brain Injury,,200,25000,85,80.0,,2.5,15,20000.0,,Low Risk,Capacity Building and Daily Living Support Review
WA,15 to 24,Acquired Brain Injury,,500,40000,65,25.0,,20.0,35,15000.0,,Medium Risk,Capacity Building and Daily Living Support Review
WA,15 to 24,Acquired Brain Injury,,1000,60000,30,8.0,,125.0,70,8000.0,,High Risk,Support Coordination / Plan Management Review
WA,15 to 24,Hearing Impairment,,200,25000,85,80.0,,2.5,15,20000.0,,Low Risk,Assistive Technology and Communication Support
WA,15 to 24,Hearing Impairment,,500,40000,65,25.0,,20.0,35,15000.0,,Medium Risk,Assistive Technology and Communication Support
WA,15 to 24,Hearing Impairment,,1000,60000,30,8.0,,125.0,70,8000.0,,High Risk,Support Coordination / Plan Management Review
WA,15 to 24,Visual Impairment,,200,25000,85,80.0,,2.5,15,20000.0,,Low Risk,Assistive Technology and Orientation Support
WA,15 to 24,Visual Impairment,,500,40000,65,25.0,,20.0,35,15000.0,,Medium Risk,Assistive Technology and Orientation Support
WA,15 to 24,Visual Impairment,,1000,60000,30,8.0,,125.0,70,8000.0,,High Risk,Support Coordination / Plan Management Review
WA,15 to 24,Neurological Disability,,200,25000,85,80.0,,2.5,15,20000.0,,Low Risk,"Therapy, Assistive Technology, and Daily Living Support Review"
WA,15 to 24,Neurological Disability,,500,40000,65,25.0,,20.0,35,15000.0,,Medium Risk,"Therapy, Assistive Technology, and Daily Living Support Review"
WA,15 to 24,Neurological Disability,,1000,60000,30,8.0,,125.0,70,8000.0,,High Risk,Support Coordination / Plan Management Review
WA,15 to 24,Other / Unknown,,200,25000,85,80.0,,2.5,15,20000.0,,Low Risk,General Core Support Monitoring
WA,15 to 24,Other / Unknown,,500,40000,65,25.0,,20.0,35,15000.0,,Medium Risk,Plan Utilisation Support
WA,15 to 24,Other / Unknown,,1000,60000,30,8.0,,125.0,70,8000.0,,High Risk,Support Coordination / Plan Management Review
WA,25 to 34,Autism,,200,25000,85,80.0,,2.5,15,20000.0,,Low Risk,Capacity Building - Improved Daily Living
WA,25 to 34,Autism,,500,40000,65,25.0,,20.0,35,15000.0,,Medium Risk,Capacity Building - Improved Daily Living
WA,25 to 34,Autism,,1000,60000,30,8.0,,125.0,70,8000.0,,High Risk,Support Coordination / Plan Management Review
WA,25 to 34,Intellectual Disability,,200,25000,85,80.0,,2.5,15,20000.0,,Low Risk,Capacity Building - Social and Community Participation
WA,25 to 34,Intellectual Disability,,500,40000,65,25.0,,20.0,35,15000.0,,Medium Risk,Capacity Building - Social and Community Participation
WA,25 to 34,Intellectual Disability,,1000,60000,30,8.0,,125.0,70,8000.0,,High Risk,Support Coordination / Plan Management Review
WA,25 to 34,Psychosocial Disability,,200,25000,85,80.0,,2.5,15,20000.0,,Low Risk,Psychosocial Recovery and Community Participation
WA,25 to 34,Psychosocial Disability,,500,40000,65,25.0,,20.0,35,15000.0,,Medium Risk,Psychosocial Recovery and Community Participation
WA,25 to 34,Psychosocial Disability,,1000,60000,30,8.0,,125.0,70,8000.0,,High Risk,Support Coordination / Plan Management Review
WA,25 to 34,Physical Disability,,200,25000,85,80.0,,2.5,15,20000.0,,Low Risk,Assistive Technology / Transport Support
WA,25 to 34,Physical Disability,,500,40000,65,25.0,,20.0,35,15000.0,,Medium Risk,Assistive Technology / Transport Support
WA,25 to 34,Physical Disability,,1000,60000,30,8.0,,125.0,70,8000.0,,High Risk,Support Coordination / Plan Management Review
WA,25 to 34,Developmental Delay,,200,25000,85,80.0,,2.5,15,20000.0,,Low Risk,Capacity Building - Improved Daily Living
WA,25 to 34,Developmental Delay,,500,40000,65,25.0,,20.0,35,15000.0,,Medium Risk,Capacity Building - Improved Daily Living
WA,25 to 34,Developmental Delay,,1000,60000,30,8.0,,125.0,70,8000.0,,High Risk,Support Coordination / Plan Management Review
WA,25 to 34,Acquired Brain Injury,,200,25000,85,80.0,,2.5,15,20000.0,,Low Risk,Capacity Building and Daily Living Support Review
WA,25 to 34,Acquired Brain Injury,,500,40000,65,25.0,,20.0,35,15000.0,,Medium Risk,Capacity Building and Daily Living Support Review
WA,25 to 34,Acquired Brain Injury,,1000,60000,30,8.0,,125.0,70,8000.0,,High Risk,Support Coordination / Plan Management Review
WA,25 to 34,Hearing Impairment,,200,25000,85,80.0,,2.5,15,20000.0,,Low Risk,Assistive Technology and Communication Support
WA,25 to 34,Hearing Impairment,,500,40000,65,25.0,,20.0,35,15000.0,,Medium Risk,Assistive Technology and Communication Support
WA,25 to 34,Hearing Impairment,,1000,60000,30,8.0,,125.0,70,8000.0,,High Risk,Support Coordination / Plan Management Review
WA,25 to 34,Visual Impairment,,200,25000,85,80.0,,2.5,15,20000.0,,Low Risk,Assistive Technology and Orientation Support
WA,25 to 34,Visual Impairment,,500,40000,65,25.0,,20.0,35,15000.0,,Medium Risk,Assistive Technology and Orientation Support
WA,25 to 34,Visual Impairment,,1000,60000,30,8.0,,125.0,70,8000.0,,High Risk,Support Coordination / Plan Management Review
WA,25 to 34,Neurological Disability,,200,25000,85,80.0,,2.5,15,20000.0,,Low Risk,"Therapy, Assistive Technology, and Daily Living Support Review"
WA,25 to 34,Neurological Disability,,500,40000,65,25.0,,20.0,35,15000.0,,Medium Risk,"Therapy, Assistive Technology, and Daily Living Support Review"
WA,25 to 34,Neurological Disability,,1000,60000,30,8.0,,125.0,70,8000.0,,High Risk,Support Coordination / Plan Management Review
WA,25 to 34,Other / Unknown,,200,25000,85,80.0,,2.5,15,20000.0,,Low Risk,General Core Support Monitoring
WA,25 to 34,Other / Unknown,,500,40000,65,25.0,,20.0,35,15000.0,,Medium Risk,Plan Utilisation Support
WA,25 to 34,Other / Unknown,,1000,60000,30,8.0,,125.0,70,8000.0,,High Risk,Support Coordination / Plan Management Review
WA,35 to 44,Autism,,200,25000,85,80.0,,2.5,15,20000.0,,Low Risk,Capacity Building - Improved Daily Living
WA,35 to 44,Autism,,500,40000,65,25.0,,20.0,35,15000.0,,Medium Risk,Capacity Building - Improved Daily Living
WA,35 to 44,Autism,,1000,60000,30,8.0,,125.0,70,8000.0,,High Risk,Support Coordination / Plan Management Review
WA,35 to 44,Intellectual Disability,,200,25000,85,80.0,,2.5,15,20000.0,,Low Risk,Capacity Building - Social and Community Participation
WA,35 to 44,Intellectual Disability,,500,40000,65,25.0,,20.0,35,15000.0,,Medium Risk,Capacity Building - Social and Community Participation
WA,35 to 44,Intellectual Disability,,1000,60000,30,8.0,,125.0,70,8000.0,,High Risk,Support Coordination / Plan Management Review
WA,35 to 44,Psychosocial Disability,,200,25000,85,80.0,,2.5,15,20000.0,,Low Risk,Psychosocial Recovery and Community Participation
WA,35 to 44,Psychosocial Disability,,500,40000,65,25.0,,20.0,35,15000.0,,Medium Risk,Psychosocial Recovery and Community Participation
WA,35 to 44,Psychosocial Disability,,1000,60000,30,8.0,,125.0,70,8000.0,,High Risk,Support Coordination / Plan Management Review
WA,35 to 44,Physical Disability,,200,25000,85,80.0,,2.5,15,20000.0,,Low Risk,Assistive Technology / Transport Support
WA,35 to 44,Physical Disability,,500,40000,65,25.0,,20.0,35,15000.0,,Medium Risk,Assistive Technology / Transport Support
WA,35 to 44,Physical Disability,,1000,60000,30,8.0,,125.0,70,8000.0,,High Risk,Support Coordination / Plan Management Review
WA,35 to 44,Developmental Delay,,200,25000,85,80.0,,2.5,15,20000.0,,Low Risk,Capacity Building - Improved Daily Living
WA,35 to 44,Developmental Delay,,500,40000,65,25.0,,20.0,35,15000.0,,Medium Risk,Capacity Building - Improved Daily Living
WA,35 to 44,Developmental Delay,,1000,60000,30,8.0,,125.0,70,8000.0,,High Risk,Support Coordination / Plan Management Review
WA,35 to 44,Acquired Brain Injury,,200,25000,85,80.0,,2.5,15,20000.0,,Low Risk,Capacity Building and Daily Living Support Review
WA,35 to 44,Acquired Brain Injury,,500,40000,65,25.0,,20.0,35,15000.0,,Medium Risk,Capacity Building and Daily Living Support Review
WA,35 to 44,Acquired Brain Injury,,1000,60000,30,8.0,,125.0,70,8000.0,,High Risk,Support Coordination / Plan Management Review
WA,35 to 44,Hearing Impairment,,200,25000,85,80.0,,2.5,15,20000.0,,Low Risk,Assistive Technology and Communication Support
WA,35 to 44,Hearing Impairment,,500,40000,65,25.0,,20.0,35,15000.0,,Medium Risk,Assistive Technology and Communication Support
WA,35 to 44,Hearing Impairment,,1000,60000,30,8.0,,125.0,70,8000.0,,High Risk,Support Coordination / Plan Management Review
WA,35 to 44,Visual Impairment,,200,25000,85,80.0,,2.5,15,20000.0,,Low Risk,Assistive Technology and Orientation Support
WA,35 to 44,Visual Impairment,,500,40000,65,25.0,,20.0,35,15000.0,,Medium Risk,Assistive Technology and Orientation Support
WA,35 to 44,Visual Impairment,,1000,60000,30,8.0,,125.0,70,8000.0,,High Risk,Support Coordination / Plan Management Review
WA,35 to 44,Neurological Disability,,200,25000,85,80.0,,2.5,15,20000.0,,Low Risk,"Therapy, Assistive Technology, and Daily Living Support Review"
WA,35 to 44,Neurological Disability,,500,40000,65,25.0,,20.0,35,15000.0,,Medium Risk,"Therapy, Assistive Technology, and Daily Living Support Review"
WA,35 to 44,Neurological Disability,,1000,60000,30,8.0,,125.0,70,8000.0,,High Risk,Support Coordination / Plan Management Review
WA,35 to 44,Other / Unknown,,200,25000,85,80.0,,2.5,15,20000.0,,Low Risk,General Core Support Monitoring
WA,35 to 44,Other / Unknown,,500,40000,65,25.0,,20.0,35,15000.0,,Medium Risk,Plan Utilisation Support
WA,35 to 44,Other / Unknown,,1000,60000,30,8.0,,125.0,70,8000.0,,High Risk,Support Coordination / Plan Management Review
WA,45 to 54,Autism,,200,25000,85,80.0,,2.5,15,20000.0,,Low Risk,Capacity Building - Improved Daily Living
WA,45 to 54,Autism,,500,40000,65,25.0,,20.0,35,15000.0,,Medium Risk,Capacity Building - Improved Daily Living
WA,45 to 54,Autism,,1000,60000,30,8.0,,125.0,70,8000.0,,High Risk,Support Coordination / Plan Management Review
WA,45 to 54,Intellectual Disability,,200,25000,85,80.0,,2.5,15,20000.0,,Low Risk,Capacity Building - Social and Community Participation
WA,45 to 54,Intellectual Disability,,500,40000,65,25.0,,20.0,35,15000.0,,Medium Risk,Capacity Building - Social and Community Participation
WA,45 to 54,Intellectual Disability,,1000,60000,30,8.0,,125.0,70,8000.0,,High Risk,Support Coordination / Plan Management Review
WA,45 to 54,Psychosocial Disability,,200,25000,85,80.0,,2.5,15,20000.0,,Low Risk,Psychosocial Recovery and Community Participation
WA,45 to 54,Psychosocial Disability,,500,40000,65,25.0,,20.0,35,15000.0,,Medium Risk,Psychosocial Recovery and Community Participation
WA,45 to 54,Psychosocial Disability,,1000,60000,30,8.0,,125.0,70,8000.0,,High Risk,Support Coordination / Plan Management Review
WA,45 to 54,Physical Disability,,200,25000,85,80.0,,2.5,15,20000.0,,Low Risk,Assistive Technology / Transport Support
WA,45 to 54,Physical Disability,,500,40000,65,25.0,,20.0,35,15000.0,,Medium Risk,Assistive Technology / Transport Support
WA,45 to 54,Physical Disability,,1000,60000,30,8.0,,125.0,70,8000.0,,High Risk,Support Coordination / Plan Management Review
WA,45 to 54,Developmental Delay,,200,25000,85,80.0,,2.5,15,20000.0,,Low Risk,Capacity Building - Improved Daily Living
WA,45 to 54,Developmental Delay,,500,40000,65,25.0,,20.0,35,15000.0,,Medium Risk,Capacity Building - Improved Daily Living
WA,45 to 54,Developmental Delay,,1000,60000,30,8.0,,125.0,70,8000.0,,High Risk,Support Coordination / Plan Management Review
WA,45 to 54,Acquired Brain Injury,,200,25000,85,80.0,,2.5,15,20000.0,,Low Risk,Capacity Building and Daily Living Support Review
WA,45 to 54,Acquired Brain Injury,,500,40000,65,25.0,,20.0,35,15000.0,,Medium Risk,Capacity Building and Daily Living Support Review
WA,45 to 54,Acquired Brain Injury,,1000,60000,30,8.0,,125.0,70,8000.0,,High Risk,Support Coordination / Plan Management Review
WA,45 to 54,Hearing Impairment,,200,25000,85,80.0,,2.5,15,20000.0,,Low Risk,Assistive Technology and Communication Support
WA,45 to 54,Hearing Impairment,,500,40000,65,25.0,,20.0,35,15000.0,,Medium Risk,Assistive Technology and Communication Support
WA,45 to 54,Hearing Impairment,,1000,60000,30,8.0,,125.0,70,8000.0,,High Risk,Support Coordination / Plan Management Review
WA,45 to 54,Visual Impairment,,200,25000,85,80.0,,2.5,15,20000.0,,Low Risk,Assistive Technology and Orientation Support
WA,45 to 54,Visual Impairment,,500,40000,65,25.0,,20.0,35,15000.0,,Medium Risk,Assistive Technology and Orientation Support
WA,45 to 54,Visual Impairment,,1000,60000,30,8.0,,125.0,70,8000.0,,High Risk,Support Coordination / Plan Management Review
WA,45 to 54,Neurological Disability,,200,25000,85,80.0,,2.5,15,20000.0,,Low Risk,"Therapy, Assistive Technology, and Daily Living Support Review"
WA,45 to 54,Neurological Disability,,500,40000,65,25.0,,20.0,35,15000.0,,Medium Risk,"Therapy, Assistive Technology, and Daily Living Support Review"
WA,45 to 54,Neurological Disability,,1000,60000,30,8.0,,125.0,70,8000.0,,High Risk,Support Coordination / Plan Management Review
WA,45 to 54,Other / Unknown,,200,25000,85,80.0,,2.5,15,20000.0,,Low Risk,General Core Support Monitoring
WA,45 to 54,Other / Unknown,,500,40000,65,25.0,,20.0,35,15000.0,,Medium Risk,Plan Utilisation Support
WA,45 to 54,Other / Unknown,,1000,60000,30,8.0,,125.0,70,8000.0,,High Risk,Support Coordination / Plan Management Review
WA,55 to 64,Autism,,200,25000,85,80.0,,2.5,15,20000.0,,Low Risk,Capacity Building - Improved Daily Living
WA,55 to 64,Autism,,500,40000,65,25.0,,20.0,35,15000.0,,Medium Risk,Capacity Building - Improved Daily Living
WA,55 to 64,Autism,,1000,60000,30,8.0,,125.0,70,8000.0,,High Risk,Support Coordination / Plan Management Review
WA,55 to 64,Intellectual Disability,,200,25000,85,80.0,,2.5,15,20000.0,,Low Risk,Capacity Building - Social and Community Participation
WA,55 to 64,Intellectual Disability,,500,40000,65,25.0,,20.0,35,15000.0,,Medium Risk,Capacity Building - Social and Community Participation
WA,55 to 64,Intellectual Disability,,1000,60000,30,8.0,,125.0,70,8000.0,,High Risk,Support Coordination / Plan Management Review
WA,55 to 64,Psychosocial Disability,,200,25000,85,80.0,,2.5,15,20000.0,,Low Risk,Psychosocial Recovery and Community Participation
WA,55 to 64,Psychosocial Disability,,500,40000,65,25.0,,20.0,35,15000.0,,Medium Risk,Psychosocial Recovery and Community Participation
WA,55 to 64,Psychosocial Disability,,1000,60000,30,8.0,,125.0,70,8000.0,,High Risk,Support Coordination / Plan Management Review
WA,55 to 64,Physical Disability,,200,25000,85,80.0,,2.5,15,20000.0,,Low Risk,Assistive Technology / Transport Support
WA,55 to 64,Physical Disability,,500,40000,65,25.0,,20.0,35,15000.0,,Medium Risk,Assistive Technology / Transport Support
WA,55 to 64,Physical Disability,,1000,60000,30,8.0,,125.0,70,8000.0,,High Risk,Support Coordination / Plan Management Review
WA,55 to 64,Developmental Delay,,200,25000,85,80.0,,2.5,15,20000.0,,Low Risk,Capacity Building - Improved Daily Living
WA,55 to 64,Developmental Delay,,500,40000,65,25.0,,20.0,35,15000.0,,Medium Risk,Capacity Building - Improved Daily Living
WA,55 to 64,Developmental Delay,,1000,60000,30,8.0,,125.0,70,8000.0,,High Risk,Support Coordination / Plan Management Review
WA,55 to 64,Acquired Brain Injury,,200,25000,85,80.0,,2.5,15,20000.0,,Low Risk,Capacity Building and Daily Living Support Review
WA,55 to 64,Acquired Brain Injury,,500,40000,65,25.0,,20.0,35,15000.0,,Medium Risk,Capacity Building and Daily Living Support Review
WA,55 to 64,Acquired Brain Injury,,1000,60000,30,8.0,,125.0,70,8000.0,,High Risk,Support Coordination / Plan Management Review
WA,55 to 64,Hearing Impairment,,200,25000,85,80.0,,2.5,15,20000.0,,Low Risk,Assistive Technology and Communication Support
WA,55 to 64,Hearing Impairment,,500,40000,65,25.0,,20.0,35,15000.0,,Medium Risk,Assistive Technology and Communication Support
WA,55 to 64,Hearing Impairment,,1000,60000,30,8.0,,125.0,70,8000.0,,High Risk,Support Coordination / Plan Management Review
WA,55 to 64,Visual Impairment,,200,25000,85,80.0,,2.5,15,20000.0,,Low Risk,Assistive Technology and Orientation Support
WA,55 to 64,Visual Impairment,,500,40000,65,25.0,,20.0,35,15000.0,,Medium Risk,Assistive Technology and Orientation Support
WA,55 to 64,Visual Impairment,,1000,60000,30,8.0,,125.0,70,8000.0,,High Risk,Support Coordination / Plan Management Review
WA,55 to 64,Neurological Disability,,200,25000,85,80.0,,2.5,15,20000.0,,Low Risk,"Therapy, Assistive Technology, and Daily Living Support Review"
WA,55 to 64,Neurological Disability,,500,40000,65,25.0,,20.0,35,15000.0,,Medium Risk,"Therapy, Assistive Technology, and Daily Living Support Review"
WA,55 to 64,Neurological Disability,,1000,60000,30,8.0,,125.0,70,8000.0,,High Risk,Support Coordination / Plan Management Review
WA,55 to 64,Other / Unknown,,200,25000,85,80.0,,2.5,15,20000.0,,Low Risk,General Core Support Monitoring
WA,55 to 64,Other / Unknown,,500,40000,65,25.0,,20.0,35,15000.0,,Medium Risk,Plan Utilisation Support
WA,55 to 64,Other / Unknown,,1000,60000,30,8.0,,125.0,70,8000.0,,High Risk,Support Coordination / Plan Management Review
TAS,0 to 8,Autism,,200,25000,85,80.0,,2.5,15,20000.0,,Low Risk,Capacity Building - Improved Daily Living
TAS,0 to 8,Autism,,500,40000,65,25.0,,20.0,35,15000.0,,Medium Risk,Capacity Building - Improved Daily Living
TAS,0 to 8,Autism,,1000,60000,30,8.0,,125.0,70,8000.0,,High Risk,Support Coordination / Plan Management Review
TAS,0 to 8,Intellectual Disability,,200,25000,85,80.0,,2.5,15,20000.0,,Low Risk,Capacity Building - Social and Community Participation
TAS,0 to 8,Intellectual Disability,,500,40000,65,25.0,,20.0,35,15000.0,,Medium Risk,Capacity Building - Social and Community Participation
TAS,0 to 8,Intellectual Disability,,1000,60000,30,8.0,,125.0,70,8000.0,,High Risk,Support Coordination / Plan Management Review
TAS,0 to 8,Psychosocial Disability,,200,25000,85,80.0,,2.5,15,20000.0,,Low Risk,Psychosocial Recovery and Community Participation
TAS,0 to 8,Psychosocial Disability,,500,40000,65,25.0,,20.0,35,15000.0,,Medium Risk,Psychosocial Recovery and Community Participation
TAS,0 to 8,Psychosocial Disability,,1000,60000,30,8.0,,125.0,70,8000.0,,High Risk,Support Coordination / Plan Management Review
TAS,0 to 8,Physical Disability,,200,25000,85,80.0,,2.5,15,20000.0,,Low Risk,Assistive Technology / Transport Support
TAS,0 to 8,Physical Disability,,500,40000,65,25.0,,20.0,35,15000.0,,Medium Risk,Assistive Technology / Transport Support
TAS,0 to 8,Physical Disability,,1000,60000,30,8.0,,125.0,70,8000.0,,High Risk,Support Coordination / Plan Management Review
TAS,0 to 8,Developmental Delay,,200,25000,85,80.0,,2.5,15,20000.0,,Low Risk,Capacity Building - Improved Daily Living
TAS,0 to 8,Developmental Delay,,500,40000,65,25.0,,20.0,35,15000.0,,Medium Risk,Capacity Building - Improved Daily Living
TAS,0 to 8,Developmental Delay,,1000,60000,30,8.0,,125.0,70,8000.0,,High Risk,Support Coordination / Plan Management Review
TAS,0 to 8,Acquired Brain Injury,,200,25000,85,80.0,,2.5,15,20000.0,,Low Risk,Capacity Building and Daily Living Support Review
TAS,0 to 8,Acquired Brain Injury,,500,40000,65,25.0,,20.0,35,15000.0,,Medium Risk,Capacity Building and Daily Living Support Review
TAS,0 to 8,Acquired Brain Injury,,1000,60000,30,8.0,,125.0,70,8000.0,,High Risk,Support Coordination / Plan Management Review
TAS,0 to 8,Hearing Impairment,,200,25000,85,80.0,,2.5,15,20000.0,,Low Risk,Assistive Technology and Communication Support
TAS,0 to 8,Hearing Impairment,,500,40000,65,25.0,,20.0,35,15000.0,,Medium Risk,Assistive Technology and Communication Support
TAS,0 to 8,Hearing Impairment,,1000,60000,30,8.0,,125.0,70,8000.0,,High Risk,Support Coordination / Plan Management Review
TAS,0 to 8,Visual Impairment,,200,25000,85,80.0,,2.5,15,20000.0,,Low Risk,Assistive Technology and Orientation Support
TAS,0 to 8,Visual Impairment,,500,40000,65,25.0,,20.0,35,15000.0,,Medium Risk,Assistive Technology and Orientation Support
TAS,0 to 8,Visual Impairment,,1000,60000,30,8.0,,125.0,70,8000.0,,High Risk,Support Coordination / Plan Management Review
TAS,0 to 8,Neurological Disability,,200,25000,85,80.0,,2.5,15,20000.0,,Low Risk,"Therapy, Assistive Technology, and Daily Living Support Review"
TAS,0 to 8,Neurological Disability,,500,40000,65,25.0,,20.0,35,15000.0,,Medium Risk,"Therapy, Assistive Technology, and Daily Living Support Review"
TAS,0 to 8,Neurological Disability,,1000,60000,30,8.0,,125.0,70,8000.0,,High Risk,Support Coordination / Plan Management Review
TAS,0 to 8,Other / Unknown,,200,25000,85,80.0,,2.5,15,20000.0,,Low Risk,General Core Support Monitoring
TAS,0 to 8,Other / Unknown,,500,40000,65,25.0,,20.0,35,15000.0,,Medium Risk,Plan Utilisation Support
TAS,0 to 8,Other / Unknown,,1000,60000,30,8.0,,125.0,70,8000.0,,High Risk,Support Coordination / Plan Management Review
TAS,9 to 14,Autism,,200,25000,85,80.0,,2.5,15,20000.0,,Low Risk,Capacity Building - Improved Daily Living
TAS,9 to 14,Autism,,500,40000,65,25.0,,20.0,35,15000.0,,Medium Risk,Capacity Building - Improved Daily Living
TAS,9 to 14,Autism,,1000,60000,30,8.0,,125.0,70,8000.0,,High Risk,Support Coordination / Plan Management Review
TAS,9 to 14,Intellectual Disability,,200,25000,85,80.0,,2.5,15,20000.0,,Low Risk,Capacity Building - Social and Community Participation
TAS,9 to 14,Intellectual Disability,,500,40000,65,25.0,,20.0,35,15000.0,,Medium Risk,Capacity Building - Social and Community Participation
TAS,9 to 14,Intellectual Disability,,1000,60000,30,8.0,,125.0,70,8000.0,,High Risk,Support Coordination / Plan Management Review
TAS,9 to 14,Psychosocial Disability,,200,25000,85,80.0,,2.5,15,20000.0,,Low Risk,Psychosocial Recovery and Community Participation
TAS,9 to 14,Psychosocial Disability,,500,40000,65,25.0,,20.0,35,15000.0,,Medium Risk,Psychosocial Recovery and Community Participation
TAS,9 to 14,Psychosocial Disability,,1000,60000,30,8.0,,125.0,70,8000.0,,High Risk,Support Coordination / Plan Management Review
TAS,9 to 14,Physical Disability,,200,25000,85,80.0,,2.5,15,20000.0,,Low Risk,Assistive Technology / Transport Support
TAS,9 to 14,Physical Disability,,500,40000,65,25.0,,20.0,35,15000.0,,Medium Risk,Assistive Technology / Transport Support
TAS,9 to 14,Physical Disability,,1000,60000,30,8.0,,125.0,70,8000.0,,High Risk,Support Coordination / Plan Management Review
TAS,9 to 14,Developmental Delay,,200,25000,85,80.0,,2.5,15,20000.0,,Low Risk,Capacity Building - Improved Daily Living
TAS,9 to 14,Developmental Delay,,500,40000,65,25.0,,20.0,35,15000.0,,Medium Risk,Capacity Building - Improved Daily Living
TAS,9 to 14,Developmental Delay,,1000,60000,30,8.0,,125.0,70,8000.0,,High Risk,Support Coordination / Plan Management Review
TAS,9 to 14,Acquired Brain Injury,,200,25000,85,80.0,,2.5,15,20000.0,,Low Risk,Capacity Building and Daily Living Support Review
TAS,9 to 14,Acquired Brain Injury,,500,40000,65,25.0,,20.0,35,15000.0,,Medium Risk,Capacity Building and Daily Living Support Review
TAS,9 to 14,Acquired Brain Injury,,1000,60000,30,8.0,,125.0,70,8000.0,,High Risk,Support Coordination / Plan Management Review
TAS,9 to 14,Hearing Impairment,,200,25000,85,80.0,,2.5,15,20000.0,,Low Risk,Assistive Technology and Communication Support
TAS,9 to 14,Hearing Impairment,,500,40000,65,25.0,,20.0,35,15000.0,,Medium Risk,Assistive Technology and Communication Support
TAS,9 to 14,Hearing Impairment,,1000,60000,30,8.0,,125.0,70,8000.0,,High Risk,Support Coordination / Plan Management Review
TAS,9 to 14,Visual Impairment,,200,25000,85,80.0,,2.5,15,20000.0,,Low Risk,Assistive Technology and Orientation Support
TAS,9 to 14,Visual Impairment,,500,40000,65,25.0,,20.0,35,15000.0,,Medium Risk,Assistive Technology and Orientation Support
TAS,9 to 14,Visual Impairment,,1000,60000,30,8.0,,125.0,70,8000.0,,High Risk,Support Coordination / Plan Management Review
TAS,9 to 14,Neurological Disability,,200,25000,85,80.0,,2.5,15,20000.0,,Low Risk,"Therapy, Assistive Technology, and Daily Living Support Review"
TAS,9 to 14,Neurological Disability,,500,40000,65,25.0,,20.0,35,15000.0,,Medium Risk,"Therapy, Assistive Technology, and Daily Living Support Review"
TAS,9 to 14,Neurological Disability,,1000,60000,30,8.0,,125.0,70,8000.0,,High Risk,Support Coordination / Plan Management Review
TAS,9 to 14,Other / Unknown,,200,25000,85,80.0,,2.5,15,20000.0,,Low Risk,General Core Support Monitoring
TAS,9 to 14,Other / Unknown,,500,40000,65,25.0,,20.0,35,15000.0,,Medium Risk,Plan Utilisation Support
TAS,9 to 14,Other / Unknown,,1000,60000,30,8.0,,125.0,70,8000.0,,High Risk,Support Coordination / Plan Management Review
TAS,15 to 24,Autism,,200,25000,85,80.0,,2.5,15,20000.0,,Low Risk,Capacity Building - Improved Daily Living
TAS,15 to 24,Autism,,500,40000,65,25.0,,20.0,35,15000.0,,Medium Risk,Capacity Building - Improved Daily Living
TAS,15 to 24,Autism,,1000,60000,30,8.0,,125.0,70,8000.0,,High Risk,Support Coordination / Plan Management Review
TAS,15 to 24,Intellectual Disability,,200,25000,85,80.0,,2.5,15,20000.0,,Low Risk,Capacity Building - Social and Community Participation
TAS,15 to 24,Intellectual Disability,,500,40000,65,25.0,,20.0,35,15000.0,,Medium Risk,Capacity Building - Social and Community Participation
TAS,15 to 24,Intellectual Disability,,1000,60000,30,8.0,,125.0,70,8000.0,,High Risk,Support Coordination / Plan Management Review
TAS,15 to 24,Psychosocial Disability,,200,25000,85,80.0,,2.5,15,20000.0,,Low Risk,Psychosocial Recovery and Community Participation
TAS,15 to 24,Psychosocial Disability,,500,40000,65,25.0,,20.0,35,15000.0,,Medium Risk,Psychosocial Recovery and Community Participation
TAS,15 to 24,Psychosocial Disability,,1000,60000,30,8.0,,125.0,70,8000.0,,High Risk,Support Coordination / Plan Management Review
TAS,15 to 24,Physical Disability,,200,25000,85,80.0,,2.5,15,20000.0,,Low Risk,Assistive Technology / Transport Support
TAS,15 to 24,Physical Disability,,500,40000,65,25.0,,20.0,35,15000.0,,Medium Risk,Assistive Technology / Transport Support
TAS,15 to 24,Physical Disability,,1000,60000,30,8.0,,125.0,70,8000.0,,High Risk,Support Coordination / Plan Management Review
TAS,15 to 24,Developmental Delay,,200,25000,85,80.0,,2.5,15,20000.0,,Low Risk,Capacity Building - Improved Daily Living
TAS,15 to 24,Developmental Delay,,500,40000,65,25.0,,20.0,35,15000.0,,Medium Risk,Capacity Building - Improved Daily Living
TAS,15 to 24,Developmental Delay,,1000,60000,30,8.0,,125.0,70,8000.0,,High Risk,Support Coordination / Plan Management Review
TAS,15 to 24,Acquired Brain Injury,,200,25000,85,80.0,,2.5,15,20000.0,,Low Risk,Capacity Building and Daily Living Support Review
TAS,15 to 24,Acquired Brain Injury,,500,40000,65,25.0,,20.0,35,15000.0,,Medium Risk,Capacity Building and Daily Living Support Review
TAS,15 to 24,Acquired Brain Injury,,1000,60000,30,8.0,,125.0,70,8000.0,,High Risk,Support Coordination / Plan Management Review
TAS,15 to 24,Hearing Impairment,,200,25000,85,80.0,,2.5,15,20000.0,,Low Risk,Assistive Technology and Communication Support
TAS,15 to 24,Hearing Impairment,,500,40000,65,25.0,,20.0,35,15000.0,,Medium Risk,Assistive Technology and Communication Support
TAS,15 to 24,Hearing Impairment,,1000,60000,30,8.0,,125.0,70,8000.0,,High Risk,Support Coordination / Plan Management Review
TAS,15 to 24,Visual Impairment,,200,25000,85,80.0,,2.5,15,20000.0,,Low Risk,Assistive Technology and Orientation Support
TAS,15 to 24,Visual Impairment,,500,40000,65,25.0,,20.0,35,15000.0,,Medium Risk,Assistive Technology and Orientation Support
TAS,15 to 24,Visual Impairment,,1000,60000,30,8.0,,125.0,70,8000.0,,High Risk,Support Coordination / Plan Management Review
TAS,15 to 24,Neurological Disability,,200,25000,85,80.0,,2.5,15,20000.0,,Low Risk,"Therapy, Assistive Technology, and Daily Living Support Review"
TAS,15 to 24,Neurological Disability,,500,40000,65,25.0,,20.0,35,15000.0,,Medium Risk,"Therapy, Assistive Technology, and Daily Living Support Review"
TAS,15 to 24,Neurological Disability,,1000,60000,30,8.0,,125.0,70,8000.0,,High Risk,Support Coordination / Plan Management Review
TAS,15 to 24,Other / Unknown,,200,25000,85,80.0,,2.5,15,20000.0,,Low Risk,General Core Support Monitoring
TAS,15 to 24,Other / Unknown,,500,40000,65,25.0,,20.0,35,15000.0,,Medium Risk,Plan Utilisation Support
TAS,15 to 24,Other / Unknown,,1000,60000,30,8.0,,125.0,70,8000.0,,High Risk,Support Coordination / Plan Management Review
TAS,25 to 34,Autism,,200,25000,85,80.0,,2.5,15,20000.0,,Low Risk,Capacity Building - Improved Daily Living
TAS,25 to 34,Autism,,500,40000,65,25.0,,20.0,35,15000.0,,Medium Risk,Capacity Building - Improved Daily Living
TAS,25 to 34,Autism,,1000,60000,30,8.0,,125.0,70,8000.0,,High Risk,Support Coordination / Plan Management Review
TAS,25 to 34,Intellectual Disability,,200,25000,85,80.0,,2.5,15,20000.0,,Low Risk,Capacity Building - Social and Community Participation
TAS,25 to 34,Intellectual Disability,,500,40000,65,25.0,,20.0,35,15000.0,,Medium Risk,Capacity Building - Social and Community Participation
TAS,25 to 34,Intellectual Disability,,1000,60000,30,8.0,,125.0,70,8000.0,,High Risk,Support Coordination / Plan Management Review
TAS,25 to 34,Psychosocial Disability,,200,25000,85,80.0,,2.5,15,20000.0,,Low Risk,Psychosocial Recovery and Community Participation
TAS,25 to 34,Psychosocial Disability,,500,40000,65,25.0,,20.0,35,15000.0,,Medium Risk,Psychosocial Recovery and Community Participation
TAS,25 to 34,Psychosocial Disability,,1000,60000,30,8.0,,125.0,70,8000.0,,High Risk,Support Coordination / Plan Management Review
TAS,25 to 34,Physical Disability,,200,25000,85,80.0,,2.5,15,20000.0,,Low Risk,Assistive Technology / Transport Support
TAS,25 to 34,Physical Disability,,500,40000,65,25.0,,20.0,35,15000.0,,Medium Risk,Assistive Technology / Transport Support
TAS,25 to 34,Physical Disability,,1000,60000,30,8.0,,125.0,70,8000.0,,High Risk,Support Coordination / Plan Management Review
TAS,25 to 34,Developmental Delay,,200,25000,85,80.0,,2.5,15,20000.0,,Low Risk,Capacity Building - Improved Daily Living
TAS,25 to 34,Developmental Delay,,500,40000,65,25.0,,20.0,35,15000.0,,Medium Risk,Capacity Building - Improved Daily Living
TAS,25 to 34,Developmental Delay,,1000,60000,30,8.0,,125.0,70,8000.0,,High Risk,Support Coordination / Plan Management Review
TAS,25 to 34,Acquired Brain Injury,,200,25000,85,80.0,,2.5,15,20000.0,,Low Risk,Capacity Building and Daily Living Support Review
TAS,25 to 34,Acquired Brain Injury,,500,40000,65,25.0,,20.0,35,15000.0,,Medium Risk,Capacity Building and Daily Living Support Review
TAS,25 to 34,Acquired Brain Injury,,1000,60000,30,8.0,,125.0,70,8000.0,,High Risk,Support Coordination / Plan Management Review
TAS,25 to 34,Hearing Impairment,,200,25000,85,80.0,,2.5,15,20000.0,,Low Risk,Assistive Technology and Communication Support
TAS,25 to 34,Hearing Impairment,,500,40000,65,25.0,,20.0,35,15000.0,,Medium Risk,Assistive Technology and Communication Support
TAS,25 to 34,Hearing Impairment,,1000,60000,30,8.0,,125.0,70,8000.0,,High Risk,Support Coordination / Plan Management Review
TAS,25 to 34,Visual Impairment,,200,25000,85,80.0,,2.5,15,20000.0,,Low Risk,Assistive Technology and Orientation Support
TAS,25 to 34,Visual Impairment,,500,40000,65,25.0,,20.0,35,15000.0,,Medium Risk,Assistive Technology and Orientation Support
TAS,25 to 34,Visual Impairment,,1000,60000,30,8.0,,125.0,70,8000.0,,High Risk,Support Coordination / Plan Management Review
TAS,25 to 34,Neurological Disability,,200,25000,85,80.0,,2.5,15,20000.0,,Low Risk,"Therapy, Assistive Technology, and Daily Living Support Review"
TAS,25 to 34,Neurological Disability,,500,40000,65,25.0,,20.0,35,15000.0,,Medium Risk,"Therapy, Assistive Technology, and Daily Living Support Review"
TAS,25 to 34,Neurological Disability,,1000,60000,30,8.0,,125.0,70,8000.0,,High Risk,Support Coordination / Plan Management Review
TAS,25 to 34,Other / Unknown,,200,25000,85,80.0,,2.5,15,20000.0,,Low Risk,General Core Support Monitoring
TAS,25 to 34,Other / Unknown,,500,40000,65,25.0,,20.0,35,15000.0,,Medium Risk,Plan Utilisation Support
TAS,25 to 34,Other / Unknown,,1000,60000,30,8.0,,125.0,70,8000.0,,High Risk,Support Coordination / Plan Management Review
TAS,35 to 44,Autism,,200,25000,85,80.0,,2.5,15,20000.0,,Low Risk,Capacity Building - Improved Daily Living
TAS,35 to 44,Autism,,500,40000,65,25.0,,20.0,35,15000.0,,Medium Risk,Capacity Building - Improved Daily Living
TAS,35 to 44,Autism,,1000,60000,30,8.0,,125.0,70,8000.0,,High Risk,Support Coordination / Plan Management Review
TAS,35 to 44,Intellectual Disability,,200,25000,85,80.0,,2.5,15,20000.0,,Low Risk,Capacity Building - Social and Community Participation
TAS,35 to 44,Intellectual Disability,,500,40000,65,25.0,,20.0,35,15000.0,,Medium Risk,Capacity Building - Social and Community Participation
TAS,35 to 44,Intellectual Disability,,1000,60000,30,8.0,,125.0,70,8000.0,,High Risk,Support Coordination / Plan Management Review
TAS,35 to 44,Psychosocial Disability,,200,25000,85,80.0,,2.5,15,20000.0,,Low Risk,Psychosocial Recovery and Community Participation
TAS,35 to 44,Psychosocial Disability,,500,40000,65,25.0,,20.0,35,15000.0,,Medium Risk,Psychosocial Recovery and Community Participation
TAS,35 to 44,Psychosocial Disability,,1000,60000,30,8.0,,125.0,70,8000.0,,High Risk,Support Coordination / Plan Management Review
TAS,35 to 44,Physical Disability,,200,25000,85,80.0,,2.5,15,20000.0,,Low Risk,Assistive Technology / Transport Support
TAS,35 to 44,Physical Disability,,500,40000,65,25.0,,20.0,35,15000.0,,Medium Risk,Assistive Technology / Transport Support
TAS,35 to 44,Physical Disability,,1000,60000,30,8.0,,125.0,70,8000.0,,High Risk,Support Coordination / Plan Management Review
TAS,35 to 44,Developmental Delay,,200,25000,85,80.0,,2.5,15,20000.0,,Low Risk,Capacity Building - Improved Daily Living
TAS,35 to 44,Developmental Delay,,500,40000,65,25.0,,20.0,35,15000.0,,Medium Risk,Capacity Building - Improved Daily Living
TAS,35 to 44,Developmental Delay,,1000,60000,30,8.0,,125.0,70,8000.0,,High Risk,Support Coordination / Plan Management Review
TAS,35 to 44,Acquired Brain Injury,,200,25000,85,80.0,,2.5,15,20000.0,,Low Risk,Capacity Building and Daily Living Support Review
TAS,35 to 44,Acquired Brain Injury,,500,40000,65,25.0,,20.0,35,15000.0,,Medium Risk,Capacity Building and Daily Living Support Review
TAS,35 to 44,Acquired Brain Injury,,1000,60000,30,8.0,,125.0,70,8000.0,,High Risk,Support Coordination / Plan Management Review
TAS,35 to 44,Hearing Impairment,,200,25000,85,80.0,,2.5,15,20000.0,,Low Risk,Assistive Technology and Communication Support
TAS,35 to 44,Hearing Impairment,,500,40000,65,25.0,,20.0,35,15000.0,,Medium Risk,Assistive Technology and Communication Support
TAS,35 to 44,Hearing Impairment,,1000,60000,30,8.0,,125.0,70,8000.0,,High Risk,Support Coordination / Plan Management Review
TAS,35 to 44,Visual Impairment,,200,25000,85,80.0,,2.5,15,20000.0,,Low Risk,Assistive Technology and Orientation Support
TAS,35 to 44,Visual Impairment,,500,40000,65,25.0,,20.0,35,15000.0,,Medium Risk,Assistive Technology and Orientation Support
TAS,35 to 44,Visual Impairment,,1000,60000,30,8.0,,125.0,70,8000.0,,High Risk,Support Coordination / Plan Management Review
TAS,35 to 44,Neurological Disability,,200,25000,85,80.0,,2.5,15,20000.0,,Low Risk,"Therapy, Assistive Technology, and Daily Living Support Review"
TAS,35 to 44,Neurological Disability,,500,40000,65,25.0,,20.0,35,15000.0,,Medium Risk,"Therapy, Assistive Technology, and Daily Living Support Review"
TAS,35 to 44,Neurological Disability,,1000,60000,30,8.0,,125.0,70,8000.0,,High Risk,Support Coordination / Plan Management Review
TAS,35 to 44,Other / Unknown,,200,25000,85,80.0,,2.5,15,20000.0,,Low Risk,General Core Support Monitoring
TAS,35 to 44,Other / Unknown,,500,40000,65,25.0,,20.0,35,15000.0,,Medium Risk,Plan Utilisation Support
TAS,35 to 44,Other / Unknown,,1000,60000,30,8.0,,125.0,70,8000.0,,High Risk,Support Coordination / Plan Management Review
TAS,45 to 54,Autism,,200,25000,85,80.0,,2.5,15,20000.0,,Low Risk,Capacity Building - Improved Daily Living
TAS,45 to 54,Autism,,500,40000,65,25.0,,20.0,35,15000.0,,Medium Risk,Capacity Building - Improved Daily Living
TAS,45 to 54,Autism,,1000,60000,30,8.0,,125.0,70,8000.0,,High Risk,Support Coordination / Plan Management Review
TAS,45 to 54,Intellectual Disability,,200,25000,85,80.0,,2.5,15,20000.0,,Low Risk,Capacity Building - Social and Community Participation
TAS,45 to 54,Intellectual Disability,,500,40000,65,25.0,,20.0,35,15000.0,,Medium Risk,Capacity Building - Social and Community Participation
TAS,45 to 54,Intellectual Disability,,1000,60000,30,8.0,,125.0,70,8000.0,,High Risk,Support Coordination / Plan Management Review
TAS,45 to 54,Psychosocial Disability,,200,25000,85,80.0,,2.5,15,20000.0,,Low Risk,Psychosocial Recovery and Community Participation
TAS,45 to 54,Psychosocial Disability,,500,40000,65,25.0,,20.0,35,15000.0,,Medium Risk,Psychosocial Recovery and Community Participation
TAS,45 to 54,Psychosocial Disability,,1000,60000,30,8.0,,125.0,70,8000.0,,High Risk,Support Coordination / Plan Management Review
TAS,45 to 54,Physical Disability,,200,25000,85,80.0,,2.5,15,20000.0,,Low Risk,Assistive Technology / Transport Support
TAS,45 to 54,Physical Disability,,500,40000,65,25.0,,20.0,35,15000.0,,Medium Risk,Assistive Technology / Transport Support
TAS,45 to 54,Physical Disability,,1000,60000,30,8.0,,125.0,70,8000.0,,High Risk,Support Coordination / Plan Management Review
TAS,45 to 54,Developmental Delay,,200,25000,85,80.0,,2.5,15,20000.0,,Low Risk,Capacity Building - Improved Daily Living
TAS,45 to 54,Developmental Delay,,500,40000,65,25.0,,20.0,35,15000.0,,Medium Risk,Capacity Building - Improved Daily Living
TAS,45 to 54,Developmental Delay,,1000,60000,30,8.0,,125.0,70,8000.0,,High Risk,Support Coordination / Plan Management Review
TAS,45 to 54,Acquired Brain Injury,,200,25000,85,80.0,,2.5,15,20000.0,,Low Risk,Capacity Building and Daily Living Support Review
TAS,45 to 54,Acquired Brain Injury,,500,40000,65,25.0,,20.0,35,15000.0,,Medium Risk,Capacity Building and Daily Living Support Review
TAS,45 to 54,Acquired Brain Injury,,1000,60000,30,8.0,,125.0,70,8000.0,,High Risk,Support Coordination / Plan Management Review
TAS,45 to 54,Hearing Impairment,,200,25000,85,80.0,,2.5,15,20000.0,,Low Risk,Assistive Technology and Communication Support
TAS,45 to 54,Hearing Impairment,,500,40000,65,25.0,,20.0,35,15000.0,,Medium Risk,Assistive Technology and Communication Support
TAS,45 to 54,Hearing Impairment,,1000,60000,30,8.0,,125.0,70,8000.0,,High Risk,Support Coordination / Plan Management Review
TAS,45 to 54,Visual Impairment,,200,25000,85,80.0,,2.5,15,20000.0,,Low Risk,Assistive Technology and Orientation Support
TAS,45 to 54,Visual Impairment,,500,40000,65,25.0,,20.0,35,15000.0,,Medium Risk,Assistive Technology and Orientation Support
TAS,45 to 54,Visual Impairment,,1000,60000,30,8.0,,125.0,70,8000.0,,High Risk,Support Coordination / Plan Management Review
TAS,45 to 54,Neurological Disability,,200,25000,85,80.0,,2.5,15,20000.0,,Low Risk,"Therapy, Assistive Technology, and Daily Living Support Review"
TAS,45 to 54,Neurological Disability,,500,40000,65,25.0,,20.0,35,15000.0,,Medium Risk,"Therapy, Assistive Technology, and Daily Living Support Review"
TAS,45 to 54,Neurological Disability,,1000,60000,30,8.0,,125.0,70,8000.0,,High Risk,Support Coordination / Plan Management Review
TAS,45 to 54,Other / Unknown,,200,25000,85,80.0,,2.5,15,20000.0,,Low Risk,General Core Support Monitoring
TAS,45 to 54,Other / Unknown,,500,40000,65,25.0,,20.0,35,15000.0,,Medium Risk,Plan Utilisation Support
TAS,45 to 54,Other / Unknown,,1000,60000,30,8.0,,125.0,70,8000.0,,High Risk,Support Coordination / Plan Management Review
TAS,55 to 64,Autism,,200,25000,85,80.0,,2.5,15,20000.0,,Low Risk,Capacity Building - Improved Daily Living
TAS,55 to 64,Autism,,500,40000,65,25.0,,20.0,35,15000.0,,Medium Risk,Capacity Building - Improved Daily Living
TAS,55 to 64,Autism,,1000,60000,30,8.0,,125.0,70,8000.0,,High Risk,Support Coordination / Plan Management Review
TAS,55 to 64,Intellectual Disability,,200,25000,85,80.0,,2.5,15,20000.0,,Low Risk,Capacity Building - Social and Community Participation
TAS,55 to 64,Intellectual Disability,,500,40000,65,25.0,,20.0,35,15000.0,,Medium Risk,Capacity Building - Social and Community Participation
TAS,55 to 64,Intellectual Disability,,1000,60000,30,8.0,,125.0,70,8000.0,,High Risk,Support Coordination / Plan Management Review
TAS,55 to 64,Psychosocial Disability,,200,25000,85,80.0,,2.5,15,20000.0,,Low Risk,Psychosocial Recovery and Community Participation
TAS,55 to 64,Psychosocial Disability,,500,40000,65,25.0,,20.0,35,15000.0,,Medium Risk,Psychosocial Recovery and Community Participation
TAS,55 to 64,Psychosocial Disability,,1000,60000,30,8.0,,125.0,70,8000.0,,High Risk,Support Coordination / Plan Management Review
TAS,55 to 64,Physical Disability,,200,25000,85,80.0,,2.5,15,20000.0,,Low Risk,Assistive Technology / Transport Support
TAS,55 to 64,Physical Disability,,500,40000,65,25.0,,20.0,35,15000.0,,Medium Risk,Assistive Technology / Transport Support
TAS,55 to 64,Physical Disability,,1000,60000,30,8.0,,125.0,70,8000.0,,High Risk,Support Coordination / Plan Management Review
TAS,55 to 64,Developmental Delay,,200,25000,85,80.0,,2.5,15,20000.0,,Low Risk,Capacity Building - Improved Daily Living
TAS,55 to 64,Developmental Delay,,500,40000,65,25.0,,20.0,35,15000.0,,Medium Risk,Capacity Building - Improved Daily Living
TAS,55 to 64,Developmental Delay,,1000,60000,30,8.0,,125.0,70,8000.0,,High Risk,Support Coordination / Plan Management Review
TAS,55 to 64,Acquired Brain Injury,,200,25000,85,80.0,,2.5,15,20000.0,,Low Risk,Capacity Building and Daily Living Support Review
TAS,55 to 64,Acquired Brain Injury,,500,40000,65,25.0,,20.0,35,15000.0,,Medium Risk,Capacity Building and Daily Living Support Review
TAS,55 to 64,Acquired Brain Injury,,1000,60000,30,8.0,,125.0,70,8000.0,,High Risk,Support Coordination / Plan Management Review
TAS,55 to 64,Hearing Impairment,,200,25000,85,80.0,,2.5,15,20000.0,,Low Risk,Assistive Technology and Communication Support
TAS,55 to 64,Hearing Impairment,,500,40000,65,25.0,,20.0,35,15000.0,,Medium Risk,Assistive Technology and Communication Support
TAS,55 to 64,Hearing Impairment,,1000,60000,30,8.0,,125.0,70,8000.0,,High Risk,Support Coordination / Plan Management Review
TAS,55 to 64,Visual Impairment,,200,25000,85,80.0,,2.5,15,20000.0,,Low Risk,Assistive Technology and Orientation Support
TAS,55 to 64,Visual Impairment,,500,40000,65,25.0,,20.0,35,15000.0,,Medium Risk,Assistive Technology and Orientation Support
TAS,55 to 64,Visual Impairment,,1000,60000,30,8.0,,125.0,70,8000.0,,High Risk,Support Coordination / Plan Management Review
TAS,55 to 64,Neurological Disability,,200,25000,85,80.0,,2.5,15,20000.0,,Low Risk,"Therapy, Assistive Technology, and Daily Living Support Review"
TAS,55 to 64,Neurological Disability,,500,40000,65,25.0,,20.0,35,15000.0,,Medium Risk,"Therapy, Assistive Technology, and Daily Living Support Review"
TAS,55 to 64,Neurological Disability,,1000,60000,30,8.0,,125.0,70,8000.0,,High Risk,Support Coordination / Plan Management Review
TAS,55 to 64,Other / Unknown,,200,25000,85,80.0,,2.5,15,20000.0,,Low Risk,General Core Support Monitoring
TAS,55 to 64,Other / Unknown,,500,40000,65,25.0,,20.0,35,15000.0,,Medium Risk,Plan Utilisation Support
TAS,55 to 64,Other / Unknown,,1000,60000,30,8.0,,125.0,70,8000.0,,High Risk,Support Coordination / Plan Management Review
ACT,0 to 8,Autism,,200,25000,85,80.0,,2.5,15,20000.0,,Low Risk,Capacity Building - Improved Daily Living
ACT,0 to 8,Autism,,500,40000,65,25.0,,20.0,35,15000.0,,Medium Risk,Capacity Building - Improved Daily Living
ACT,0 to 8,Autism,,1000,60000,30,8.0,,125.0,70,8000.0,,High Risk,Support Coordination / Plan Management Review
ACT,0 to 8,Intellectual Disability,,200,25000,85,80.0,,2.5,15,20000.0,,Low Risk,Capacity Building - Social and Community Participation
ACT,0 to 8,Intellectual Disability,,500,40000,65,25.0,,20.0,35,15000.0,,Medium Risk,Capacity Building - Social and Community Participation
ACT,0 to 8,Intellectual Disability,,1000,60000,30,8.0,,125.0,70,8000.0,,High Risk,Support Coordination / Plan Management Review
ACT,0 to 8,Psychosocial Disability,,200,25000,85,80.0,,2.5,15,20000.0,,Low Risk,Psychosocial Recovery and Community Participation
ACT,0 to 8,Psychosocial Disability,,500,40000,65,25.0,,20.0,35,15000.0,,Medium Risk,Psychosocial Recovery and Community Participation
ACT,0 to 8,Psychosocial Disability,,1000,60000,30,8.0,,125.0,70,8000.0,,High Risk,Support Coordination / Plan Management Review
ACT,0 to 8,Physical Disability,,200,25000,85,80.0,,2.5,15,20000.0,,Low Risk,Assistive Technology / Transport Support
ACT,0 to 8,Physical Disability,,500,40000,65,25.0,,20.0,35,15000.0,,Medium Risk,Assistive Technology / Transport Support
ACT,0 to 8,Physical Disability,,1000,60000,30,8.0,,125.0,70,8000.0,,High Risk,Support Coordination / Plan Management Review
ACT,0 to 8,Developmental Delay,,200,25000,85,80.0,,2.5,15,20000.0,,Low Risk,Capacity Building - Improved Daily Living
ACT,0 to 8,Developmental Delay,,500,40000,65,25.0,,20.0,35,15000.0,,Medium Risk,Capacity Building - Improved Daily Living
ACT,0 to 8,Developmental Delay,,1000,60000,30,8.0,,125.0,70,8000.0,,High Risk,Support Coordination / Plan Management Review
ACT,0 to 8,Acquired Brain Injury,,200,25000,85,80.0,,2.5,15,20000.0,,Low Risk,Capacity Building and Daily Living Support Review
ACT,0 to 8,Acquired Brain Injury,,500,40000,65,25.0,,20.0,35,15000.0,,Medium Risk,Capacity Building and Daily Living Support Review
ACT,0 to 8,Acquired Brain Injury,,1000,60000,30,8.0,,125.0,70,8000.0,,High Risk,Support Coordination / Plan Management Review
ACT,0 to 8,Hearing Impairment,,200,25000,85,80.0,,2.5,15,20000.0,,Low Risk,Assistive Technology and Communication Support
ACT,0 to 8,Hearing Impairment,,500,40000,65,25.0,,20.0,35,15000.0,,Medium Risk,Assistive Technology and Communication Support
ACT,0 to 8,Hearing Impairment,,1000,60000,30,8.0,,125.0,70,8000.0,,High Risk,Support Coordination / Plan Management Review
ACT,0 to 8,Visual Impairment,,200,25000,85,80.0,,2.5,15,20000.0,,Low Risk,Assistive Technology and Orientation Support
ACT,0 to 8,Visual Impairment,,500,40000,65,25.0,,20.0,35,15000.0,,Medium Risk,Assistive Technology and Orientation Support
ACT,0 to 8,Visual Impairment,,1000,60000,30,8.0,,125.0,70,8000.0,,High Risk,Support Coordination / Plan Management Review
ACT,0 to 8,Neurological Disability,,200,25000,85,80.0,,2.5,15,20000.0,,Low Risk,"Therapy, Assistive Technology, and Daily Living Support Review"
ACT,0 to 8,Neurological Disability,,500,40000,65,25.0,,20.0,35,15000.0,,Medium Risk,"Therapy, Assistive Technology, and Daily Living Support Review"
ACT,0 to 8,Neurological Disability,,1000,60000,30,8.0,,125.0,70,8000.0,,High Risk,Support Coordination / Plan Management Review
ACT,0 to 8,Other / Unknown,,200,25000,85,80.0,,2.5,15,20000.0,,Low Risk,General Core Support Monitoring
ACT,0 to 8,Other / Unknown,,500,40000,65,25.0,,20.0,35,15000.0,,Medium Risk,Plan Utilisation Support
ACT,0 to 8,Other / Unknown,,1000,60000,30,8.0,,125.0,70,8000.0,,High Risk,Support Coordination / Plan Management Review
ACT,9 to 14,Autism,,200,25000,85,80.0,,2.5,15,20000.0,,Low Risk,Capacity Building - Improved Daily Living
ACT,9 to 14,Autism,,500,40000,65,25.0,,20.0,35,15000.0,,Medium Risk,Capacity Building - Improved Daily Living
ACT,9 to 14,Autism,,1000,60000,30,8.0,,125.0,70,8000.0,,High Risk,Support Coordination / Plan Management Review
ACT,9 to 14,Intellectual Disability,,200,25000,85,80.0,,2.5,15,20000.0,,Low Risk,Capacity Building - Social and Community Participation
ACT,9 to 14,Intellectual Disability,,500,40000,65,25.0,,20.0,35,15000.0,,Medium Risk,Capacity Building - Social and Community Participation
ACT,9 to 14,Intellectual Disability,,1000,60000,30,8.0,,125.0,70,8000.0,,High Risk,Support Coordination / Plan Management Review
ACT,9 to 14,Psychosocial Disability,,200,25000,85,80.0,,2.5,15,20000.0,,Low Risk,Psychosocial Recovery and Community Participation
ACT,9 to 14,Psychosocial Disability,,500,40000,65,25.0,,20.0,35,15000.0,,Medium Risk,Psychosocial Recovery and Community Participation
ACT,9 to 14,Psychosocial Disability,,1000,60000,30,8.0,,125.0,70,8000.0,,High Risk,Support Coordination / Plan Management Review
ACT,9 to 14,Physical Disability,,200,25000,85,80.0,,2.5,15,20000.0,,Low Risk,Assistive Technology / Transport Support
ACT,9 to 14,Physical Disability,,500,40000,65,25.0,,20.0,35,15000.0,,Medium Risk,Assistive Technology / Transport Support
ACT,9 to 14,Physical Disability,,1000,60000,30,8.0,,125.0,70,8000.0,,High Risk,Support Coordination / Plan Management Review
ACT,9 to 14,Developmental Delay,,200,25000,85,80.0,,2.5,15,20000.0,,Low Risk,Capacity Building - Improved Daily Living
ACT,9 to 14,Developmental Delay,,500,40000,65,25.0,,20.0,35,15000.0,,Medium Risk,Capacity Building - Improved Daily Living
ACT,9 to 14,Developmental Delay,,1000,60000,30,8.0,,125.0,70,8000.0,,High Risk,Support Coordination / Plan Management Review
ACT,9 to 14,Acquired Brain Injury,,200,25000,85,80.0,,2.5,15,20000.0,,Low Risk,Capacity Building and Daily Living Support Review
ACT,9 to 14,Acquired Brain Injury,,500,40000,65,25.0,,20.0,35,15000.0,,Medium Risk,Capacity Building and Daily Living Support Review
ACT,9 to 14,Acquired Brain Injury,,1000,60000,30,8.0,,125.0,70,8000.0,,High Risk,Support Coordination / Plan Management Review
ACT,9 to 14,Hearing Impairment,,200,25000,85,80.0,,2.5,15,20000.0,,Low Risk,Assistive Technology and Communication Support
ACT,9 to 14,Hearing Impairment,,500,40000,65,25.0,,20.0,35,15000.0,,Medium Risk,Assistive Technology and Communication Support
ACT,9 to 14,Hearing Impairment,,1000,60000,30,8.0,,125.0,70,8000.0,,High Risk,Support Coordination / Plan Management Review
ACT,9 to 14,Visual Impairment,,200,25000,85,80.0,,2.5,15,20000.0,,Low Risk,Assistive Technology and Orientation Support
ACT,9 to 14,Visual Impairment,,500,40000,65,25.0,,20.0,35,15000.0,,Medium Risk,Assistive Technology and Orientation Support
ACT,9 to 14,Visual Impairment,,1000,60000,30,8.0,,125.0,70,8000.0,,High Risk,Support Coordination / Plan Management Review
ACT,9 to 14,Neurological Disability,,200,25000,85,80.0,,2.5,15,20000.0,,Low Risk,"Therapy, Assistive Technology, and Daily Living Support Review"
ACT,9 to 14,Neurological Disability,,500,40000,65,25.0,,20.0,35,15000.0,,Medium Risk,"Therapy, Assistive Technology, and Daily Living Support Review"
ACT,9 to 14,Neurological Disability,,1000,60000,30,8.0,,125.0,70,8000.0,,High Risk,Support Coordination / Plan Management Review
ACT,9 to 14,Other / Unknown,,200,25000,85,80.0,,2.5,15,20000.0,,Low Risk,General Core Support Monitoring
ACT,9 to 14,Other / Unknown,,500,40000,65,25.0,,20.0,35,15000.0,,Medium Risk,Plan Utilisation Support
ACT,9 to 14,Other / Unknown,,1000,60000,30,8.0,,125.0,70,8000.0,,High Risk,Support Coordination / Plan Management Review
ACT,15 to 24,Autism,,200,25000,85,80.0,,2.5,15,20000.0,,Low Risk,Capacity Building - Improved Daily Living
ACT,15 to 24,Autism,,500,40000,65,25.0,,20.0,35,15000.0,,Medium Risk,Capacity Building - Improved Daily Living
ACT,15 to 24,Autism,,1000,60000,30,8.0,,125.0,70,8000.0,,High Risk,Support Coordination / Plan Management Review
ACT,15 to 24,Intellectual Disability,,200,25000,85,80.0,,2.5,15,20000.0,,Low Risk,Capacity Building - Social and Community Participation
ACT,15 to 24,Intellectual Disability,,500,40000,65,25.0,,20.0,35,15000.0,,Medium Risk,Capacity Building - Social and Community Participation
ACT,15 to 24,Intellectual Disability,,1000,60000,30,8.0,,125.0,70,8000.0,,High Risk,Support Coordination / Plan Management Review
ACT,15 to 24,Psychosocial Disability,,200,25000,85,80.0,,2.5,15,20000.0,,Low Risk,Psychosocial Recovery and Community Participation
ACT,15 to 24,Psychosocial Disability,,500,40000,65,25.0,,20.0,35,15000.0,,Medium Risk,Psychosocial Recovery and Community Participation
ACT,15 to 24,Psychosocial Disability,,1000,60000,30,8.0,,125.0,70,8000.0,,High Risk,Support Coordination / Plan Management Review
ACT,15 to 24,Physical Disability,,200,25000,85,80.0,,2.5,15,20000.0,,Low Risk,Assistive Technology / Transport Support
ACT,15 to 24,Physical Disability,,500,40000,65,25.0,,20.0,35,15000.0,,Medium Risk,Assistive Technology / Transport Support
ACT,15 to 24,Physical Disability,,1000,60000,30,8.0,,125.0,70,8000.0,,High Risk,Support Coordination / Plan Management Review
ACT,15 to 24,Developmental Delay,,200,25000,85,80.0,,2.5,15,20000.0,,Low Risk,Capacity Building - Improved Daily Living
ACT,15 to 24,Developmental Delay,,500,40000,65,25.0,,20.0,35,15000.0,,Medium Risk,Capacity Building - Improved Daily Living
ACT,15 to 24,Developmental Delay,,1000,60000,30,8.0,,125.0,70,8000.0,,High Risk,Support Coordination / Plan Management Review
ACT,15 to 24,Acquired Brain Injury,,200,25000,85,80.0,,2.5,15,20000.0,,Low Risk,Capacity Building and Daily Living Support Review
ACT,15 to 24,Acquired Brain Injury,,500,40000,65,25.0,,20.0,35,15000.0,,Medium Risk,Capacity Building and Daily Living Support Review
ACT,15 to 24,Acquired Brain Injury,,1000,60000,30,8.0,,125.0,70,8000.0,,High Risk,Support Coordination / Plan Management Review
ACT,15 to 24,Hearing Impairment,,200,25000,85,80.0,,2.5,15,20000.0,,Low Risk,Assistive Technology and Communication Support
ACT,15 to 24,Hearing Impairment,,500,40000,65,25.0,,20.0,35,15000.0,,Medium Risk,Assistive Technology and Communication Support
ACT,15 to 24,Hearing Impairment,,1000,60000,30,8.0,,125.0,70,8000.0,,High Risk,Support Coordination / Plan Management Review
ACT,15 to 24,Visual Impairment,,200,25000,85,80.0,,2.5,15,20000.0,,Low Risk,Assistive Technology and Orientation Support
ACT,15 to 24,Visual Impairment,,500,40000,65,25.0,,20.0,35,15000.0,,Medium Risk,Assistive Technology and Orientation Support
ACT,15 to 24,Visual Impairment,,1000,60000,30,8.0,,125.0,70,8000.0,,High Risk,Support Coordination / Plan Management Review
ACT,15 to 24,Neurological Disability,,200,25000,85,80.0,,2.5,15,20000.0,,Low Risk,"Therapy, Assistive Technology, and Daily Living Support Review"
ACT,15 to 24,Neurological Disability,,500,40000,65,25.0,,20.0,35,15000.0,,Medium Risk,"Therapy, Assistive Technology, and Daily Living Support Review"
ACT,15 to 24,Neurological Disability,,1000,60000,30,8.0,,125.0,70,8000.0,,High Risk,Support Coordination / Plan Management Review
ACT,15 to 24,Other / Unknown,,200,25000,85,80.0,,2.5,15,20000.0,,Low Risk,General Core Support Monitoring
ACT,15 to 24,Other / Unknown,,500,40000,65,25.0,,20.0,35,15000.0,,Medium Risk,Plan Utilisation Support
ACT,15 to 24,Other / Unknown,,1000,60000,30,8.0,,125.0,70,8000.0,,High Risk,Support Coordination / Plan Management Review
ACT,25 to 34,Autism,,200,25000,85,80.0,,2.5,15,20000.0,,Low Risk,Capacity Building - Improved Daily Living
ACT,25 to 34,Autism,,500,40000,65,25.0,,20.0,35,15000.0,,Medium Risk,Capacity Building - Improved Daily Living
ACT,25 to 34,Autism,,1000,60000,30,8.0,,125.0,70,8000.0,,High Risk,Support Coordination / Plan Management Review
ACT,25 to 34,Intellectual Disability,,200,25000,85,80.0,,2.5,15,20000.0,,Low Risk,Capacity Building - Social and Community Participation
ACT,25 to 34,Intellectual Disability,,500,40000,65,25.0,,20.0,35,15000.0,,Medium Risk,Capacity Building - Social and Community Participation
ACT,25 to 34,Intellectual Disability,,1000,60000,30,8.0,,125.0,70,8000.0,,High Risk,Support Coordination / Plan Management Review
ACT,25 to 34,Psychosocial Disability,,200,25000,85,80.0,,2.5,15,20000.0,,Low Risk,Psychosocial Recovery and Community Participation
ACT,25 to 34,Psychosocial Disability,,500,40000,65,25.0,,20.0,35,15000.0,,Medium Risk,Psychosocial Recovery and Community Participation
ACT,25 to 34,Psychosocial Disability,,1000,60000,30,8.0,,125.0,70,8000.0,,High Risk,Support Coordination / Plan Management Review
ACT,25 to 34,Physical Disability,,200,25000,85,80.0,,2.5,15,20000.0,,Low Risk,Assistive Technology / Transport Support
ACT,25 to 34,Physical Disability,,500,40000,65,25.0,,20.0,35,15000.0,,Medium Risk,Assistive Technology / Transport Support
ACT,25 to 34,Physical Disability,,1000,60000,30,8.0,,125.0,70,8000.0,,High Risk,Support Coordination / Plan Management Review
ACT,25 to 34,Developmental Delay,,200,25000,85,80.0,,2.5,15,20000.0,,Low Risk,Capacity Building - Improved Daily Living
ACT,25 to 34,Developmental Delay,,500,40000,65,25.0,,20.0,35,15000.0,,Medium Risk,Capacity Building - Improved Daily Living
ACT,25 to 34,Developmental Delay,,1000,60000,30,8.0,,125.0,70,8000.0,,High Risk,Support Coordination / Plan Management Review
ACT,25 to 34,Acquired Brain Injury,,200,25000,85,80.0,,2.5,15,20000.0,,Low Risk,Capacity Building and Daily Living Support Review
ACT,25 to 34,Acquired Brain Injury,,500,40000,65,25.0,,20.0,35,15000.0,,Medium Risk,Capacity Building and Daily Living Support Review
ACT,25 to 34,Acquired Brain Injury,,1000,60000,30,8.0,,125.0,70,8000.0,,High Risk,Support Coordination / Plan Management Review
ACT,25 to 34,Hearing Impairment,,200,25000,85,80.0,,2.5,15,20000.0,,Low Risk,Assistive Technology and Communication Support
ACT,25 to 34,Hearing Impairment,,500,40000,65,25.0,,20.0,35,15000.0,,Medium Risk,Assistive Technology and Communication Support
ACT,25 to 34,Hearing Impairment,,1000,60000,30,8.0,,125.0,70,8000.0,,High Risk,Support Coordination / Plan Management Review
ACT,25 to 34,Visual Impairment,,200,25000,85,80.0,,2.5,15,20000.0,,Low Risk,Assistive Technology and Orientation Support
ACT,25 to 34,Visual Impairment,,500,40000,65,25.0,,20.0,35,15000.0,,Medium Risk,Assistive Technology and Orientation Support
ACT,25 to 34,Visual Impairment,,1000,60000,30,8.0,,125.0,70,8000.0,,High Risk,Support Coordination / Plan Management Review
ACT,25 to 34,Neurological Disability,,200,25000,85,80.0,,2.5,15,20000.0,,Low Risk,"Therapy, Assistive Technology, and Daily Living Support Review"
ACT,25 to 34,Neurological Disability,,500,40000,65,25.0,,20.0,35,15000.0,,Medium Risk,"Therapy, Assistive Technology, and Daily Living Support Review"
ACT,25 to 34,Neurological Disability,,1000,60000,30,8.0,,125.0,70,8000.0,,High Risk,Support Coordination / Plan Management Review
ACT,25 to 34,Other / Unknown,,200,25000,85,80.0,,2.5,15,20000.0,,Low Risk,General Core Support Monitoring
ACT,25 to 34,Other / Unknown,,500,40000,65,25.0,,20.0,35,15000.0,,Medium Risk,Plan Utilisation Support
ACT,25 to 34,Other / Unknown,,1000,60000,30,8.0,,125.0,70,8000.0,,High Risk,Support Coordination / Plan Management Review
ACT,35 to 44,Autism,,200,25000,85,80.0,,2.5,15,20000.0,,Low Risk,Capacity Building - Improved Daily Living
ACT,35 to 44,Autism,,500,40000,65,25.0,,20.0,35,15000.0,,Medium Risk,Capacity Building - Improved Daily Living
ACT,35 to 44,Autism,,1000,60000,30,8.0,,125.0,70,8000.0,,High Risk,Support Coordination / Plan Management Review
ACT,35 to 44,Intellectual Disability,,200,25000,85,80.0,,2.5,15,20000.0,,Low Risk,Capacity Building - Social and Community Participation
ACT,35 to 44,Intellectual Disability,,500,40000,65,25.0,,20.0,35,15000.0,,Medium Risk,Capacity Building - Social and Community Participation
ACT,35 to 44,Intellectual Disability,,1000,60000,30,8.0,,125.0,70,8000.0,,High Risk,Support Coordination / Plan Management Review
ACT,35 to 44,Psychosocial Disability,,200,25000,85,80.0,,2.5,15,20000.0,,Low Risk,Psychosocial Recovery and Community Participation
ACT,35 to 44,Psychosocial Disability,,500,40000,65,25.0,,20.0,35,15000.0,,Medium Risk,Psychosocial Recovery and Community Participation
ACT,35 to 44,Psychosocial Disability,,1000,60000,30,8.0,,125.0,70,8000.0,,High Risk,Support Coordination / Plan Management Review
ACT,35 to 44,Physical Disability,,200,25000,85,80.0,,2.5,15,20000.0,,Low Risk,Assistive Technology / Transport Support
ACT,35 to 44,Physical Disability,,500,40000,65,25.0,,20.0,35,15000.0,,Medium Risk,Assistive Technology / Transport Support
ACT,35 to 44,Physical Disability,,1000,60000,30,8.0,,125.0,70,8000.0,,High Risk,Support Coordination / Plan Management Review
ACT,35 to 44,Developmental Delay,,200,25000,85,80.0,,2.5,15,20000.0,,Low Risk,Capacity Building - Improved Daily Living
ACT,35 to 44,Developmental Delay,,500,40000,65,25.0,,20.0,35,15000.0,,Medium Risk,Capacity Building - Improved Daily Living
ACT,35 to 44,Developmental Delay,,1000,60000,30,8.0,,125.0,70,8000.0,,High Risk,Support Coordination / Plan Management Review
ACT,35 to 44,Acquired Brain Injury,,200,25000,85,80.0,,2.5,15,20000.0,,Low Risk,Capacity Building and Daily Living Support Review
ACT,35 to 44,Acquired Brain Injury,,500,40000,65,25.0,,20.0,35,15000.0,,Medium Risk,Capacity Building and Daily Living Support Review
ACT,35 to 44,Acquired Brain Injury,,1000,60000,30,8.0,,125.0,70,8000.0,,High Risk,Support Coordination / Plan Management Review
ACT,35 to 44,Hearing Impairment,,200,25000,85,80.0,,2.5,15,20000.0,,Low Risk,Assistive Technology and Communication Support
ACT,35 to 44,Hearing Impairment,,500,40000,65,25.0,,20.0,35,15000.0,,Medium Risk,Assistive Technology and Communication Support
ACT,35 to 44,Hearing Impairment,,1000,60000,30,8.0,,125.0,70,8000.0,,High Risk,Support Coordination / Plan Management Review
ACT,35 to 44,Visual Impairment,,200,25000,85,80.0,,2.5,15,20000.0,,Low Risk,Assistive Technology and Orientation Support
ACT,35 to 44,Visual Impairment,,500,40000,65,25.0,,20.0,35,15000.0,,Medium Risk,Assistive Technology and Orientation Support
ACT,35 to 44,Visual Impairment,,1000,60000,30,8.0,,125.0,70,8000.0,,High Risk,Support Coordination / Plan Management Review
ACT,35 to 44,Neurological Disability,,200,25000,85,80.0,,2.5,15,20000.0,,Low Risk,"Therapy, Assistive Technology, and Daily Living Support Review"
ACT,35 to 44,Neurological Disability,,500,40000,65,25.0,,20.0,35,15000.0,,Medium Risk,"Therapy, Assistive Technology, and Daily Living Support Review"
ACT,35 to 44,Neurological Disability,,1000,60000,30,8.0,,125.0,70,8000.0,,High Risk,Support Coordination / Plan Management Review
ACT,35 to 44,Other / Unknown,,200,25000,85,80.0,,2.5,15,20000.0,,Low Risk,General Core Support Monitoring
ACT,35 to 44,Other / Unknown,,500,40000,65,25.0,,20.0,35,15000.0,,Medium Risk,Plan Utilisation Support
ACT,35 to 44,Other / Unknown,,1000,60000,30,8.0,,125.0,70,8000.0,,High Risk,Support Coordination / Plan Management Review
ACT,45 to 54,Autism,,200,25000,85,80.0,,2.5,15,20000.0,,Low Risk,Capacity Building - Improved Daily Living
ACT,45 to 54,Autism,,500,40000,65,25.0,,20.0,35,15000.0,,Medium Risk,Capacity Building - Improved Daily Living
ACT,45 to 54,Autism,,1000,60000,30,8.0,,125.0,70,8000.0,,High Risk,Support Coordination / Plan Management Review
ACT,45 to 54,Intellectual Disability,,200,25000,85,80.0,,2.5,15,20000.0,,Low Risk,Capacity Building - Social and Community Participation
ACT,45 to 54,Intellectual Disability,,500,40000,65,25.0,,20.0,35,15000.0,,Medium Risk,Capacity Building - Social and Community Participation
ACT,45 to 54,Intellectual Disability,,1000,60000,30,8.0,,125.0,70,8000.0,,High Risk,Support Coordination / Plan Management Review
ACT,45 to 54,Psychosocial Disability,,200,25000,85,80.0,,2.5,15,20000.0,,Low Risk,Psychosocial Recovery and Community Participation
ACT,45 to 54,Psychosocial Disability,,500,40000,65,25.0,,20.0,35,15000.0,,Medium Risk,Psychosocial Recovery and Community Participation
ACT,45 to 54,Psychosocial Disability,,1000,60000,30,8.0,,125.0,70,8000.0,,High Risk,Support Coordination / Plan Management Review
ACT,45 to 54,Physical Disability,,200,25000,85,80.0,,2.5,15,20000.0,,Low Risk,Assistive Technology / Transport Support
ACT,45 to 54,Physical Disability,,500,40000,65,25.0,,20.0,35,15000.0,,Medium Risk,Assistive Technology / Transport Support
ACT,45 to 54,Physical Disability,,1000,60000,30,8.0,,125.0,70,8000.0,,High Risk,Support Coordination / Plan Management Review
ACT,45 to 54,Developmental Delay,,200,25000,85,80.0,,2.5,15,20000.0,,Low Risk,Capacity Building - Improved Daily Living
ACT,45 to 54,Developmental Delay,,500,40000,65,25.0,,20.0,35,15000.0,,Medium Risk,Capacity Building - Improved Daily Living
ACT,45 to 54,Developmental Delay,,1000,60000,30,8.0,,125.0,70,8000.0,,High Risk,Support Coordination / Plan Management Review
ACT,45 to 54,Acquired Brain Injury,,200,25000,85,80.0,,2.5,15,20000.0,,Low Risk,Capacity Building and Daily Living Support Review
ACT,45 to 54,Acquired Brain Injury,,500,40000,65,25.0,,20.0,35,15000.0,,Medium Risk,Capacity Building and Daily Living Support Review
ACT,45 to 54,Acquired Brain Injury,,1000,60000,30,8.0,,125.0,70,8000.0,,High Risk,Support Coordination / Plan Management Review
ACT,45 to 54,Hearing Impairment,,200,25000,85,80.0,,2.5,15,20000.0,,Low Risk,Assistive Technology and Communication Support
ACT,45 to 54,Hearing Impairment,,500,40000,65,25.0,,20.0,35,15000.0,,Medium Risk,Assistive Technology and Communication Support
ACT,45 to 54,Hearing Impairment,,1000,60000,30,8.0,,125.0,70,8000.0,,High Risk,Support Coordination / Plan Management Review
ACT,45 to 54,Visual Impairment,,200,25000,85,80.0,,2.5,15,20000.0,,Low Risk,Assistive Technology and Orientation Support
ACT,45 to 54,Visual Impairment,,500,40000,65,25.0,,20.0,35,15000.0,,Medium Risk,Assistive Technology and Orientation Support
ACT,45 to 54,Visual Impairment,,1000,60000,30,8.0,,125.0,70,8000.0,,High Risk,Support Coordination / Plan Management Review
ACT,45 to 54,Neurological Disability,,200,25000,85,80.0,,2.5,15,20000.0,,Low Risk,"Therapy, Assistive Technology, and Daily Living Support Review"
ACT,45 to 54,Neurological Disability,,500,40000,65,25.0,,20.0,35,15000.0,,Medium Risk,"Therapy, Assistive Technology, and Daily Living Support Review"
ACT,45 to 54,Neurological Disability,,1000,60000,30,8.0,,125.0,70,8000.0,,High Risk,Support Coordination / Plan Management Review
ACT,45 to 54,Other / Unknown,,200,25000,85,80.0,,2.5,15,20000.0,,Low Risk,General Core Support Monitoring
ACT,45 to 54,Other / Unknown,,500,40000,65,25.0,,20.0,35,15000.0,,Medium Risk,Plan Utilisation Support
ACT,45 to 54,Other / Unknown,,1000,60000,30,8.0,,125.0,70,8000.0,,High Risk,Support Coordination / Plan Management Review
ACT,55 to 64,Autism,,200,25000,85,80.0,,2.5,15,20000.0,,Low Risk,Capacity Building - Improved Daily Living
ACT,55 to 64,Autism,,500,40000,65,25.0,,20.0,35,15000.0,,Medium Risk,Capacity Building - Improved Daily Living
ACT,55 to 64,Autism,,1000,60000,30,8.0,,125.0,70,8000.0,,High Risk,Support Coordination / Plan Management Review
ACT,55 to 64,Intellectual Disability,,200,25000,85,80.0,,2.5,15,20000.0,,Low Risk,Capacity Building - Social and Community Participation
ACT,55 to 64,Intellectual Disability,,500,40000,65,25.0,,20.0,35,15000.0,,Medium Risk,Capacity Building - Social and Community Participation
ACT,55 to 64,Intellectual Disability,,1000,60000,30,8.0,,125.0,70,8000.0,,High Risk,Support Coordination / Plan Management Review
ACT,55 to 64,Psychosocial Disability,,200,25000,85,80.0,,2.5,15,20000.0,,Low Risk,Psychosocial Recovery and Community Participation
ACT,55 to 64,Psychosocial Disability,,500,40000,65,25.0,,20.0,35,15000.0,,Medium Risk,Psychosocial Recovery and Community Participation
ACT,55 to 64,Psychosocial Disability,,1000,60000,30,8.0,,125.0,70,8000.0,,High Risk,Support Coordination / Plan Management Review
ACT,55 to 64,Physical Disability,,200,25000,85,80.0,,2.5,15,20000.0,,Low Risk,Assistive Technology / Transport Support
ACT,55 to 64,Physical Disability,,500,40000,65,25.0,,20.0,35,15000.0,,Medium Risk,Assistive Technology / Transport Support
ACT,55 to 64,Physical Disability,,1000,60000,30,8.0,,125.0,70,8000.0,,High Risk,Support Coordination / Plan Management Review
ACT,55 to 64,Developmental Delay,,200,25000,85,80.0,,2.5,15,20000.0,,Low Risk,Capacity Building - Improved Daily Living
ACT,55 to 64,Developmental Delay,,500,40000,65,25.0,,20.0,35,15000.0,,Medium Risk,Capacity Building - Improved Daily Living
ACT,55 to 64,Developmental Delay,,1000,60000,30,8.0,,125.0,70,8000.0,,High Risk,Support Coordination / Plan Management Review
ACT,55 to 64,Acquired Brain Injury,,200,25000,85,80.0,,2.5,15,20000.0,,Low Risk,Capacity Building and Daily Living Support Review
ACT,55 to 64,Acquired Brain Injury,,500,40000,65,25.0,,20.0,35,15000.0,,Medium Risk,Capacity Building and Daily Living Support Review
ACT,55 to 64,Acquired Brain Injury,,1000,60000,30,8.0,,125.0,70,8000.0,,High Risk,Support Coordination / Plan Management Review
ACT,55 to 64,Hearing Impairment,,200,25000,85,80.0,,2.5,15,20000.0,,Low Risk,Assistive Technology and Communication Support
ACT,55 to 64,Hearing Impairment,,500,40000,65,25.0,,20.0,35,15000.0,,Medium Risk,Assistive Technology and Communication Support
ACT,55 to 64,Hearing Impairment,,1000,60000,30,8.0,,125.0,70,8000.0,,High Risk,Support Coordination / Plan Management Review
ACT,55 to 64,Visual Impairment,,200,25000,85,80.0,,2.5,15,20000.0,,Low Risk,Assistive Technology and Orientation Support
ACT,55 to 64,Visual Impairment,,500,40000,65,25.0,,20.0,35,15000.0,,Medium Risk,Assistive Technology and Orientation Support
ACT,55 to 64,Visual Impairment,,1000,60000,30,8.0,,125.0,70,8000.0,,High Risk,Support Coordination / Plan Management Review
ACT,55 to 64,Neurological Disability,,200,25000,85,80.0,,2.5,15,20000.0,,Low Risk,"Therapy, Assistive Technology, and Daily Living Support Review"
ACT,55 to 64,Neurological Disability,,500,40000,65,25.0,,20.0,35,15000.0,,Medium Risk,"Therapy, Assistive Technology, and Daily Living Support Review"
ACT,55 to 64,Neurological Disability,,1000,60000,30,8.0,,125.0,70,8000.0,,High Risk,Support Coordination / Plan Management Review
ACT,55 to 64,Other / Unknown,,200,25000,85,80.0,,2.5,15,20000.0,,Low Risk,General Core Support Monitoring
ACT,55 to 64,Other / Unknown,,500,40000,65,25.0,,20.0,35,15000.0,,Medium Risk,Plan Utilisation Support
ACT,55 to 64,Other / Unknown,,1000,60000,30,8.0,,125.0,70,8000.0,,High Risk,Support Coordination / Plan Management Review
NT,0 to 8,Autism,,200,25000,85,80.0,,2.5,15,20000.0,,Low Risk,Capacity Building - Improved Daily Living
NT,0 to 8,Autism,,500,40000,65,25.0,,20.0,35,15000.0,,Medium Risk,Capacity Building - Improved Daily Living
NT,0 to 8,Autism,,1000,60000,30,8.0,,125.0,70,8000.0,,High Risk,Support Coordination / Plan Management Review
NT,0 to 8,Intellectual Disability,,200,25000,85,80.0,,2.5,15,20000.0,,Low Risk,Capacity Building - Social and Community Participation
NT,0 to 8,Intellectual Disability,,500,40000,65,25.0,,20.0,35,15000.0,,Medium Risk,Capacity Building - Social and Community Participation
NT,0 to 8,Intellectual Disability,,1000,60000,30,8.0,,125.0,70,8000.0,,High Risk,Support Coordination / Plan Management Review
NT,0 to 8,Psychosocial Disability,,200,25000,85,80.0,,2.5,15,20000.0,,Low Risk,Psychosocial Recovery and Community Participation
NT,0 to 8,Psychosocial Disability,,500,40000,65,25.0,,20.0,35,15000.0,,Medium Risk,Psychosocial Recovery and Community Participation
NT,0 to 8,Psychosocial Disability,,1000,60000,30,8.0,,125.0,70,8000.0,,High Risk,Support Coordination / Plan Management Review
NT,0 to 8,Physical Disability,,200,25000,85,80.0,,2.5,15,20000.0,,Low Risk,Assistive Technology / Transport Support
NT,0 to 8,Physical Disability,,500,40000,65,25.0,,20.0,35,15000.0,,Medium Risk,Assistive Technology / Transport Support
NT,0 to 8,Physical Disability,,1000,60000,30,8.0,,125.0,70,8000.0,,High Risk,Support Coordination / Plan Management Review
NT,0 to 8,Developmental Delay,,200,25000,85,80.0,,2.5,15,20000.0,,Low Risk,Capacity Building - Improved Daily Living
NT,0 to 8,Developmental Delay,,500,40000,65,25.0,,20.0,35,15000.0,,Medium Risk,Capacity Building - Improved Daily Living
NT,0 to 8,Developmental Delay,,1000,60000,30,8.0,,125.0,70,8000.0,,High Risk,Support Coordination / Plan Management Review
NT,0 to 8,Acquired Brain Injury,,200,25000,85,80.0,,2.5,15,20000.0,,Low Risk,Capacity Building and Daily Living Support Review
NT,0 to 8,Acquired Brain Injury,,500,40000,65,25.0,,20.0,35,15000.0,,Medium Risk,Capacity Building and Daily Living Support Review
NT,0 to 8,Acquired Brain Injury,,1000,60000,30,8.0,,125.0,70,8000.0,,High Risk,Support Coordination / Plan Management Review
NT,0 to 8,Hearing Impairment,,200,25000,85,80.0,,2.5,15,20000.0,,Low Risk,Assistive Technology and Communication Support
NT,0 to 8,Hearing Impairment,,500,40000,65,25.0,,20.0,35,15000.0,,Medium Risk,Assistive Technology and Communication Support
NT,0 to 8,Hearing Impairment,,1000,60000,30,8.0,,125.0,70,8000.0,,High Risk,Support Coordination / Plan Management Review
NT,0 to 8,Visual Impairment,,200,25000,85,80.0,,2.5,15,20000.0,,Low Risk,Assistive Technology and Orientation Support
NT,0 to 8,Visual Impairment,,500,40000,65,25.0,,20.0,35,15000.0,,Medium Risk,Assistive Technology and Orientation Support
NT,0 to 8,Visual Impairment,,1000,60000,30,8.0,,125.0,70,8000.0,,High Risk,Support Coordination / Plan Management Review
NT,0 to 8,Neurological Disability,,200,25000,85,80.0,,2.5,15,20000.0,,Low Risk,"Therapy, Assistive Technology, and Daily Living Support Review"
NT,0 to 8,Neurological Disability,,500,40000,65,25.0,,20.0,35,15000.0,,Medium Risk,"Therapy, Assistive Technology, and Daily Living Support Review"
NT,0 to 8,Neurological Disability,,1000,60000,30,8.0,,125.0,70,8000.0,,High Risk,Support Coordination / Plan Management Review
NT,0 to 8,Other / Unknown,,200,25000,85,80.0,,2.5,15,20000.0,,Low Risk,General Core Support Monitoring
NT,0 to 8,Other / Unknown,,500,40000,65,25.0,,20.0,35,15000.0,,Medium Risk,Plan Utilisation Support
NT,0 to 8,Other / Unknown,,1000,60000,30,8.0,,125.0,70,8000.0,,High Risk,Support Coordination / Plan Management Review
NT,9 to 14,Autism,,200,25000,85,80.0,,2.5,15,20000.0,,Low Risk,Capacity Building - Improved Daily Living
NT,9 to 14,Autism,,500,40000,65,25.0,,20.0,35,15000.0,,Medium Risk,Capacity Building - Improved Daily Living
NT,9 to 14,Autism,,1000,60000,30,8.0,,125.0,70,8000.0,,High Risk,Support Coordination / Plan Management Review
NT,9 to 14,Intellectual Disability,,200,25000,85,80.0,,2.5,15,20000.0,,Low Risk,Capacity Building - Social and Community Participation
NT,9 to 14,Intellectual Disability,,500,40000,65,25.0,,20.0,35,15000.0,,Medium Risk,Capacity Building - Social and Community Participation
NT,9 to 14,Intellectual Disability,,1000,60000,30,8.0,,125.0,70,8000.0,,High Risk,Support Coordination / Plan Management Review
NT,9 to 14,Psychosocial Disability,,200,25000,85,80.0,,2.5,15,20000.0,,Low Risk,Psychosocial Recovery and Community Participation
NT,9 to 14,Psychosocial Disability,,500,40000,65,25.0,,20.0,35,15000.0,,Medium Risk,Psychosocial Recovery and Community Participation
NT,9 to 14,Psychosocial Disability,,1000,60000,30,8.0,,125.0,70,8000.0,,High Risk,Support Coordination / Plan Management Review
NT,9 to 14,Physical Disability,,200,25000,85,80.0,,2.5,15,20000.0,,Low Risk,Assistive Technology / Transport Support
NT,9 to 14,Physical Disability,,500,40000,65,25.0,,20.0,35,15000.0,,Medium Risk,Assistive Technology / Transport Support
NT,9 to 14,Physical Disability,,1000,60000,30,8.0,,125.0,70,8000.0,,High Risk,Support Coordination / Plan Management Review
NT,9 to 14,Developmental Delay,,200,25000,85,80.0,,2.5,15,20000.0,,Low Risk,Capacity Building - Improved Daily Living
NT,9 to 14,Developmental Delay,,500,40000,65,25.0,,20.0,35,15000.0,,Medium Risk,Capacity Building - Improved Daily Living
NT,9 to 14,Developmental Delay,,1000,60000,30,8.0,,125.0,70,8000.0,,High Risk,Support Coordination / Plan Management Review
NT,9 to 14,Acquired Brain Injury,,200,25000,85,80.0,,2.5,15,20000.0,,Low Risk,Capacity Building and Daily Living Support Review
NT,9 to 14,Acquired Brain Injury,,500,40000,65,25.0,,20.0,35,15000.0,,Medium Risk,Capacity Building and Daily Living Support Review
NT,9 to 14,Acquired Brain Injury,,1000,60000,30,8.0,,125.0,70,8000.0,,High Risk,Support Coordination / Plan Management Review
NT,9 to 14,Hearing Impairment,,200,25000,85,80.0,,2.5,15,20000.0,,Low Risk,Assistive Technology and Communication Support
NT,9 to 14,Hearing Impairment,,500,40000,65,25.0,,20.0,35,15000.0,,Medium Risk,Assistive Technology and Communication Support
NT,9 to 14,Hearing Impairment,,1000,60000,30,8.0,,125.0,70,8000.0,,High Risk,Support Coordination / Plan Management Review
NT,9 to 14,Visual Impairment,,200,25000,85,80.0,,2.5,15,20000.0,,Low Risk,Assistive Technology and Orientation Support
NT,9 to 14,Visual Impairment,,500,40000,65,25.0,,20.0,35,15000.0,,Medium Risk,Assistive Technology and Orientation Support
NT,9 to 14,Visual Impairment,,1000,60000,30,8.0,,125.0,70,8000.0,,High Risk,Support Coordination / Plan Management Review
NT,9 to 14,Neurological Disability,,200,25000,85,80.0,,2.5,15,20000.0,,Low Risk,"Therapy, Assistive Technology, and Daily Living Support Review"
NT,9 to 14,Neurological Disability,,500,40000,65,25.0,,20.0,35,15000.0,,Medium Risk,"Therapy, Assistive Technology, and Daily Living Support Review"
NT,9 to 14,Neurological Disability,,1000,60000,30,8.0,,125.0,70,8000.0,,High Risk,Support Coordination / Plan Management Review
NT,9 to 14,Other / Unknown,,200,25000,85,80.0,,2.5,15,20000.0,,Low Risk,General Core Support Monitoring
NT,9 to 14,Other / Unknown,,500,40000,65,25.0,,20.0,35,15000.0,,Medium Risk,Plan Utilisation Support
NT,9 to 14,Other / Unknown,,1000,60000,30,8.0,,125.0,70,8000.0,,High Risk,Support Coordination / Plan Management Review
NT,15 to 24,Autism,,200,25000,85,80.0,,2.5,15,20000.0,,Low Risk,Capacity Building - Improved Daily Living
NT,15 to 24,Autism,,500,40000,65,25.0,,20.0,35,15000.0,,Medium Risk,Capacity Building - Improved Daily Living
NT,15 to 24,Autism,,1000,60000,30,8.0,,125.0,70,8000.0,,High Risk,Support Coordination / Plan Management Review
NT,15 to 24,Intellectual Disability,,200,25000,85,80.0,,2.5,15,20000.0,,Low Risk,Capacity Building - Social and Community Participation
NT,15 to 24,Intellectual Disability,,500,40000,65,25.0,,20.0,35,15000.0,,Medium Risk,Capacity Building - Social and Community Participation
NT,15 to 24,Intellectual Disability,,1000,60000,30,8.0,,125.0,70,8000.0,,High Risk,Support Coordination / Plan Management Review
NT,15 to 24,Psychosocial Disability,,200,25000,85,80.0,,2.5,15,20000.0,,Low Risk,Psychosocial Recovery and Community Participation
NT,15 to 24,Psychosocial Disability,,500,40000,65,25.0,,20.0,35,15000.0,,Medium Risk,Psychosocial Recovery and Community Participation
NT,15 to 24,Psychosocial Disability,,1000,60000,30,8.0,,125.0,70,8000.0,,High Risk,Support Coordination / Plan Management Review
NT,15 to 24,Physical Disability,,200,25000,85,80.0,,2.5,15,20000.0,,Low Risk,Assistive Technology / Transport Support
NT,15 to 24,Physical Disability,,500,40000,65,25.0,,20.0,35,15000.0,,Medium Risk,Assistive Technology / Transport Support
NT,15 to 24,Physical Disability,,1000,60000,30,8.0,,125.0,70,8000.0,,High Risk,Support Coordination / Plan Management Review
NT,15 to 24,Developmental Delay,,200,25000,85,80.0,,2.5,15,20000.0,,Low Risk,Capacity Building - Improved Daily Living
NT,15 to 24,Developmental Delay,,500,40000,65,25.0,,20.0,35,15000.0,,Medium Risk,Capacity Building - Improved Daily Living
NT,15 to 24,Developmental Delay,,1000,60000,30,8.0,,125.0,70,8000.0,,High Risk,Support Coordination / Plan Management Review
NT,15 to 24,Acquired Brain Injury,,200,25000,85,80.0,,2.5,15,20000.0,,Low Risk,Capacity Building and Daily Living Support Review
NT,15 to 24,Acquired Brain Injury,,500,40000,65,25.0,,20.0,35,15000.0,,Medium Risk,Capacity Building and Daily Living Support Review
NT,15 to 24,Acquired Brain Injury,,1000,60000,30,8.0,,125.0,70,8000.0,,High Risk,Support Coordination / Plan Management Review
NT,15 to 24,Hearing Impairment,,200,25000,85,80.0,,2.5,15,20000.0,,Low Risk,Assistive Technology and Communication Support
NT,15 to 24,Hearing Impairment,,500,40000,65,25.0,,20.0,35,15000.0,,Medium Risk,Assistive Technology and Communication Support
NT,15 to 24,Hearing Impairment,,1000,60000,30,8.0,,125.0,70,8000.0,,High Risk,Support Coordination / Plan Management Review
NT,15 to 24,Visual Impairment,,200,25000,85,80.0,,2.5,15,20000.0,,Low Risk,Assistive Technology and Orientation Support
NT,15 to 24,Visual Impairment,,500,40000,65,25.0,,20.0,35,15000.0,,Medium Risk,Assistive Technology and Orientation Support
NT,15 to 24,Visual Impairment,,1000,60000,30,8.0,,125.0,70,8000.0,,High Risk,Support Coordination / Plan Management Review
NT,15 to 24,Neurological Disability,,200,25000,85,80.0,,2.5,15,20000.0,,Low Risk,"Therapy, Assistive Technology, and Daily Living Support Review"
NT,15 to 24,Neurological Disability,,500,40000,65,25.0,,20.0,35,15000.0,,Medium Risk,"Therapy, Assistive Technology, and Daily Living Support Review"
NT,15 to 24,Neurological Disability,,1000,60000,30,8.0,,125.0,70,8000.0,,High Risk,Support Coordination / Plan Management Review
NT,15 to 24,Other / Unknown,,200,25000,85,80.0,,2.5,15,20000.0,,Low Risk,General Core Support Monitoring
NT,15 to 24,Other / Unknown,,500,40000,65,25.0,,20.0,35,15000.0,,Medium Risk,Plan Utilisation Support
NT,15 to 24,Other / Unknown,,1000,60000,30,8.0,,125.0,70,8000.0,,High Risk,Support Coordination / Plan Management Review
NT,25 to 34,Autism,,200,25000,85,80.0,,2.5,15,20000.0,,Low Risk,Capacity Building - Improved Daily Living
NT,25 to 34,Autism,,500,40000,65,25.0,,20.0,35,15000.0,,Medium Risk,Capacity Building - Improved Daily Living
NT,25 to 34,Autism,,1000,60000,30,8.0,,125.0,70,8000.0,,High Risk,Support Coordination / Plan Management Review
NT,25 to 34,Intellectual Disability,,200,25000,85,80.0,,2.5,15,20000.0,,Low Risk,Capacity Building - Social and Community Participation
NT,25 to 34,Intellectual Disability,,500,40000,65,25.0,,20.0,35,15000.0,,Medium Risk,Capacity Building - Social and Community Participation
NT,25 to 34,Intellectual Disability,,1000,60000,30,8.0,,125.0,70,8000.0,,High Risk,Support Coordination / Plan Management Review
NT,25 to 34,Psychosocial Disability,,200,25000,85,80.0,,2.5,15,20000.0,,Low Risk,Psychosocial Recovery and Community Participation
NT,25 to 34,Psychosocial Disability,,500,40000,65,25.0,,20.0,35,15000.0,,Medium Risk,Psychosocial Recovery and Community Participation
NT,25 to 34,Psychosocial Disability,,1000,60000,30,8.0,,125.0,70,8000.0,,High Risk,Support Coordination / Plan Management Review
NT,25 to 34,Physical Disability,,200,25000,85,80.0,,2.5,15,20000.0,,Low Risk,Assistive Technology / Transport Support
NT,25 to 34,Physical Disability,,500,40000,65,25.0,,20.0,35,15000.0,,Medium Risk,Assistive Technology / Transport Support
NT,25 to 34,Physical Disability,,1000,60000,30,8.0,,125.0,70,8000.0,,High Risk,Support Coordination / Plan Management Review
NT,25 to 34,Developmental Delay,,200,25000,85,80.0,,2.5,15,20000.0,,Low Risk,Capacity Building - Improved Daily Living
NT,25 to 34,Developmental Delay,,500,40000,65,25.0,,20.0,35,15000.0,,Medium Risk,Capacity Building - Improved Daily Living
NT,25 to 34,Developmental Delay,,1000,60000,30,8.0,,125.0,70,8000.0,,High Risk,Support Coordination / Plan Management Review
NT,25 to 34,Acquired Brain Injury,,200,25000,85,80.0,,2.5,15,20000.0,,Low Risk,Capacity Building and Daily Living Support Review
NT,25 to 34,Acquired Brain Injury,,500,40000,65,25.0,,20.0,35,15000.0,,Medium Risk,Capacity Building and Daily Living Support Review
NT,25 to 34,Acquired Brain Injury,,1000,60000,30,8.0,,125.0,70,8000.0,,High Risk,Support Coordination / Plan Management Review
NT,25 to 34,Hearing Impairment,,200,25000,85,80.0,,2.5,15,20000.0,,Low Risk,Assistive Technology and Communication Support
NT,25 to 34,Hearing Impairment,,500,40000,65,25.0,,20.0,35,15000.0,,Medium Risk,Assistive Technology and Communication Support
NT,25 to 34,Hearing Impairment,,1000,60000,30,8.0,,125.0,70,8000.0,,High Risk,Support Coordination / Plan Management Review
NT,25 to 34,Visual Impairment,,200,25000,85,80.0,,2.5,15,20000.0,,Low Risk,Assistive Technology and Orientation Support
NT,25 to 34,Visual Impairment,,500,40000,65,25.0,,20.0,35,15000.0,,Medium Risk,Assistive Technology and Orientation Support
NT,25 to 34,Visual Impairment,,1000,60000,30,8.0,,125.0,70,8000.0,,High Risk,Support Coordination / Plan Management Review
NT,25 to 34,Neurological Disability,,200,25000,85,80.0,,2.5,15,20000.0,,Low Risk,"Therapy, Assistive Technology, and Daily Living Support Review"
NT,25 to 34,Neurological Disability,,500,40000,65,25.0,,20.0,35,15000.0,,Medium Risk,"Therapy, Assistive Technology, and Daily Living Support Review"
NT,25 to 34,Neurological Disability,,1000,60000,30,8.0,,125.0,70,8000.0,,High Risk,Support Coordination / Plan Management Review
NT,25 to 34,Other / Unknown,,200,25000,85,80.0,,2.5,15,20000.0,,Low Risk,General Core Support Monitoring
NT,25 to 34,Other / Unknown,,500,40000,65,25.0,,20.0,35,15000.0,,Medium Risk,Plan Utilisation Support
NT,25 to 34,Other / Unknown,,1000,60000,30,8.0,,125.0,70,8000.0,,High Risk,Support Coordination / Plan Management Review
NT,35 to 44,Autism,,200,25000,85,80.0,,2.5,15,20000.0,,Low Risk,Capacity Building - Improved Daily Living
NT,35 to 44,Autism,,500,40000,65,25.0,,20.0,35,15000.0,,Medium Risk,Capacity Building - Improved Daily Living
NT,35 to 44,Autism,,1000,60000,30,8.0,,125.0,70,8000.0,,High Risk,Support Coordination / Plan Management Review
NT,35 to 44,Intellectual Disability,,200,25000,85,80.0,,2.5,15,20000.0,,Low Risk,Capacity Building - Social and Community Participation
NT,35 to 44,Intellectual Disability,,500,40000,65,25.0,,20.0,35,15000.0,,Medium Risk,Capacity Building - Social and Community Participation
NT,35 to 44,Intellectual Disability,,1000,60000,30,8.0,,125.0,70,8000.0,,High Risk,Support Coordination / Plan Management Review
NT,35 to 44,Psychosocial Disability,,200,25000,85,80.0,,2.5,15,20000.0,,Low Risk,Psychosocial Recovery and Community Participation
NT,35 to 44,Psychosocial Disability,,500,40000,65,25.0,,20.0,35,15000.0,,Medium Risk,Psychosocial Recovery and Community Participation
NT,35 to 44,Psychosocial Disability,,1000,60000,30,8.0,,125.0,70,8000.0,,High Risk,Support Coordination / Plan Management Review
NT,35 to 44,Physical Disability,,200,25000,85,80.0,,2.5,15,20000.0,,Low Risk,Assistive Technology / Transport Support
NT,35 to 44,Physical Disability,,500,40000,65,25.0,,20.0,35,15000.0,,Medium Risk,Assistive Technology / Transport Support
NT,35 to 44,Physical Disability,,1000,60000,30,8.0,,125.0,70,8000.0,,High Risk,Support Coordination / Plan Management Review
NT,35 to 44,Developmental Delay,,200,25000,85,80.0,,2.5,15,20000.0,,Low Risk,Capacity Building - Improved Daily Living
NT,35 to 44,Developmental Delay,,500,40000,65,25.0,,20.0,35,15000.0,,Medium Risk,Capacity Building - Improved Daily Living
NT,35 to 44,Developmental Delay,,1000,60000,30,8.0,,125.0,70,8000.0,,High Risk,Support Coordination / Plan Management Review
NT,35 to 44,Acquired Brain Injury,,200,25000,85,80.0,,2.5,15,20000.0,,Low Risk,Capacity Building and Daily Living Support Review
NT,35 to 44,Acquired Brain Injury,,500,40000,65,25.0,,20.0,35,15000.0,,Medium Risk,Capacity Building and Daily Living Support Review
NT,35 to 44,Acquired Brain Injury,,1000,60000,30,8.0,,125.0,70,8000.0,,High Risk,Support Coordination / Plan Management Review
NT,35 to 44,Hearing Impairment,,200,25000,85,80.0,,2.5,15,20000.0,,Low Risk,Assistive Technology and Communication Support
NT,35 to 44,Hearing Impairment,,500,40000,65,25.0,,20.0,35,15000.0,,Medium Risk,Assistive Technology and Communication Support
NT,35 to 44,Hearing Impairment,,1000,60000,30,8.0,,125.0,70,8000.0,,High Risk,Support Coordination / Plan Management Review
NT,35 to 44,Visual Impairment,,200,25000,85,80.0,,2.5,15,20000.0,,Low Risk,Assistive Technology and Orientation Support
NT,35 to 44,Visual Impairment,,500,40000,65,25.0,,20.0,35,15000.0,,Medium Risk,Assistive Technology and Orientation Support
NT,35 to 44,Visual Impairment,,1000,60000,30,8.0,,125.0,70,8000.0,,High Risk,Support Coordination / Plan Management Review
NT,35 to 44,Neurological Disability,,200,25000,85,80.0,,2.5,15,20000.0,,Low Risk,"Therapy, Assistive Technology, and Daily Living Support Review"
NT,35 to 44,Neurological Disability,,500,40000,65,25.0,,20.0,35,15000.0,,Medium Risk,"Therapy, Assistive Technology, and Daily Living Support Review"
NT,35 to 44,Neurological Disability,,1000,60000,30,8.0,,125.0,70,8000.0,,High Risk,Support Coordination / Plan Management Review
NT,35 to 44,Other / Unknown,,200,25000,85,80.0,,2.5,15,20000.0,,Low Risk,General Core Support Monitoring
NT,35 to 44,Other / Unknown,,500,40000,65,25.0,,20.0,35,15000.0,,Medium Risk,Plan Utilisation Support
NT,35 to 44,Other / Unknown,,1000,60000,30,8.0,,125.0,70,8000.0,,High Risk,Support Coordination / Plan Management Review
NT,45 to 54,Autism,,200,25000,85,80.0,,2.5,15,20000.0,,Low Risk,Capacity Building - Improved Daily Living
NT,45 to 54,Autism,,500,40000,65,25.0,,20.0,35,15000.0,,Medium Risk,Capacity Building - Improved Daily Living
NT,45 to 54,Autism,,1000,60000,30,8.0,,125.0,70,8000.0,,High Risk,Support Coordination / Plan Management Review
NT,45 to 54,Intellectual Disability,,200,25000,85,80.0,,2.5,15,20000.0,,Low Risk,Capacity Building - Social and Community Participation
NT,45 to 54,Intellectual Disability,,500,40000,65,25.0,,20.0,35,15000.0,,Medium Risk,Capacity Building - Social and Community Participation
NT,45 to 54,Intellectual Disability,,1000,60000,30,8.0,,125.0,70,8000.0,,High Risk,Support Coordination / Plan Management Review
NT,45 to 54,Psychosocial Disability,,200,25000,85,80.0,,2.5,15,20000.0,,Low Risk,Psychosocial Recovery and Community Participation
NT,45 to 54,Psychosocial Disability,,500,40000,65,25.0,,20.0,35,15000.0,,Medium Risk,Psychosocial Recovery and Community Participation
NT,45 to 54,Psychosocial Disability,,1000,60000,30,8.0,,125.0,70,8000.0,,High Risk,Support Coordination / Plan Management Review
NT,45 to 54,Physical Disability,,200,25000,85,80.0,,2.5,15,20000.0,,Low Risk,Assistive Technology / Transport Support
NT,45 to 54,Physical Disability,,500,40000,65,25.0,,20.0,35,15000.0,,Medium Risk,Assistive Technology / Transport Support
NT,45 to 54,Physical Disability,,1000,60000,30,8.0,,125.0,70,8000.0,,High Risk,Support Coordination / Plan Management Review
NT,45 to 54,Developmental Delay,,200,25000,85,80.0,,2.5,15,20000.0,,Low Risk,Capacity Building - Improved Daily Living
NT,45 to 54,Developmental Delay,,500,40000,65,25.0,,20.0,35,15000.0,,Medium Risk,Capacity Building - Improved Daily Living
NT,45 to 54,Developmental Delay,,1000,60000,30,8.0,,125.0,70,8000.0,,High Risk,Support Coordination / Plan Management Review
NT,45 to 54,Acquired Brain Injury,,200,25000,85,80.0,,2.5,15,20000.0,,Low Risk,Capacity Building and Daily Living Support Review
NT,45 to 54,Acquired Brain Injury,,500,40000,65,25.0,,20.0,35,15000.0,,Medium Risk,Capacity Building and Daily Living Support Review
NT,45 to 54,Acquired Brain Injury,,1000,60000,30,8.0,,125.0,70,8000.0,,High Risk,Support Coordination / Plan Management Review
NT,45 to 54,Hearing Impairment,,200,25000,85,80.0,,2.5,15,20000.0,,Low Risk,Assistive Technology and Communication Support
NT,45 to 54,Hearing Impairment,,500,40000,65,25.0,,20.0,35,15000.0,,Medium Risk,Assistive Technology and Communication Support
NT,45 to 54,Hearing Impairment,,1000,60000,30,8.0,,125.0,70,8000.0,,High Risk,Support Coordination / Plan Management Review
NT,45 to 54,Visual Impairment,,200,25000,85,80.0,,2.5,15,20000.0,,Low Risk,Assistive Technology and Orientation Support
NT,45 to 54,Visual Impairment,,500,40000,65,25.0,,20.0,35,15000.0,,Medium Risk,Assistive Technology and Orientation Support
NT,45 to 54,Visual Impairment,,1000,60000,30,8.0,,125.0,70,8000.0,,High Risk,Support Coordination / Plan Management Review
NT,45 to 54,Neurological Disability,,200,25000,85,80.0,,2.5,15,20000.0,,Low Risk,"Therapy, Assistive Technology, and Daily Living Support Review"
NT,45 to 54,Neurological Disability,,500,40000,65,25.0,,20.0,35,15000.0,,Medium Risk,"Therapy, Assistive Technology, and Daily Living Support Review"
NT,45 to 54,Neurological Disability,,1000,60000,30,8.0,,125.0,70,8000.0,,High Risk,Support Coordination / Plan Management Review
NT,45 to 54,Other / Unknown,,200,25000,85,80.0,,2.5,15,20000.0,,Low Risk,General Core Support Monitoring
NT,45 to 54,Other / Unknown,,500,40000,65,25.0,,20.0,35,15000.0,,Medium Risk,Plan Utilisation Support
NT,45 to 54,Other / Unknown,,1000,60000,30,8.0,,125.0,70,8000.0,,High Risk,Support Coordination / Plan Management Review
NT,55 to 64,Autism,,200,25000,85,80.0,,2.5,15,20000.0,,Low Risk,Capacity Building - Improved Daily Living
NT,55 to 64,Autism,,500,40000,65,25.0,,20.0,35,15000.0,,Medium Risk,Capacity Building - Improved Daily Living
NT,55 to 64,Autism,,1000,60000,30,8.0,,125.0,70,8000.0,,High Risk,Support Coordination / Plan Management Review
NT,55 to 64,Intellectual Disability,,200,25000,85,80.0,,2.5,15,20000.0,,Low Risk,Capacity Building - Social and Community Participation
NT,55 to 64,Intellectual Disability,,500,40000,65,25.0,,20.0,35,15000.0,,Medium Risk,Capacity Building - Social and Community Participation
NT,55 to 64,Intellectual Disability,,1000,60000,30,8.0,,125.0,70,8000.0,,High Risk,Support Coordination / Plan Management Review
NT,55 to 64,Psychosocial Disability,,200,25000,85,80.0,,2.5,15,20000.0,,Low Risk,Psychosocial Recovery and Community Participation
NT,55 to 64,Psychosocial Disability,,500,40000,65,25.0,,20.0,35,15000.0,,Medium Risk,Psychosocial Recovery and Community Participation
NT,55 to 64,Psychosocial Disability,,1000,60000,30,8.0,,125.0,70,8000.0,,High Risk,Support Coordination / Plan Management Review
NT,55 to 64,Physical Disability,,200,25000,85,80.0,,2.5,15,20000.0,,Low Risk,Assistive Technology / Transport Support
NT,55 to 64,Physical Disability,,500,40000,65,25.0,,20.0,35,15000.0,,Medium Risk,Assistive Technology / Transport Support
NT,55 to 64,Physical Disability,,1000,60000,30,8.0,,125.0,70,8000.0,,High Risk,Support Coordination / Plan Management Review
NT,55 to 64,Developmental Delay,,200,25000,85,80.0,,2.5,15,20000.0,,Low Risk,Capacity Building - Improved Daily Living
NT,55 to 64,Developmental Delay,,500,40000,65,25.0,,20.0,35,15000.0,,Medium Risk,Capacity Building - Improved Daily Living
NT,55 to 64,Developmental Delay,,1000,60000,30,8.0,,125.0,70,8000.0,,High Risk,Support Coordination / Plan Management Review
NT,55 to 64,Acquired Brain Injury,,200,25000,85,80.0,,2.5,15,20000.0,,Low Risk,Capacity Building and Daily Living Support Review
NT,55 to 64,Acquired Brain Injury,,500,40000,65,25.0,,20.0,35,15000.0,,Medium Risk,Capacity Building and Daily Living Support Review
NT,55 to 64,Acquired Brain Injury,,1000,60000,30,8.0,,125.0,70,8000.0,,High Risk,Support Coordination / Plan Management Review
NT,55 to 64,Hearing Impairment,,200,25000,85,80.0,,2.5,15,20000.0,,Low Risk,Assistive Technology and Communication Support
NT,55 to 64,Hearing Impairment,,500,40000,65,25.0,,20.0,35,15000.0,,Medium Risk,Assistive Technology and Communication Support
NT,55 to 64,Hearing Impairment,,1000,60000,30,8.0,,125.0,70,8000.0,,High Risk,Support Coordination / Plan Management Review
NT,55 to 64,Visual Impairment,,200,25000,85,80.0,,2.5,15,20000.0,,Low Risk,Assistive Technology and Orientation Support
NT,55 to 64,Visual Impairment,,500,40000,65,25.0,,20.0,35,15000.0,,Medium Risk,Assistive Technology and Orientation Support
NT,55 to 64,Visual Impairment,,1000,60000,30,8.0,,125.0,70,8000.0,,High Risk,Support Coordination / Plan Management Review
NT,55 to 64,Neurological Disability,,200,25000,85,80.0,,2.5,15,20000.0,,Low Risk,"Therapy, Assistive Technology, and Daily Living Support Review"
NT,55 to 64,Neurological Disability,,500,40000,65,25.0,,20.0,35,15000.0,,Medium Risk,"Therapy, Assistive Technology, and Daily Living Support Review"
NT,55 to 64,Neurological Disability,,1000,60000,30,8.0,,125.0,70,8000.0,,High Risk,Support Coordination / Plan Management Review
NT,55 to 64,Other / Unknown,,200,25000,85,80.0,,2.5,15,20000.0,,Low Risk,General Core Support Monitoring
NT,55 to 64,Other / Unknown,,500,40000,65,25.0,,20.0,35,15000.0,,Medium Risk,Plan Utilisation Support
NT,55 to 64,Other / Unknown,,1000,60000,30,8.0,,125.0,70,8000.0,,High Risk,Support Coordination / Plan Management Review
